time,event,plane_id,plane_cat,passenger_id,queue_len,scanner,door,gate,info
0.0,sim_start,,,,,,,,"cwd=C:\Users\karon\Documents\Code\Symulacja-dyskretna-krokowa, utils=C:\Users\karon\Documents\Code\Symulacja-dyskretna-krokowa\utils.py"
19.0,plane_arrive,1,2,,0,1,1,1,air_q=1
19.0,landing_start,1,2,,0,1,1,1,landing_time=5
24.0,landing_end,1,2,,0,1,1,1,pad_q=1
25.0,plane_arrive,2,2,,0,1,1,1,air_q=1
31.0,unload_end,1,2,,0,1,1,1,
31.0,passengers_spawned,1,2,,0,1,1,1,count=41
31.0,passenger_queue_arrival,,,1,1,1,1,1,
31.0,passenger_queue_arrival,,,2,2,1,1,1,
31.0,passenger_queue_arrival,,,3,3,1,1,1,
31.0,passenger_queue_arrival,,,4,4,1,1,1,
31.0,passenger_queue_arrival,,,5,5,1,1,1,
31.0,passenger_queue_arrival,,,6,6,1,1,1,
31.0,passenger_queue_arrival,,,7,7,1,1,1,
31.0,passenger_queue_arrival,,,8,8,1,1,1,
31.0,passenger_queue_arrival,,,9,9,1,1,1,
31.0,passenger_queue_arrival,,,10,10,1,1,1,
31.0,passenger_queue_arrival,,,11,11,1,1,1,
31.0,passenger_queue_arrival,,,12,12,1,1,1,
31.0,passenger_queue_arrival,,,13,13,1,1,1,
31.0,passenger_queue_arrival,,,14,14,1,1,1,
31.0,passenger_queue_arrival,,,15,15,1,1,1,
31.0,passenger_queue_arrival,,,16,16,1,1,1,
31.0,passenger_queue_arrival,,,17,17,1,1,1,
31.0,passenger_queue_arrival,,,18,18,1,1,1,
31.0,passenger_queue_arrival,,,19,19,1,1,1,
31.0,passenger_queue_arrival,,,20,20,1,1,1,
31.0,passenger_queue_arrival,,,21,21,1,1,1,
31.0,passenger_queue_arrival,,,22,22,1,1,1,
31.0,passenger_queue_arrival,,,23,23,1,1,1,
31.0,passenger_queue_arrival,,,24,24,1,1,1,
31.0,passenger_queue_arrival,,,25,25,1,1,1,
31.0,passenger_queue_arrival,,,26,26,1,1,1,
31.0,passenger_queue_arrival,,,27,27,1,1,1,
31.0,passenger_queue_arrival,,,28,28,1,1,1,
31.0,passenger_queue_arrival,,,29,29,1,1,1,
31.0,passenger_queue_arrival,,,30,30,1,1,1,
31.0,passenger_queue_arrival,,,31,31,1,1,1,
31.0,passenger_queue_arrival,,,32,32,1,1,1,
31.0,passenger_queue_arrival,,,33,33,1,1,1,
31.0,passenger_queue_arrival,,,34,34,1,1,1,
31.0,passenger_queue_arrival,,,35,35,1,1,1,
31.0,passenger_queue_arrival,,,36,36,1,1,1,
31.0,passenger_queue_arrival,,,37,37,1,1,1,
31.0,passenger_queue_arrival,,,38,38,1,1,1,
31.0,passenger_queue_arrival,,,39,39,1,1,1,
31.0,passenger_queue_arrival,,,40,40,1,1,1,
31.0,passenger_queue_arrival,,,41,41,1,1,1,
31.0,landing_start,2,2,,41,1,1,1,landing_time=3
31.0,service_start,,,1,40,1,1,1,service_time_sampled=0.088
31.087820637739917,service_end,,,1,40,1,1,1,duration=0.088
31.087820637739917,service_start,,,2,39,1,1,1,service_time_sampled=0.041
31.129203124237197,service_end,,,2,39,1,1,1,duration=0.041
31.129203124237197,service_start,,,3,38,1,1,1,service_time_sampled=0.176
31.305426240924046,service_end,,,3,38,1,1,1,duration=0.176
31.305426240924046,service_start,,,4,37,1,1,1,service_time_sampled=0.120
31.425838878061363,service_end,,,4,37,1,1,1,duration=0.120
31.425838878061363,service_start,,,5,36,1,1,1,service_time_sampled=0.036
31.46188355584458,service_end,,,5,36,1,1,1,duration=0.036
31.46188355584458,service_start,,,6,35,1,1,1,service_time_sampled=0.301
31.762524830533728,service_end,,,6,35,1,1,1,duration=0.301
31.762524830533728,service_start,,,7,34,1,1,1,service_time_sampled=0.508
32.270275059917,service_end,,,7,34,1,1,1,duration=0.508
32.270275059917,service_start,,,8,33,1,1,1,service_time_sampled=0.208
32.47800946095354,service_end,,,8,33,1,1,1,duration=0.208
32.47800946095354,service_start,,,9,32,1,1,1,service_time_sampled=0.291
32.76856978689338,service_end,,,9,32,1,1,1,duration=0.291
32.76856978689338,service_start,,,10,31,1,1,1,service_time_sampled=0.046
32.81497948349872,service_end,,,10,31,1,1,1,duration=0.046
32.81497948349872,service_start,,,11,30,1,1,1,service_time_sampled=0.164
32.9785682784327,service_end,,,11,30,1,1,1,duration=0.164
32.9785682784327,service_start,,,12,29,1,1,1,service_time_sampled=0.286
33.26494764509794,service_end,,,12,29,1,1,1,duration=0.286
33.26494764509794,service_start,,,13,28,1,1,1,service_time_sampled=0.144
33.40894292238783,service_end,,,13,28,1,1,1,duration=0.144
33.40894292238783,service_start,,,14,27,1,1,1,service_time_sampled=0.080
33.48880908816658,service_end,,,14,27,1,1,1,duration=0.080
33.48880908816658,service_start,,,15,26,1,1,1,service_time_sampled=0.013
33.50207658059228,service_end,,,15,26,1,1,1,duration=0.013
33.50207658059228,service_start,,,16,25,1,1,1,service_time_sampled=0.071
33.5732596859775,service_end,,,16,25,1,1,1,duration=0.071
33.5732596859775,service_start,,,17,24,1,1,1,service_time_sampled=0.118
33.69124536358592,service_end,,,17,24,1,1,1,duration=0.118
33.69124536358592,service_start,,,18,23,1,1,1,service_time_sampled=0.305
33.99649214072472,service_end,,,18,23,1,1,1,duration=0.305
33.99649214072472,service_start,,,19,22,1,1,1,service_time_sampled=0.425
34.0,landing_end,2,2,,22,1,1,1,pad_q=1
34.42141589684909,service_end,,,19,22,1,1,1,duration=0.425
34.42141589684909,service_start,,,20,21,1,1,1,service_time_sampled=0.081
34.50243996038776,service_end,,,20,21,1,1,1,duration=0.081
34.50243996038776,service_start,,,21,20,1,1,1,service_time_sampled=0.251
34.75303732302717,service_end,,,21,20,1,1,1,duration=0.251
34.75303732302717,service_start,,,22,19,1,1,1,service_time_sampled=0.038
34.79075864783932,service_end,,,22,19,1,1,1,duration=0.038
34.79075864783932,service_start,,,23,18,1,1,1,service_time_sampled=0.204
34.99512095199335,service_end,,,23,18,1,1,1,duration=0.204
34.99512095199335,service_start,,,24,17,1,1,1,service_time_sampled=0.099
35.094573630690185,service_end,,,24,17,1,1,1,duration=0.099
35.094573630690185,service_start,,,25,16,1,1,1,service_time_sampled=0.010
35.10457363069018,service_end,,,25,16,1,1,1,duration=0.010
35.10457363069018,service_start,,,26,15,1,1,1,service_time_sampled=0.159
35.263562573214514,service_end,,,26,15,1,1,1,duration=0.159
35.263562573214514,service_start,,,27,14,1,1,1,service_time_sampled=0.064
35.327170920788646,service_end,,,27,14,1,1,1,duration=0.064
35.327170920788646,service_start,,,28,13,1,1,1,service_time_sampled=0.218
35.54493140232869,service_end,,,28,13,1,1,1,duration=0.218
35.54493140232869,service_start,,,29,12,1,1,1,service_time_sampled=0.138
35.682816635586164,service_end,,,29,12,1,1,1,duration=0.138
35.682816635586164,service_start,,,30,11,1,1,1,service_time_sampled=0.010
35.69281663558616,service_end,,,30,11,1,1,1,duration=0.010
35.69281663558616,service_start,,,31,10,1,1,1,service_time_sampled=0.085
35.77786472327309,service_end,,,31,10,1,1,1,duration=0.085
35.77786472327309,service_start,,,32,9,1,1,1,service_time_sampled=0.253
36.030608298102514,service_end,,,32,9,1,1,1,duration=0.253
36.030608298102514,service_start,,,33,8,1,1,1,service_time_sampled=0.035
36.065557800856936,service_end,,,33,8,1,1,1,duration=0.035
36.065557800856936,service_start,,,34,7,1,1,1,service_time_sampled=0.049
36.11472597505398,service_end,,,34,7,1,1,1,duration=0.049
36.11472597505398,service_start,,,35,6,1,1,1,service_time_sampled=0.255
36.37020750963325,service_end,,,35,6,1,1,1,duration=0.255
36.37020750963325,service_start,,,36,5,1,1,1,service_time_sampled=0.027
36.39671242172855,service_end,,,36,5,1,1,1,duration=0.027
36.39671242172855,service_start,,,37,4,1,1,1,service_time_sampled=0.105
36.501487145069,service_end,,,37,4,1,1,1,duration=0.105
36.501487145069,service_start,,,38,3,1,1,1,service_time_sampled=0.034
36.535564314496455,service_end,,,38,3,1,1,1,duration=0.034
36.535564314496455,service_start,,,39,2,1,1,1,service_time_sampled=0.428
36.96403361795279,service_end,,,39,2,1,1,1,duration=0.428
36.96403361795279,service_start,,,40,1,1,1,1,service_time_sampled=0.203
37.167216490082836,service_end,,,40,1,1,1,1,duration=0.203
37.167216490082836,service_start,,,41,0,1,1,1,service_time_sampled=0.074
37.24148550383451,service_end,,,41,0,1,1,1,duration=0.074
41.0,unload_end,2,2,,0,1,1,1,
41.0,passengers_spawned,2,2,,0,1,1,1,count=32
41.0,passenger_queue_arrival,,,42,1,1,1,1,
41.0,passenger_queue_arrival,,,43,2,1,1,1,
41.0,passenger_queue_arrival,,,44,3,1,1,1,
41.0,passenger_queue_arrival,,,45,4,1,1,1,
41.0,passenger_queue_arrival,,,46,5,1,1,1,
41.0,passenger_queue_arrival,,,47,6,1,1,1,
41.0,passenger_queue_arrival,,,48,7,1,1,1,
41.0,passenger_queue_arrival,,,49,8,1,1,1,
41.0,passenger_queue_arrival,,,50,9,1,1,1,
41.0,passenger_queue_arrival,,,51,10,1,1,1,
41.0,passenger_queue_arrival,,,52,11,1,1,1,
41.0,passenger_queue_arrival,,,53,12,1,1,1,
41.0,passenger_queue_arrival,,,54,13,1,1,1,
41.0,passenger_queue_arrival,,,55,14,1,1,1,
41.0,passenger_queue_arrival,,,56,15,1,1,1,
41.0,passenger_queue_arrival,,,57,16,1,1,1,
41.0,passenger_queue_arrival,,,58,17,1,1,1,
41.0,passenger_queue_arrival,,,59,18,1,1,1,
41.0,passenger_queue_arrival,,,60,19,1,1,1,
41.0,passenger_queue_arrival,,,61,20,1,1,1,
41.0,passenger_queue_arrival,,,62,21,1,1,1,
41.0,passenger_queue_arrival,,,63,22,1,1,1,
41.0,passenger_queue_arrival,,,64,23,1,1,1,
41.0,passenger_queue_arrival,,,65,24,1,1,1,
41.0,passenger_queue_arrival,,,66,25,1,1,1,
41.0,passenger_queue_arrival,,,67,26,1,1,1,
41.0,passenger_queue_arrival,,,68,27,1,1,1,
41.0,passenger_queue_arrival,,,69,28,1,1,1,
41.0,passenger_queue_arrival,,,70,29,1,1,1,
41.0,passenger_queue_arrival,,,71,30,1,1,1,
41.0,passenger_queue_arrival,,,72,31,1,1,1,
41.0,passenger_queue_arrival,,,73,32,1,1,1,
41.0,service_start,,,42,31,1,1,1,service_time_sampled=0.624
41.62425091782373,service_end,,,42,31,1,1,1,duration=0.624
41.62425091782373,service_start,,,43,30,1,1,1,service_time_sampled=0.260
41.884268428360365,service_end,,,43,30,1,1,1,duration=0.260
41.884268428360365,service_start,,,44,29,1,1,1,service_time_sampled=0.775
42.6593338408106,service_end,,,44,29,1,1,1,duration=0.775
42.6593338408106,service_start,,,45,28,1,1,1,service_time_sampled=0.084
42.74332722355005,service_end,,,45,28,1,1,1,duration=0.084
42.74332722355005,service_start,,,46,27,1,1,1,service_time_sampled=0.045
42.78817021463735,service_end,,,46,27,1,1,1,duration=0.045
42.78817021463735,service_start,,,47,26,1,1,1,service_time_sampled=0.043
42.8311736707018,service_end,,,47,26,1,1,1,duration=0.043
42.8311736707018,service_start,,,48,25,1,1,1,service_time_sampled=0.017
42.847838056936844,service_end,,,48,25,1,1,1,duration=0.017
42.847838056936844,service_start,,,49,24,1,1,1,service_time_sampled=0.051
42.89841196433389,service_end,,,49,24,1,1,1,duration=0.051
42.89841196433389,service_start,,,50,23,1,1,1,service_time_sampled=0.319
43.217693622811396,service_end,,,50,23,1,1,1,duration=0.319
43.217693622811396,service_start,,,51,22,1,1,1,service_time_sampled=0.028
43.24608786001149,service_end,,,51,22,1,1,1,duration=0.028
43.24608786001149,service_start,,,52,21,1,1,1,service_time_sampled=0.201
43.44691005557217,service_end,,,52,21,1,1,1,duration=0.201
43.44691005557217,service_start,,,53,20,1,1,1,service_time_sampled=0.099
43.54595646106262,service_end,,,53,20,1,1,1,duration=0.099
43.54595646106262,service_start,,,54,19,1,1,1,service_time_sampled=0.042
43.58835597517518,service_end,,,54,19,1,1,1,duration=0.042
43.58835597517518,service_start,,,55,18,1,1,1,service_time_sampled=0.012
43.600369200259365,service_end,,,55,18,1,1,1,duration=0.012
43.600369200259365,service_start,,,56,17,1,1,1,service_time_sampled=0.200
43.800264943607026,service_end,,,56,17,1,1,1,duration=0.200
43.800264943607026,service_start,,,57,16,1,1,1,service_time_sampled=0.048
43.84793107022173,service_end,,,57,16,1,1,1,duration=0.048
43.84793107022173,service_start,,,58,15,1,1,1,service_time_sampled=0.035
43.88258272883457,service_end,,,58,15,1,1,1,duration=0.035
43.88258272883457,service_start,,,59,14,1,1,1,service_time_sampled=0.025
43.90798023604904,service_end,,,59,14,1,1,1,duration=0.025
43.90798023604904,service_start,,,60,13,1,1,1,service_time_sampled=0.215
44.12335311400071,service_end,,,60,13,1,1,1,duration=0.215
44.12335311400071,service_start,,,61,12,1,1,1,service_time_sampled=0.010
44.133353114000705,service_end,,,61,12,1,1,1,duration=0.010
44.133353114000705,service_start,,,62,11,1,1,1,service_time_sampled=0.497
44.63075534876531,service_end,,,62,11,1,1,1,duration=0.497
44.63075534876531,service_start,,,63,10,1,1,1,service_time_sampled=0.038
44.668402980427345,service_end,,,63,10,1,1,1,duration=0.038
44.668402980427345,service_start,,,64,9,1,1,1,service_time_sampled=0.010
44.67840298042734,service_end,,,64,9,1,1,1,duration=0.010
44.67840298042734,service_start,,,65,8,1,1,1,service_time_sampled=0.142
44.82033480361995,service_end,,,65,8,1,1,1,duration=0.142
44.82033480361995,service_start,,,66,7,1,1,1,service_time_sampled=0.017
44.83777481483296,service_end,,,66,7,1,1,1,duration=0.017
44.83777481483296,service_start,,,67,6,1,1,1,service_time_sampled=0.020
44.858023571012495,service_end,,,67,6,1,1,1,duration=0.020
44.858023571012495,service_start,,,68,5,1,1,1,service_time_sampled=0.010
44.86802357101249,service_end,,,68,5,1,1,1,duration=0.010
44.86802357101249,service_start,,,69,4,1,1,1,service_time_sampled=0.010
44.878480015522776,service_end,,,69,4,1,1,1,duration=0.010
44.878480015522776,service_start,,,70,3,1,1,1,service_time_sampled=0.150
45.028694769151336,service_end,,,70,3,1,1,1,duration=0.150
45.028694769151336,service_start,,,71,2,1,1,1,service_time_sampled=0.221
45.24972030093331,service_end,,,71,2,1,1,1,duration=0.221
45.24972030093331,service_start,,,72,1,1,1,1,service_time_sampled=0.144
45.39352366796503,service_end,,,72,1,1,1,1,duration=0.144
45.39352366796503,service_start,,,73,0,1,1,1,service_time_sampled=0.227
45.62093959091208,service_end,,,73,0,1,1,1,duration=0.227
54.57131455415928,failure,,,,,1,0,0,element=door
60.0,plane_arrive,3,1,,0,1,0,0,air_q=1
60.0,landing_start,3,1,,0,1,0,0,landing_time=3
60.77099231312314,repair,,,,,1,1,1,"element=door, repair_time=6.200"
63.0,landing_end,3,1,,0,1,1,1,pad_q=1
70.0,unload_end,3,1,,0,1,1,1,
70.0,passengers_spawned,3,1,,0,1,1,1,count=29
70.0,passenger_queue_arrival,,,74,1,1,1,1,
70.0,passenger_queue_arrival,,,75,2,1,1,1,
70.0,passenger_queue_arrival,,,76,3,1,1,1,
70.0,passenger_queue_arrival,,,77,4,1,1,1,
70.0,passenger_queue_arrival,,,78,5,1,1,1,
70.0,passenger_queue_arrival,,,79,6,1,1,1,
70.0,passenger_queue_arrival,,,80,7,1,1,1,
70.0,passenger_queue_arrival,,,81,8,1,1,1,
70.0,passenger_queue_arrival,,,82,9,1,1,1,
70.0,passenger_queue_arrival,,,83,10,1,1,1,
70.0,passenger_queue_arrival,,,84,11,1,1,1,
70.0,passenger_queue_arrival,,,85,12,1,1,1,
70.0,passenger_queue_arrival,,,86,13,1,1,1,
70.0,passenger_queue_arrival,,,87,14,1,1,1,
70.0,passenger_queue_arrival,,,88,15,1,1,1,
70.0,passenger_queue_arrival,,,89,16,1,1,1,
70.0,passenger_queue_arrival,,,90,17,1,1,1,
70.0,passenger_queue_arrival,,,91,18,1,1,1,
70.0,passenger_queue_arrival,,,92,19,1,1,1,
70.0,passenger_queue_arrival,,,93,20,1,1,1,
70.0,passenger_queue_arrival,,,94,21,1,1,1,
70.0,passenger_queue_arrival,,,95,22,1,1,1,
70.0,passenger_queue_arrival,,,96,23,1,1,1,
70.0,passenger_queue_arrival,,,97,24,1,1,1,
70.0,passenger_queue_arrival,,,98,25,1,1,1,
70.0,passenger_queue_arrival,,,99,26,1,1,1,
70.0,passenger_queue_arrival,,,100,27,1,1,1,
70.0,passenger_queue_arrival,,,101,28,1,1,1,
70.0,passenger_queue_arrival,,,102,29,1,1,1,
70.0,service_start,,,74,28,1,1,1,service_time_sampled=0.218
70.21805937523762,service_end,,,74,28,1,1,1,duration=0.218
70.21805937523762,service_start,,,75,27,1,1,1,service_time_sampled=0.068
70.2860260325858,service_end,,,75,27,1,1,1,duration=0.068
70.2860260325858,service_start,,,76,26,1,1,1,service_time_sampled=0.040
70.32626033848128,service_end,,,76,26,1,1,1,duration=0.040
70.32626033848128,service_start,,,77,25,1,1,1,service_time_sampled=0.085
70.4110809378818,service_end,,,77,25,1,1,1,duration=0.085
70.4110809378818,service_start,,,78,24,1,1,1,service_time_sampled=0.128
70.53920360022327,service_end,,,78,24,1,1,1,duration=0.128
70.53920360022327,service_start,,,79,23,1,1,1,service_time_sampled=0.151
70.6897942044292,service_end,,,79,23,1,1,1,duration=0.151
70.6897942044292,service_start,,,80,22,1,1,1,service_time_sampled=0.505
71.19520586333628,service_end,,,80,22,1,1,1,duration=0.505
71.19520586333628,service_start,,,81,21,1,1,1,service_time_sampled=0.055
71.25047865450415,service_end,,,81,21,1,1,1,duration=0.055
71.25047865450415,service_start,,,82,20,1,1,1,service_time_sampled=0.049
71.29948401150199,service_end,,,82,20,1,1,1,duration=0.049
71.29948401150199,service_start,,,83,19,1,1,1,service_time_sampled=0.015
71.31480437429963,service_end,,,83,19,1,1,1,duration=0.015
71.31480437429963,service_start,,,84,18,1,1,1,service_time_sampled=0.111
71.42536544657446,service_end,,,84,18,1,1,1,duration=0.111
71.42536544657446,service_start,,,85,17,1,1,1,service_time_sampled=0.051
71.47641232846834,service_end,,,85,17,1,1,1,duration=0.051
71.47641232846834,service_start,,,86,16,1,1,1,service_time_sampled=0.026
71.50281093503278,service_end,,,86,16,1,1,1,duration=0.026
71.50281093503278,service_start,,,87,15,1,1,1,service_time_sampled=0.010
71.51281093503279,service_end,,,87,15,1,1,1,duration=0.010
71.51281093503279,service_start,,,88,14,1,1,1,service_time_sampled=0.040
71.5523276373934,service_end,,,88,14,1,1,1,duration=0.040
71.5523276373934,service_start,,,89,13,1,1,1,service_time_sampled=0.153
71.70506635803397,service_end,,,89,13,1,1,1,duration=0.153
71.70506635803397,service_start,,,90,12,1,1,1,service_time_sampled=0.058
71.76323022877935,service_end,,,90,12,1,1,1,duration=0.058
71.76323022877935,service_start,,,91,11,1,1,1,service_time_sampled=0.023
71.78659400340047,service_end,,,91,11,1,1,1,duration=0.023
71.78659400340047,service_start,,,92,10,1,1,1,service_time_sampled=0.069
71.85601329934427,service_end,,,92,10,1,1,1,duration=0.069
71.85601329934427,service_start,,,93,9,1,1,1,service_time_sampled=0.010
71.86601329934427,service_end,,,93,9,1,1,1,duration=0.010
71.86601329934427,service_start,,,94,8,1,1,1,service_time_sampled=0.191
72.05706382471296,service_end,,,94,8,1,1,1,duration=0.191
72.05706382471296,service_start,,,95,7,1,1,1,service_time_sampled=0.242
72.29871994691382,service_end,,,95,7,1,1,1,duration=0.242
72.29871994691382,service_start,,,96,6,1,1,1,service_time_sampled=0.031
72.32958122616375,service_end,,,96,6,1,1,1,duration=0.031
72.32958122616375,service_start,,,97,5,1,1,1,service_time_sampled=0.212
72.54194706814681,service_end,,,97,5,1,1,1,duration=0.212
72.54194706814681,service_start,,,98,4,1,1,1,service_time_sampled=0.126
72.66765782766267,service_end,,,98,4,1,1,1,duration=0.126
72.66765782766267,service_start,,,99,3,1,1,1,service_time_sampled=0.345
73.01228606672187,service_end,,,99,3,1,1,1,duration=0.345
73.01228606672187,service_start,,,100,2,1,1,1,service_time_sampled=0.115
73.1275025324272,service_end,,,100,2,1,1,1,duration=0.115
73.1275025324272,service_start,,,101,1,1,1,1,service_time_sampled=0.010
73.1375025324272,service_end,,,101,1,1,1,1,duration=0.010
73.1375025324272,service_start,,,102,0,1,1,1,service_time_sampled=0.017
73.15411451347425,service_end,,,102,0,1,1,1,duration=0.017
79.0,plane_arrive,4,1,,0,1,1,1,air_q=1
79.0,landing_start,4,1,,0,1,1,1,landing_time=3
82.0,landing_end,4,1,,0,1,1,1,pad_q=1
89.0,plane_arrive,5,3,,0,1,1,1,air_q=1
89.0,unload_end,4,1,,0,1,1,1,
89.0,passengers_spawned,4,1,,0,1,1,1,count=21
89.0,passenger_queue_arrival,,,103,1,1,1,1,
89.0,passenger_queue_arrival,,,104,2,1,1,1,
89.0,passenger_queue_arrival,,,105,3,1,1,1,
89.0,passenger_queue_arrival,,,106,4,1,1,1,
89.0,passenger_queue_arrival,,,107,5,1,1,1,
89.0,passenger_queue_arrival,,,108,6,1,1,1,
89.0,passenger_queue_arrival,,,109,7,1,1,1,
89.0,passenger_queue_arrival,,,110,8,1,1,1,
89.0,passenger_queue_arrival,,,111,9,1,1,1,
89.0,passenger_queue_arrival,,,112,10,1,1,1,
89.0,passenger_queue_arrival,,,113,11,1,1,1,
89.0,passenger_queue_arrival,,,114,12,1,1,1,
89.0,passenger_queue_arrival,,,115,13,1,1,1,
89.0,passenger_queue_arrival,,,116,14,1,1,1,
89.0,passenger_queue_arrival,,,117,15,1,1,1,
89.0,passenger_queue_arrival,,,118,16,1,1,1,
89.0,passenger_queue_arrival,,,119,17,1,1,1,
89.0,passenger_queue_arrival,,,120,18,1,1,1,
89.0,passenger_queue_arrival,,,121,19,1,1,1,
89.0,passenger_queue_arrival,,,122,20,1,1,1,
89.0,passenger_queue_arrival,,,123,21,1,1,1,
89.0,landing_start,5,3,,21,1,1,1,landing_time=3
89.0,service_start,,,103,20,1,1,1,service_time_sampled=0.058
89.05778220147334,service_end,,,103,20,1,1,1,duration=0.058
89.05778220147334,service_start,,,104,19,1,1,1,service_time_sampled=0.492
89.55005658366362,service_end,,,104,19,1,1,1,duration=0.492
89.55005658366362,service_start,,,105,18,1,1,1,service_time_sampled=0.010
89.56005658366362,service_end,,,105,18,1,1,1,duration=0.010
89.56005658366362,service_start,,,106,17,1,1,1,service_time_sampled=0.010
89.57005658366363,service_end,,,106,17,1,1,1,duration=0.010
89.57005658366363,service_start,,,107,16,1,1,1,service_time_sampled=0.406
89.97568108517595,service_end,,,107,16,1,1,1,duration=0.406
89.97568108517595,service_start,,,108,15,1,1,1,service_time_sampled=0.026
90.00124767750104,service_end,,,108,15,1,1,1,duration=0.026
90.00124767750104,service_start,,,109,14,1,1,1,service_time_sampled=0.017
90.0177813674875,service_end,,,109,14,1,1,1,duration=0.017
90.0177813674875,service_start,,,110,13,1,1,1,service_time_sampled=0.030
90.0473379123969,service_end,,,110,13,1,1,1,duration=0.030
90.0473379123969,service_start,,,111,12,1,1,1,service_time_sampled=0.202
90.2489851435291,service_end,,,111,12,1,1,1,duration=0.202
90.2489851435291,service_start,,,112,11,1,1,1,service_time_sampled=0.346
90.59450153441094,service_end,,,112,11,1,1,1,duration=0.346
90.59450153441094,service_start,,,113,10,1,1,1,service_time_sampled=0.010
90.60450153441094,service_end,,,113,10,1,1,1,duration=0.010
90.60450153441094,service_start,,,114,9,1,1,1,service_time_sampled=0.069
90.67380929031633,service_end,,,114,9,1,1,1,duration=0.069
90.67380929031633,service_start,,,115,8,1,1,1,service_time_sampled=0.013
90.68718789243064,service_end,,,115,8,1,1,1,duration=0.013
90.68718789243064,service_start,,,116,7,1,1,1,service_time_sampled=0.038
90.72481249763146,service_end,,,116,7,1,1,1,duration=0.038
90.72481249763146,service_start,,,117,6,1,1,1,service_time_sampled=0.031
90.7560031342836,service_end,,,117,6,1,1,1,duration=0.031
90.7560031342836,service_start,,,118,5,1,1,1,service_time_sampled=0.130
90.88613773663229,service_end,,,118,5,1,1,1,duration=0.130
90.88613773663229,service_start,,,119,4,1,1,1,service_time_sampled=0.054
90.9400421461229,service_end,,,119,4,1,1,1,duration=0.054
90.9400421461229,service_start,,,120,3,1,1,1,service_time_sampled=0.025
90.96489698345857,service_end,,,120,3,1,1,1,duration=0.025
90.96489698345857,service_start,,,121,2,1,1,1,service_time_sampled=0.088
91.0,plane_arrive,6,1,,2,1,1,1,air_q=1
91.05245282949144,service_end,,,121,2,1,1,1,duration=0.088
91.05245282949144,service_start,,,122,1,1,1,1,service_time_sampled=0.150
91.2026677165108,service_end,,,122,1,1,1,1,duration=0.150
91.2026677165108,service_start,,,123,0,1,1,1,service_time_sampled=0.062
91.26471654648732,service_end,,,123,0,1,1,1,duration=0.062
92.0,landing_end,5,3,,0,1,1,1,pad_q=1
99.0,unload_end,5,3,,0,1,1,1,
99.0,passengers_spawned,5,3,,0,1,1,1,count=53
99.0,passenger_queue_arrival,,,124,1,1,1,1,
99.0,passenger_queue_arrival,,,125,2,1,1,1,
99.0,passenger_queue_arrival,,,126,3,1,1,1,
99.0,passenger_queue_arrival,,,127,4,1,1,1,
99.0,passenger_queue_arrival,,,128,5,1,1,1,
99.0,passenger_queue_arrival,,,129,6,1,1,1,
99.0,passenger_queue_arrival,,,130,7,1,1,1,
99.0,passenger_queue_arrival,,,131,8,1,1,1,
99.0,passenger_queue_arrival,,,132,9,1,1,1,
99.0,passenger_queue_arrival,,,133,10,1,1,1,
99.0,passenger_queue_arrival,,,134,11,1,1,1,
99.0,passenger_queue_arrival,,,135,12,1,1,1,
99.0,passenger_queue_arrival,,,136,13,1,1,1,
99.0,passenger_queue_arrival,,,137,14,1,1,1,
99.0,passenger_queue_arrival,,,138,15,1,1,1,
99.0,passenger_queue_arrival,,,139,16,1,1,1,
99.0,passenger_queue_arrival,,,140,17,1,1,1,
99.0,passenger_queue_arrival,,,141,18,1,1,1,
99.0,passenger_queue_arrival,,,142,19,1,1,1,
99.0,passenger_queue_arrival,,,143,20,1,1,1,
99.0,passenger_queue_arrival,,,144,21,1,1,1,
99.0,passenger_queue_arrival,,,145,22,1,1,1,
99.0,passenger_queue_arrival,,,146,23,1,1,1,
99.0,passenger_queue_arrival,,,147,24,1,1,1,
99.0,passenger_queue_arrival,,,148,25,1,1,1,
99.0,passenger_queue_arrival,,,149,26,1,1,1,
99.0,passenger_queue_arrival,,,150,27,1,1,1,
99.0,passenger_queue_arrival,,,151,28,1,1,1,
99.0,passenger_queue_arrival,,,152,29,1,1,1,
99.0,passenger_queue_arrival,,,153,30,1,1,1,
99.0,passenger_queue_arrival,,,154,31,1,1,1,
99.0,passenger_queue_arrival,,,155,32,1,1,1,
99.0,passenger_queue_arrival,,,156,33,1,1,1,
99.0,passenger_queue_arrival,,,157,34,1,1,1,
99.0,passenger_queue_arrival,,,158,35,1,1,1,
99.0,passenger_queue_arrival,,,159,36,1,1,1,
99.0,passenger_queue_arrival,,,160,37,1,1,1,
99.0,passenger_queue_arrival,,,161,38,1,1,1,
99.0,passenger_queue_arrival,,,162,39,1,1,1,
99.0,passenger_queue_arrival,,,163,40,1,1,1,
99.0,passenger_queue_arrival,,,164,41,1,1,1,
99.0,passenger_queue_arrival,,,165,42,1,1,1,
99.0,passenger_queue_arrival,,,166,43,1,1,1,
99.0,passenger_queue_arrival,,,167,44,1,1,1,
99.0,passenger_queue_arrival,,,168,45,1,1,1,
99.0,passenger_queue_arrival,,,169,46,1,1,1,
99.0,passenger_queue_arrival,,,170,47,1,1,1,
99.0,passenger_queue_arrival,,,171,48,1,1,1,
99.0,passenger_queue_arrival,,,172,49,1,1,1,
99.0,passenger_queue_arrival,,,173,50,1,1,1,
99.0,passenger_queue_arrival,,,174,51,1,1,1,
99.0,passenger_queue_arrival,,,175,52,1,1,1,
99.0,passenger_queue_arrival,,,176,53,1,1,1,
99.0,landing_start,6,1,,53,1,1,1,landing_time=3
99.0,service_start,,,124,52,1,1,1,service_time_sampled=0.056
99.05550403811199,service_end,,,124,52,1,1,1,duration=0.056
99.05550403811199,service_start,,,125,51,1,1,1,service_time_sampled=0.164
99.21991285852059,service_end,,,125,51,1,1,1,duration=0.164
99.21991285852059,service_start,,,126,50,1,1,1,service_time_sampled=0.228
99.44768496012135,service_end,,,126,50,1,1,1,duration=0.228
99.44768496012135,service_start,,,127,49,1,1,1,service_time_sampled=0.313
99.76105148321342,service_end,,,127,49,1,1,1,duration=0.313
99.76105148321342,service_start,,,128,48,1,1,1,service_time_sampled=0.023
99.78425605480211,service_end,,,128,48,1,1,1,duration=0.023
99.78425605480211,service_start,,,129,47,1,1,1,service_time_sampled=0.140
99.92384311952587,service_end,,,129,47,1,1,1,duration=0.140
99.92384311952587,service_start,,,130,46,1,1,1,service_time_sampled=0.425
100.34855195690335,service_end,,,130,46,1,1,1,duration=0.425
100.34855195690335,service_start,,,131,45,1,1,1,service_time_sampled=0.010
100.35855195690336,service_end,,,131,45,1,1,1,duration=0.010
100.35855195690336,service_start,,,132,44,1,1,1,service_time_sampled=0.141
100.49950630043487,service_end,,,132,44,1,1,1,duration=0.141
100.49950630043487,service_start,,,133,43,1,1,1,service_time_sampled=0.233
100.73289045481661,service_end,,,133,43,1,1,1,duration=0.233
100.73289045481661,service_start,,,134,42,1,1,1,service_time_sampled=0.052
100.78526863568415,service_end,,,134,42,1,1,1,duration=0.052
100.78526863568415,service_start,,,135,41,1,1,1,service_time_sampled=0.036
100.82134350381304,service_end,,,135,41,1,1,1,duration=0.036
100.82134350381304,service_start,,,136,40,1,1,1,service_time_sampled=0.114
100.93488115592439,service_end,,,136,40,1,1,1,duration=0.114
100.93488115592439,service_start,,,137,39,1,1,1,service_time_sampled=0.073
101.0,plane_arrive,7,1,,39,1,1,1,air_q=1
101.00787606335318,service_end,,,137,39,1,1,1,duration=0.073
101.00787606335318,service_start,,,138,38,1,1,1,service_time_sampled=0.143
101.15080661639448,service_end,,,138,38,1,1,1,duration=0.143
101.15080661639448,service_start,,,139,37,1,1,1,service_time_sampled=0.288
101.43875237863568,service_end,,,139,37,1,1,1,duration=0.288
101.43875237863568,service_start,,,140,36,1,1,1,service_time_sampled=0.260
101.69848741803384,service_end,,,140,36,1,1,1,duration=0.260
101.69848741803384,service_start,,,141,35,1,1,1,service_time_sampled=0.312
102.0,landing_end,6,1,,35,1,1,1,pad_q=1
102.0,plane_arrive,8,3,,35,1,1,1,air_q=2
102.01037389504037,service_end,,,141,35,1,1,1,duration=0.312
102.01037389504037,service_start,,,142,34,1,1,1,service_time_sampled=0.227
102.23763259650087,service_end,,,142,34,1,1,1,duration=0.227
102.23763259650087,service_start,,,143,33,1,1,1,service_time_sampled=0.036
102.27374839642609,service_end,,,143,33,1,1,1,duration=0.036
102.27374839642609,service_start,,,144,32,1,1,1,service_time_sampled=0.103
102.37654159856424,service_end,,,144,32,1,1,1,duration=0.103
102.37654159856424,service_start,,,145,31,1,1,1,service_time_sampled=0.010
102.38654159856425,service_end,,,145,31,1,1,1,duration=0.010
102.38654159856425,service_start,,,146,30,1,1,1,service_time_sampled=0.169
102.55568501773452,service_end,,,146,30,1,1,1,duration=0.169
102.55568501773452,service_start,,,147,29,1,1,1,service_time_sampled=0.051
102.606853451038,service_end,,,147,29,1,1,1,duration=0.051
102.606853451038,service_start,,,148,28,1,1,1,service_time_sampled=0.010
102.61685345103801,service_end,,,148,28,1,1,1,duration=0.010
102.61685345103801,service_start,,,149,27,1,1,1,service_time_sampled=0.041
102.65806988064455,service_end,,,149,27,1,1,1,duration=0.041
102.65806988064455,service_start,,,150,26,1,1,1,service_time_sampled=0.034
102.6923959368533,service_end,,,150,26,1,1,1,duration=0.034
102.6923959368533,service_start,,,151,25,1,1,1,service_time_sampled=0.383
103.07494135959963,service_end,,,151,25,1,1,1,duration=0.383
103.07494135959963,service_start,,,152,24,1,1,1,service_time_sampled=0.054
103.1292179510978,service_end,,,152,24,1,1,1,duration=0.054
103.1292179510978,service_start,,,153,23,1,1,1,service_time_sampled=0.042
103.17165619039415,service_end,,,153,23,1,1,1,duration=0.042
103.17165619039415,service_start,,,154,22,1,1,1,service_time_sampled=0.056
103.22728615934454,service_end,,,154,22,1,1,1,duration=0.056
103.22728615934454,service_start,,,155,21,1,1,1,service_time_sampled=0.367
103.59424719136567,service_end,,,155,21,1,1,1,duration=0.367
103.59424719136567,service_start,,,156,20,1,1,1,service_time_sampled=0.126
103.71980134817844,service_end,,,156,20,1,1,1,duration=0.126
103.71980134817844,service_start,,,157,19,1,1,1,service_time_sampled=0.121
103.84110407984673,service_end,,,157,19,1,1,1,duration=0.121
103.84110407984673,service_start,,,158,18,1,1,1,service_time_sampled=0.157
103.99828428264703,service_end,,,158,18,1,1,1,duration=0.157
103.99828428264703,service_start,,,159,17,1,1,1,service_time_sampled=0.061
104.05966567753975,service_end,,,159,17,1,1,1,duration=0.061
104.05966567753975,service_start,,,160,16,1,1,1,service_time_sampled=0.067
104.12655930685143,service_end,,,160,16,1,1,1,duration=0.067
104.12655930685143,service_start,,,161,15,1,1,1,service_time_sampled=0.132
104.25808487769248,service_end,,,161,15,1,1,1,duration=0.132
104.25808487769248,service_start,,,162,14,1,1,1,service_time_sampled=0.010
104.26808487769249,service_end,,,162,14,1,1,1,duration=0.010
104.26808487769249,service_start,,,163,13,1,1,1,service_time_sampled=0.027
104.29478192637508,service_end,,,163,13,1,1,1,duration=0.027
104.29478192637508,service_start,,,164,12,1,1,1,service_time_sampled=0.051
104.3456655425671,service_end,,,164,12,1,1,1,duration=0.051
104.3456655425671,service_start,,,165,11,1,1,1,service_time_sampled=0.034
104.37987412599045,service_end,,,165,11,1,1,1,duration=0.034
104.37987412599045,service_start,,,166,10,1,1,1,service_time_sampled=0.127
104.5066807921231,service_end,,,166,10,1,1,1,duration=0.127
104.5066807921231,service_start,,,167,9,1,1,1,service_time_sampled=0.059
104.56616299751249,service_end,,,167,9,1,1,1,duration=0.059
104.56616299751249,service_start,,,168,8,1,1,1,service_time_sampled=0.260
104.82651730060093,service_end,,,168,8,1,1,1,duration=0.260
104.82651730060093,service_start,,,169,7,1,1,1,service_time_sampled=0.105
104.9314773335444,service_end,,,169,7,1,1,1,duration=0.105
104.9314773335444,service_start,,,170,6,1,1,1,service_time_sampled=0.067
104.99836848850605,service_end,,,170,6,1,1,1,duration=0.067
104.99836848850605,service_start,,,171,5,1,1,1,service_time_sampled=0.064
105.06269489334413,service_end,,,171,5,1,1,1,duration=0.064
105.06269489334413,service_start,,,172,4,1,1,1,service_time_sampled=0.151
105.213956171355,service_end,,,172,4,1,1,1,duration=0.151
105.213956171355,service_start,,,173,3,1,1,1,service_time_sampled=0.068
105.28166544308752,service_end,,,173,3,1,1,1,duration=0.068
105.28166544308752,service_start,,,174,2,1,1,1,service_time_sampled=0.136
105.41732658117276,service_end,,,174,2,1,1,1,duration=0.136
105.41732658117276,service_start,,,175,1,1,1,1,service_time_sampled=0.010
105.42732658117276,service_end,,,175,1,1,1,1,duration=0.010
105.42732658117276,service_start,,,176,0,1,1,1,service_time_sampled=0.074
105.50100432401454,service_end,,,176,0,1,1,1,duration=0.074
107.0,plane_arrive,9,2,,0,1,1,1,air_q=3
109.0,unload_end,6,1,,0,1,1,1,
109.0,passengers_spawned,6,1,,0,1,1,1,count=27
109.0,passenger_queue_arrival,,,177,1,1,1,1,
109.0,passenger_queue_arrival,,,178,2,1,1,1,
109.0,passenger_queue_arrival,,,179,3,1,1,1,
109.0,passenger_queue_arrival,,,180,4,1,1,1,
109.0,passenger_queue_arrival,,,181,5,1,1,1,
109.0,passenger_queue_arrival,,,182,6,1,1,1,
109.0,passenger_queue_arrival,,,183,7,1,1,1,
109.0,passenger_queue_arrival,,,184,8,1,1,1,
109.0,passenger_queue_arrival,,,185,9,1,1,1,
109.0,passenger_queue_arrival,,,186,10,1,1,1,
109.0,passenger_queue_arrival,,,187,11,1,1,1,
109.0,passenger_queue_arrival,,,188,12,1,1,1,
109.0,passenger_queue_arrival,,,189,13,1,1,1,
109.0,passenger_queue_arrival,,,190,14,1,1,1,
109.0,passenger_queue_arrival,,,191,15,1,1,1,
109.0,passenger_queue_arrival,,,192,16,1,1,1,
109.0,passenger_queue_arrival,,,193,17,1,1,1,
109.0,passenger_queue_arrival,,,194,18,1,1,1,
109.0,passenger_queue_arrival,,,195,19,1,1,1,
109.0,passenger_queue_arrival,,,196,20,1,1,1,
109.0,passenger_queue_arrival,,,197,21,1,1,1,
109.0,passenger_queue_arrival,,,198,22,1,1,1,
109.0,passenger_queue_arrival,,,199,23,1,1,1,
109.0,passenger_queue_arrival,,,200,24,1,1,1,
109.0,passenger_queue_arrival,,,201,25,1,1,1,
109.0,passenger_queue_arrival,,,202,26,1,1,1,
109.0,passenger_queue_arrival,,,203,27,1,1,1,
109.0,landing_start,7,1,,27,1,1,1,landing_time=3
109.0,service_start,,,177,26,1,1,1,service_time_sampled=0.094
109.09373403960855,service_end,,,177,26,1,1,1,duration=0.094
109.09373403960855,service_start,,,178,25,1,1,1,service_time_sampled=0.083
109.17723370320364,service_end,,,178,25,1,1,1,duration=0.083
109.17723370320364,service_start,,,179,24,1,1,1,service_time_sampled=0.103
109.2802560373752,service_end,,,179,24,1,1,1,duration=0.103
109.2802560373752,service_start,,,180,23,1,1,1,service_time_sampled=0.176
109.45631574617612,service_end,,,180,23,1,1,1,duration=0.176
109.45631574617612,service_start,,,181,22,1,1,1,service_time_sampled=0.269
109.72545192244459,service_end,,,181,22,1,1,1,duration=0.269
109.72545192244459,service_start,,,182,21,1,1,1,service_time_sampled=0.085
109.81074827190545,service_end,,,182,21,1,1,1,duration=0.085
109.81074827190545,service_start,,,183,20,1,1,1,service_time_sampled=0.047
109.85750466004575,service_end,,,183,20,1,1,1,duration=0.047
109.85750466004575,service_start,,,184,19,1,1,1,service_time_sampled=0.079
109.93613362131741,service_end,,,184,19,1,1,1,duration=0.079
109.93613362131741,service_start,,,185,18,1,1,1,service_time_sampled=0.207
110.14309886764914,service_end,,,185,18,1,1,1,duration=0.207
110.14309886764914,service_start,,,186,17,1,1,1,service_time_sampled=0.260
110.40304539290635,service_end,,,186,17,1,1,1,duration=0.260
110.40304539290635,service_start,,,187,16,1,1,1,service_time_sampled=0.209
110.61223574820632,service_end,,,187,16,1,1,1,duration=0.209
110.61223574820632,service_start,,,188,15,1,1,1,service_time_sampled=0.026
110.63826781476637,service_end,,,188,15,1,1,1,duration=0.026
110.63826781476637,service_start,,,189,14,1,1,1,service_time_sampled=0.932
111.56990561440614,service_end,,,189,14,1,1,1,duration=0.932
111.56990561440614,service_start,,,190,13,1,1,1,service_time_sampled=0.125
111.69523502850826,service_end,,,190,13,1,1,1,duration=0.125
111.69523502850826,service_start,,,191,12,1,1,1,service_time_sampled=0.011
111.7061296860769,service_end,,,191,12,1,1,1,duration=0.011
111.7061296860769,service_start,,,192,11,1,1,1,service_time_sampled=0.162
111.86775494281352,service_end,,,192,11,1,1,1,duration=0.162
111.86775494281352,service_start,,,193,10,1,1,1,service_time_sampled=0.541
112.0,landing_end,7,1,,10,1,1,1,pad_q=1
112.40890082570462,service_end,,,193,10,1,1,1,duration=0.541
112.40890082570462,service_start,,,194,9,1,1,1,service_time_sampled=0.064
112.47313310752547,service_end,,,194,9,1,1,1,duration=0.064
112.47313310752547,service_start,,,195,8,1,1,1,service_time_sampled=0.142
112.61498365865009,service_end,,,195,8,1,1,1,duration=0.142
112.61498365865009,service_start,,,196,7,1,1,1,service_time_sampled=0.048
112.66249070458066,service_end,,,196,7,1,1,1,duration=0.048
112.66249070458066,service_start,,,197,6,1,1,1,service_time_sampled=0.030
112.6925149437933,service_end,,,197,6,1,1,1,duration=0.030
112.6925149437933,service_start,,,198,5,1,1,1,service_time_sampled=0.158
112.85044674635773,service_end,,,198,5,1,1,1,duration=0.158
112.85044674635773,service_start,,,199,4,1,1,1,service_time_sampled=0.010
112.86044674635774,service_end,,,199,4,1,1,1,duration=0.010
112.86044674635774,service_start,,,200,3,1,1,1,service_time_sampled=0.216
113.07670790160203,service_end,,,200,3,1,1,1,duration=0.216
113.07670790160203,service_start,,,201,2,1,1,1,service_time_sampled=0.094
113.17064659710145,service_end,,,201,2,1,1,1,duration=0.094
113.17064659710145,service_start,,,202,1,1,1,1,service_time_sampled=0.013
113.18350930942444,service_end,,,202,1,1,1,1,duration=0.013
113.18350930942444,service_start,,,203,0,1,1,1,service_time_sampled=0.016
113.19933288098512,service_end,,,203,0,1,1,1,duration=0.016
113.49033223774094,failure,,,,,0,1,0,element=scanner
118.28715073177,repair,,,,,1,1,1,"element=scanner, repair_time=4.797"
119.0,unload_end,7,1,,0,1,1,1,
119.0,passengers_spawned,7,1,,0,1,1,1,count=22
119.0,passenger_queue_arrival,,,204,1,1,1,1,
119.0,passenger_queue_arrival,,,205,2,1,1,1,
119.0,passenger_queue_arrival,,,206,3,1,1,1,
119.0,passenger_queue_arrival,,,207,4,1,1,1,
119.0,passenger_queue_arrival,,,208,5,1,1,1,
119.0,passenger_queue_arrival,,,209,6,1,1,1,
119.0,passenger_queue_arrival,,,210,7,1,1,1,
119.0,passenger_queue_arrival,,,211,8,1,1,1,
119.0,passenger_queue_arrival,,,212,9,1,1,1,
119.0,passenger_queue_arrival,,,213,10,1,1,1,
119.0,passenger_queue_arrival,,,214,11,1,1,1,
119.0,passenger_queue_arrival,,,215,12,1,1,1,
119.0,passenger_queue_arrival,,,216,13,1,1,1,
119.0,passenger_queue_arrival,,,217,14,1,1,1,
119.0,passenger_queue_arrival,,,218,15,1,1,1,
119.0,passenger_queue_arrival,,,219,16,1,1,1,
119.0,passenger_queue_arrival,,,220,17,1,1,1,
119.0,passenger_queue_arrival,,,221,18,1,1,1,
119.0,passenger_queue_arrival,,,222,19,1,1,1,
119.0,passenger_queue_arrival,,,223,20,1,1,1,
119.0,passenger_queue_arrival,,,224,21,1,1,1,
119.0,passenger_queue_arrival,,,225,22,1,1,1,
119.0,landing_start,8,3,,22,1,1,1,landing_time=1
119.0,service_start,,,204,21,1,1,1,service_time_sampled=0.013
119.01319516268003,service_end,,,204,21,1,1,1,duration=0.013
119.01319516268003,service_start,,,205,20,1,1,1,service_time_sampled=0.240
119.25366076770871,service_end,,,205,20,1,1,1,duration=0.240
119.25366076770871,service_start,,,206,19,1,1,1,service_time_sampled=0.063
119.31682756236994,service_end,,,206,19,1,1,1,duration=0.063
119.31682756236994,service_start,,,207,18,1,1,1,service_time_sampled=0.011
119.32743319847421,service_end,,,207,18,1,1,1,duration=0.011
119.32743319847421,service_start,,,208,17,1,1,1,service_time_sampled=0.040
119.36758182388277,service_end,,,208,17,1,1,1,duration=0.040
119.36758182388277,service_start,,,209,16,1,1,1,service_time_sampled=0.075
119.44299014836433,service_end,,,209,16,1,1,1,duration=0.075
119.44299014836433,service_start,,,210,15,1,1,1,service_time_sampled=0.196
119.63947271407137,service_end,,,210,15,1,1,1,duration=0.196
119.63947271407137,service_start,,,211,14,1,1,1,service_time_sampled=0.247
119.88645695638607,service_end,,,211,14,1,1,1,duration=0.247
119.88645695638607,service_start,,,212,13,1,1,1,service_time_sampled=0.018
119.90435714240728,service_end,,,212,13,1,1,1,duration=0.018
119.90435714240728,service_start,,,213,12,1,1,1,service_time_sampled=0.092
119.99632889077853,service_end,,,213,12,1,1,1,duration=0.092
119.99632889077853,service_start,,,214,11,1,1,1,service_time_sampled=0.132
120.0,plane_arrive,10,2,,11,1,1,1,air_q=2
120.0,landing_end,8,3,,11,1,1,1,pad_q=1
120.12783669771002,service_end,,,214,11,1,1,1,duration=0.132
120.12783669771002,service_start,,,215,10,1,1,1,service_time_sampled=0.021
120.14880623659326,service_end,,,215,10,1,1,1,duration=0.021
120.14880623659326,service_start,,,216,9,1,1,1,service_time_sampled=0.238
120.38698365145126,service_end,,,216,9,1,1,1,duration=0.238
120.38698365145126,service_start,,,217,8,1,1,1,service_time_sampled=0.010
120.39698365145127,service_end,,,217,8,1,1,1,duration=0.010
120.39698365145127,service_start,,,218,7,1,1,1,service_time_sampled=0.029
120.42577603305018,service_end,,,218,7,1,1,1,duration=0.029
120.42577603305018,service_start,,,219,6,1,1,1,service_time_sampled=0.038
120.4633583345797,service_end,,,219,6,1,1,1,duration=0.038
120.4633583345797,service_start,,,220,5,1,1,1,service_time_sampled=0.047
120.51059807066059,service_end,,,220,5,1,1,1,duration=0.047
120.51059807066059,service_start,,,221,4,1,1,1,service_time_sampled=0.057
120.56773770749723,service_end,,,221,4,1,1,1,duration=0.057
120.56773770749723,service_start,,,222,3,1,1,1,service_time_sampled=0.105
120.6725000185821,service_end,,,222,3,1,1,1,duration=0.105
120.6725000185821,service_start,,,223,2,1,1,1,service_time_sampled=0.237
120.90917238287837,service_end,,,223,2,1,1,1,duration=0.237
120.90917238287837,service_start,,,224,1,1,1,1,service_time_sampled=0.234
121.14331520354142,service_end,,,224,1,1,1,1,duration=0.234
121.14331520354142,service_start,,,225,0,1,1,1,service_time_sampled=0.406
121.54949145731625,service_end,,,225,0,1,1,1,duration=0.406
122.0,plane_arrive,11,3,,0,1,1,1,air_q=3
127.0,unload_end,8,3,,0,1,1,1,
127.0,passengers_spawned,8,3,,0,1,1,1,count=59
127.0,passenger_queue_arrival,,,226,1,1,1,1,
127.0,passenger_queue_arrival,,,227,2,1,1,1,
127.0,passenger_queue_arrival,,,228,3,1,1,1,
127.0,passenger_queue_arrival,,,229,4,1,1,1,
127.0,passenger_queue_arrival,,,230,5,1,1,1,
127.0,passenger_queue_arrival,,,231,6,1,1,1,
127.0,passenger_queue_arrival,,,232,7,1,1,1,
127.0,passenger_queue_arrival,,,233,8,1,1,1,
127.0,passenger_queue_arrival,,,234,9,1,1,1,
127.0,passenger_queue_arrival,,,235,10,1,1,1,
127.0,passenger_queue_arrival,,,236,11,1,1,1,
127.0,passenger_queue_arrival,,,237,12,1,1,1,
127.0,passenger_queue_arrival,,,238,13,1,1,1,
127.0,passenger_queue_arrival,,,239,14,1,1,1,
127.0,passenger_queue_arrival,,,240,15,1,1,1,
127.0,passenger_queue_arrival,,,241,16,1,1,1,
127.0,passenger_queue_arrival,,,242,17,1,1,1,
127.0,passenger_queue_arrival,,,243,18,1,1,1,
127.0,passenger_queue_arrival,,,244,19,1,1,1,
127.0,passenger_queue_arrival,,,245,20,1,1,1,
127.0,passenger_queue_arrival,,,246,21,1,1,1,
127.0,passenger_queue_arrival,,,247,22,1,1,1,
127.0,passenger_queue_arrival,,,248,23,1,1,1,
127.0,passenger_queue_arrival,,,249,24,1,1,1,
127.0,passenger_queue_arrival,,,250,25,1,1,1,
127.0,passenger_queue_arrival,,,251,26,1,1,1,
127.0,passenger_queue_arrival,,,252,27,1,1,1,
127.0,passenger_queue_arrival,,,253,28,1,1,1,
127.0,passenger_queue_arrival,,,254,29,1,1,1,
127.0,passenger_queue_arrival,,,255,30,1,1,1,
127.0,passenger_queue_arrival,,,256,31,1,1,1,
127.0,passenger_queue_arrival,,,257,32,1,1,1,
127.0,passenger_queue_arrival,,,258,33,1,1,1,
127.0,passenger_queue_arrival,,,259,34,1,1,1,
127.0,passenger_queue_arrival,,,260,35,1,1,1,
127.0,passenger_queue_arrival,,,261,36,1,1,1,
127.0,passenger_queue_arrival,,,262,37,1,1,1,
127.0,passenger_queue_arrival,,,263,38,1,1,1,
127.0,passenger_queue_arrival,,,264,39,1,1,1,
127.0,passenger_queue_arrival,,,265,40,1,1,1,
127.0,passenger_queue_arrival,,,266,41,1,1,1,
127.0,passenger_queue_arrival,,,267,42,1,1,1,
127.0,passenger_queue_arrival,,,268,43,1,1,1,
127.0,passenger_queue_arrival,,,269,44,1,1,1,
127.0,passenger_queue_arrival,,,270,45,1,1,1,
127.0,passenger_queue_arrival,,,271,46,1,1,1,
127.0,passenger_queue_arrival,,,272,47,1,1,1,
127.0,passenger_queue_arrival,,,273,48,1,1,1,
127.0,passenger_queue_arrival,,,274,49,1,1,1,
127.0,passenger_queue_arrival,,,275,50,1,1,1,
127.0,passenger_queue_arrival,,,276,51,1,1,1,
127.0,passenger_queue_arrival,,,277,52,1,1,1,
127.0,passenger_queue_arrival,,,278,53,1,1,1,
127.0,passenger_queue_arrival,,,279,54,1,1,1,
127.0,passenger_queue_arrival,,,280,55,1,1,1,
127.0,passenger_queue_arrival,,,281,56,1,1,1,
127.0,passenger_queue_arrival,,,282,57,1,1,1,
127.0,passenger_queue_arrival,,,283,58,1,1,1,
127.0,passenger_queue_arrival,,,284,59,1,1,1,
127.0,landing_start,9,2,,59,1,1,1,landing_time=5
127.0,service_start,,,226,58,1,1,1,service_time_sampled=0.058
127.05824134442797,service_end,,,226,58,1,1,1,duration=0.058
127.05824134442797,service_start,,,227,57,1,1,1,service_time_sampled=0.097
127.15474587592963,service_end,,,227,57,1,1,1,duration=0.097
127.15474587592963,service_start,,,228,56,1,1,1,service_time_sampled=0.029
127.1838705094001,service_end,,,228,56,1,1,1,duration=0.029
127.1838705094001,service_start,,,229,55,1,1,1,service_time_sampled=0.111
127.2944469616081,service_end,,,229,55,1,1,1,duration=0.111
127.2944469616081,service_start,,,230,54,1,1,1,service_time_sampled=0.010
127.30444696160811,service_end,,,230,54,1,1,1,duration=0.010
127.30444696160811,service_start,,,231,53,1,1,1,service_time_sampled=0.020
127.32491238517373,service_end,,,231,53,1,1,1,duration=0.020
127.32491238517373,service_start,,,232,52,1,1,1,service_time_sampled=0.051
127.37560959723508,service_end,,,232,52,1,1,1,duration=0.051
127.37560959723508,service_start,,,233,51,1,1,1,service_time_sampled=0.195
127.57046645662469,service_end,,,233,51,1,1,1,duration=0.195
127.57046645662469,service_start,,,234,50,1,1,1,service_time_sampled=0.158
127.72891905423211,service_end,,,234,50,1,1,1,duration=0.158
127.72891905423211,service_start,,,235,49,1,1,1,service_time_sampled=0.052
127.78052861166833,service_end,,,235,49,1,1,1,duration=0.052
127.78052861166833,service_start,,,236,48,1,1,1,service_time_sampled=0.121
127.90165374971333,service_end,,,236,48,1,1,1,duration=0.121
127.90165374971333,service_start,,,237,47,1,1,1,service_time_sampled=0.010
127.91165374971334,service_end,,,237,47,1,1,1,duration=0.010
127.91165374971334,service_start,,,238,46,1,1,1,service_time_sampled=0.022
127.93402373326535,service_end,,,238,46,1,1,1,duration=0.022
127.93402373326535,service_start,,,239,45,1,1,1,service_time_sampled=0.502
128.43560135801494,service_end,,,239,45,1,1,1,duration=0.502
128.43560135801494,service_start,,,240,44,1,1,1,service_time_sampled=0.043
128.4783300777189,service_end,,,240,44,1,1,1,duration=0.043
128.4783300777189,service_start,,,241,43,1,1,1,service_time_sampled=0.063
128.54110295900338,service_end,,,241,43,1,1,1,duration=0.063
128.54110295900338,service_start,,,242,42,1,1,1,service_time_sampled=0.099
128.64049609977334,service_end,,,242,42,1,1,1,duration=0.099
128.64049609977334,service_start,,,243,41,1,1,1,service_time_sampled=0.043
128.6839086563688,service_end,,,243,41,1,1,1,duration=0.043
128.6839086563688,service_start,,,244,40,1,1,1,service_time_sampled=0.081
128.76518510462338,service_end,,,244,40,1,1,1,duration=0.081
128.76518510462338,service_start,,,245,39,1,1,1,service_time_sampled=0.034
128.7994413781745,service_end,,,245,39,1,1,1,duration=0.034
128.7994413781745,service_start,,,246,38,1,1,1,service_time_sampled=0.010
128.80944137817448,service_end,,,246,38,1,1,1,duration=0.010
128.80944137817448,service_start,,,247,37,1,1,1,service_time_sampled=0.025
128.8341847810467,service_end,,,247,37,1,1,1,duration=0.025
128.8341847810467,service_start,,,248,36,1,1,1,service_time_sampled=0.093
128.926727793695,service_end,,,248,36,1,1,1,duration=0.093
128.926727793695,service_start,,,249,35,1,1,1,service_time_sampled=0.010
128.93672779369498,service_end,,,249,35,1,1,1,duration=0.010
128.93672779369498,service_start,,,250,34,1,1,1,service_time_sampled=0.065
129.0012429853341,service_end,,,250,34,1,1,1,duration=0.065
129.0012429853341,service_start,,,251,33,1,1,1,service_time_sampled=0.050
129.05102699844878,service_end,,,251,33,1,1,1,duration=0.050
129.05102699844878,service_start,,,252,32,1,1,1,service_time_sampled=0.067
129.11798545630455,service_end,,,252,32,1,1,1,duration=0.067
129.11798545630455,service_start,,,253,31,1,1,1,service_time_sampled=0.013
129.1310722621402,service_end,,,253,31,1,1,1,duration=0.013
129.1310722621402,service_start,,,254,30,1,1,1,service_time_sampled=0.299
129.43021472424778,service_end,,,254,30,1,1,1,duration=0.299
129.43021472424778,service_start,,,255,29,1,1,1,service_time_sampled=0.080
129.5105225878415,service_end,,,255,29,1,1,1,duration=0.080
129.5105225878415,service_start,,,256,28,1,1,1,service_time_sampled=0.230
129.74025979391328,service_end,,,256,28,1,1,1,duration=0.230
129.74025979391328,service_start,,,257,27,1,1,1,service_time_sampled=0.467
130.20767331657018,service_end,,,257,27,1,1,1,duration=0.467
130.20767331657018,service_start,,,258,26,1,1,1,service_time_sampled=0.053
130.26030625704476,service_end,,,258,26,1,1,1,duration=0.053
130.26030625704476,service_start,,,259,25,1,1,1,service_time_sampled=0.082
130.34182767137605,service_end,,,259,25,1,1,1,duration=0.082
130.34182767137605,service_start,,,260,24,1,1,1,service_time_sampled=0.150
130.4921557568699,service_end,,,260,24,1,1,1,duration=0.150
130.4921557568699,service_start,,,261,23,1,1,1,service_time_sampled=0.070
130.56166312402456,service_end,,,261,23,1,1,1,duration=0.070
130.56166312402456,service_start,,,262,22,1,1,1,service_time_sampled=0.045
130.60658779700879,service_end,,,262,22,1,1,1,duration=0.045
130.60658779700879,service_start,,,263,21,1,1,1,service_time_sampled=0.166
130.77247357681094,service_end,,,263,21,1,1,1,duration=0.166
130.77247357681094,service_start,,,264,20,1,1,1,service_time_sampled=0.281
131.05348542774487,service_end,,,264,20,1,1,1,duration=0.281
131.05348542774487,service_start,,,265,19,1,1,1,service_time_sampled=0.315
131.36871627074953,service_end,,,265,19,1,1,1,duration=0.315
131.36871627074953,service_start,,,266,18,1,1,1,service_time_sampled=0.123
131.49190196260423,service_end,,,266,18,1,1,1,duration=0.123
131.49190196260423,service_start,,,267,17,1,1,1,service_time_sampled=0.059
131.55076673778737,service_end,,,267,17,1,1,1,duration=0.059
131.55076673778737,service_start,,,268,16,1,1,1,service_time_sampled=0.459
132.0,landing_end,9,2,,16,1,1,1,pad_q=1
132.00969836767936,service_end,,,268,16,1,1,1,duration=0.459
132.00969836767936,service_start,,,269,15,1,1,1,service_time_sampled=0.127
132.13701597525926,service_end,,,269,15,1,1,1,duration=0.127
132.13701597525926,service_start,,,270,14,1,1,1,service_time_sampled=0.010
132.14701597525925,service_end,,,270,14,1,1,1,duration=0.010
132.14701597525925,service_start,,,271,13,1,1,1,service_time_sampled=0.011
132.15807474429081,service_end,,,271,13,1,1,1,duration=0.011
132.15807474429081,service_start,,,272,12,1,1,1,service_time_sampled=0.173
132.33129634232796,service_end,,,272,12,1,1,1,duration=0.173
132.33129634232796,service_start,,,273,11,1,1,1,service_time_sampled=0.010
132.34129634232795,service_end,,,273,11,1,1,1,duration=0.010
132.34129634232795,service_start,,,274,10,1,1,1,service_time_sampled=0.010
132.35129634232794,service_end,,,274,10,1,1,1,duration=0.010
132.35129634232794,service_start,,,275,9,1,1,1,service_time_sampled=0.063
132.41386614631136,service_end,,,275,9,1,1,1,duration=0.063
132.41386614631136,service_start,,,276,8,1,1,1,service_time_sampled=0.091
132.5053531164219,service_end,,,276,8,1,1,1,duration=0.091
132.5053531164219,service_start,,,277,7,1,1,1,service_time_sampled=0.074
132.57975233439421,service_end,,,277,7,1,1,1,duration=0.074
132.57975233439421,service_start,,,278,6,1,1,1,service_time_sampled=0.084
132.66358233280525,service_end,,,278,6,1,1,1,duration=0.084
132.66358233280525,service_start,,,279,5,1,1,1,service_time_sampled=0.110
132.77348340864768,service_end,,,279,5,1,1,1,duration=0.110
132.77348340864768,service_start,,,280,4,1,1,1,service_time_sampled=0.142
132.9156405558778,service_end,,,280,4,1,1,1,duration=0.142
132.9156405558778,service_start,,,281,3,1,1,1,service_time_sampled=0.069
132.98438793086936,service_end,,,281,3,1,1,1,duration=0.069
132.98438793086936,service_start,,,282,2,1,1,1,service_time_sampled=0.057
133.0,plane_arrive,12,2,,2,1,1,1,air_q=3
133.04181174069885,service_end,,,282,2,1,1,1,duration=0.057
133.04181174069885,service_start,,,283,1,1,1,1,service_time_sampled=0.023
133.06458910281364,service_end,,,283,1,1,1,1,duration=0.023
133.06458910281364,service_start,,,284,0,1,1,1,service_time_sampled=0.027
133.09122974879264,service_end,,,284,0,1,1,1,duration=0.027
139.0,unload_end,9,2,,0,1,1,1,
139.0,passengers_spawned,9,2,,0,1,1,1,count=33
139.0,passenger_queue_arrival,,,285,1,1,1,1,
139.0,passenger_queue_arrival,,,286,2,1,1,1,
139.0,passenger_queue_arrival,,,287,3,1,1,1,
139.0,passenger_queue_arrival,,,288,4,1,1,1,
139.0,passenger_queue_arrival,,,289,5,1,1,1,
139.0,passenger_queue_arrival,,,290,6,1,1,1,
139.0,passenger_queue_arrival,,,291,7,1,1,1,
139.0,passenger_queue_arrival,,,292,8,1,1,1,
139.0,passenger_queue_arrival,,,293,9,1,1,1,
139.0,passenger_queue_arrival,,,294,10,1,1,1,
139.0,passenger_queue_arrival,,,295,11,1,1,1,
139.0,passenger_queue_arrival,,,296,12,1,1,1,
139.0,passenger_queue_arrival,,,297,13,1,1,1,
139.0,passenger_queue_arrival,,,298,14,1,1,1,
139.0,passenger_queue_arrival,,,299,15,1,1,1,
139.0,passenger_queue_arrival,,,300,16,1,1,1,
139.0,passenger_queue_arrival,,,301,17,1,1,1,
139.0,passenger_queue_arrival,,,302,18,1,1,1,
139.0,passenger_queue_arrival,,,303,19,1,1,1,
139.0,passenger_queue_arrival,,,304,20,1,1,1,
139.0,passenger_queue_arrival,,,305,21,1,1,1,
139.0,passenger_queue_arrival,,,306,22,1,1,1,
139.0,passenger_queue_arrival,,,307,23,1,1,1,
139.0,passenger_queue_arrival,,,308,24,1,1,1,
139.0,passenger_queue_arrival,,,309,25,1,1,1,
139.0,passenger_queue_arrival,,,310,26,1,1,1,
139.0,passenger_queue_arrival,,,311,27,1,1,1,
139.0,passenger_queue_arrival,,,312,28,1,1,1,
139.0,passenger_queue_arrival,,,313,29,1,1,1,
139.0,passenger_queue_arrival,,,314,30,1,1,1,
139.0,passenger_queue_arrival,,,315,31,1,1,1,
139.0,passenger_queue_arrival,,,316,32,1,1,1,
139.0,passenger_queue_arrival,,,317,33,1,1,1,
139.0,landing_start,10,2,,33,1,1,1,landing_time=2
139.0,service_start,,,285,32,1,1,1,service_time_sampled=0.216
139.21573290743245,service_end,,,285,32,1,1,1,duration=0.216
139.21573290743245,service_start,,,286,31,1,1,1,service_time_sampled=0.240
139.45527814027065,service_end,,,286,31,1,1,1,duration=0.240
139.45527814027065,service_start,,,287,30,1,1,1,service_time_sampled=0.010
139.46527814027064,service_end,,,287,30,1,1,1,duration=0.010
139.46527814027064,service_start,,,288,29,1,1,1,service_time_sampled=0.093
139.55854804569236,service_end,,,288,29,1,1,1,duration=0.093
139.55854804569236,service_start,,,289,28,1,1,1,service_time_sampled=0.175
139.73306002620953,service_end,,,289,28,1,1,1,duration=0.175
139.73306002620953,service_start,,,290,27,1,1,1,service_time_sampled=0.028
139.76121698593238,service_end,,,290,27,1,1,1,duration=0.028
139.76121698593238,service_start,,,291,26,1,1,1,service_time_sampled=0.086
139.84713436454246,service_end,,,291,26,1,1,1,duration=0.086
139.84713436454246,service_start,,,292,25,1,1,1,service_time_sampled=0.037
139.88417926154747,service_end,,,292,25,1,1,1,duration=0.037
139.88417926154747,service_start,,,293,24,1,1,1,service_time_sampled=0.128
140.01223242180893,service_end,,,293,24,1,1,1,duration=0.128
140.01223242180893,service_start,,,294,23,1,1,1,service_time_sampled=0.728
140.74007407390442,service_end,,,294,23,1,1,1,duration=0.728
140.74007407390442,service_start,,,295,22,1,1,1,service_time_sampled=0.200
140.9396597788347,service_end,,,295,22,1,1,1,duration=0.200
140.9396597788347,service_start,,,296,21,1,1,1,service_time_sampled=0.122
141.0,landing_end,10,2,,21,1,1,1,pad_q=1
141.06173624334636,service_end,,,296,21,1,1,1,duration=0.122
141.06173624334636,service_start,,,297,20,1,1,1,service_time_sampled=0.014
141.07555097977942,service_end,,,297,20,1,1,1,duration=0.014
141.07555097977942,service_start,,,298,19,1,1,1,service_time_sampled=0.077
141.15220628137286,service_end,,,298,19,1,1,1,duration=0.077
141.15220628137286,service_start,,,299,18,1,1,1,service_time_sampled=0.056
141.20831330333684,service_end,,,299,18,1,1,1,duration=0.056
141.20831330333684,service_start,,,300,17,1,1,1,service_time_sampled=0.219
141.42761157472466,service_end,,,300,17,1,1,1,duration=0.219
141.42761157472466,service_start,,,301,16,1,1,1,service_time_sampled=0.014
141.44144258936225,service_end,,,301,16,1,1,1,duration=0.014
141.44144258936225,service_start,,,302,15,1,1,1,service_time_sampled=0.113
141.55480956623663,service_end,,,302,15,1,1,1,duration=0.113
141.55480956623663,service_start,,,303,14,1,1,1,service_time_sampled=0.084
141.63846432939974,service_end,,,303,14,1,1,1,duration=0.084
141.63846432939974,service_start,,,304,13,1,1,1,service_time_sampled=0.104
141.7422009725102,service_end,,,304,13,1,1,1,duration=0.104
141.7422009725102,service_start,,,305,12,1,1,1,service_time_sampled=0.127
141.8693404525585,service_end,,,305,12,1,1,1,duration=0.127
141.8693404525585,service_start,,,306,11,1,1,1,service_time_sampled=0.069
141.93813134027093,service_end,,,306,11,1,1,1,duration=0.069
141.93813134027093,service_start,,,307,10,1,1,1,service_time_sampled=0.092
142.0,plane_arrive,13,3,,10,1,1,1,air_q=3
142.03019785697842,service_end,,,307,10,1,1,1,duration=0.092
142.03019785697842,service_start,,,308,9,1,1,1,service_time_sampled=0.049
142.07885875099376,service_end,,,308,9,1,1,1,duration=0.049
142.07885875099376,service_start,,,309,8,1,1,1,service_time_sampled=0.086
142.1651129778809,service_end,,,309,8,1,1,1,duration=0.086
142.1651129778809,service_start,,,310,7,1,1,1,service_time_sampled=0.086
142.25141848052087,service_end,,,310,7,1,1,1,duration=0.086
142.25141848052087,service_start,,,311,6,1,1,1,service_time_sampled=0.139
142.39002712614422,service_end,,,311,6,1,1,1,duration=0.139
142.39002712614422,service_start,,,312,5,1,1,1,service_time_sampled=0.028
142.4182315999396,service_end,,,312,5,1,1,1,duration=0.028
142.4182315999396,service_start,,,313,4,1,1,1,service_time_sampled=0.118
142.53585916673322,service_end,,,313,4,1,1,1,duration=0.118
142.53585916673322,service_start,,,314,3,1,1,1,service_time_sampled=0.031
142.56672037202884,service_end,,,314,3,1,1,1,duration=0.031
142.56672037202884,service_start,,,315,2,1,1,1,service_time_sampled=0.052
142.61870153582538,service_end,,,315,2,1,1,1,duration=0.052
142.61870153582538,service_start,,,316,1,1,1,1,service_time_sampled=0.411
143.02935006981795,service_end,,,316,1,1,1,1,duration=0.411
143.02935006981795,service_start,,,317,0,1,1,1,service_time_sampled=0.287
143.31593936353963,service_end,,,317,0,1,1,1,duration=0.287
144.56555870438507,failure,,,,,0,1,0,element=scanner
148.0,unload_end,10,2,,0,0,1,0,
148.0,passengers_spawned,10,2,,0,0,1,0,count=34
148.0,passenger_queue_arrival,,,318,1,0,1,0,
148.0,passenger_queue_arrival,,,319,2,0,1,0,
148.0,passenger_queue_arrival,,,320,3,0,1,0,
148.0,passenger_queue_arrival,,,321,4,0,1,0,
148.0,passenger_queue_arrival,,,322,5,0,1,0,
148.0,passenger_queue_arrival,,,323,6,0,1,0,
148.0,passenger_queue_arrival,,,324,7,0,1,0,
148.0,passenger_queue_arrival,,,325,8,0,1,0,
148.0,passenger_queue_arrival,,,326,9,0,1,0,
148.0,passenger_queue_arrival,,,327,10,0,1,0,
148.0,passenger_queue_arrival,,,328,11,0,1,0,
148.0,passenger_queue_arrival,,,329,12,0,1,0,
148.0,passenger_queue_arrival,,,330,13,0,1,0,
148.0,passenger_queue_arrival,,,331,14,0,1,0,
148.0,passenger_queue_arrival,,,332,15,0,1,0,
148.0,passenger_queue_arrival,,,333,16,0,1,0,
148.0,passenger_queue_arrival,,,334,17,0,1,0,
148.0,passenger_queue_arrival,,,335,18,0,1,0,
148.0,passenger_queue_arrival,,,336,19,0,1,0,
148.0,passenger_queue_arrival,,,337,20,0,1,0,
148.0,passenger_queue_arrival,,,338,21,0,1,0,
148.0,passenger_queue_arrival,,,339,22,0,1,0,
148.0,passenger_queue_arrival,,,340,23,0,1,0,
148.0,passenger_queue_arrival,,,341,24,0,1,0,
148.0,passenger_queue_arrival,,,342,25,0,1,0,
148.0,passenger_queue_arrival,,,343,26,0,1,0,
148.0,passenger_queue_arrival,,,344,27,0,1,0,
148.0,passenger_queue_arrival,,,345,28,0,1,0,
148.0,passenger_queue_arrival,,,346,29,0,1,0,
148.0,passenger_queue_arrival,,,347,30,0,1,0,
148.0,passenger_queue_arrival,,,348,31,0,1,0,
148.0,passenger_queue_arrival,,,349,32,0,1,0,
148.0,passenger_queue_arrival,,,350,33,0,1,0,
148.0,passenger_queue_arrival,,,351,34,0,1,0,
148.0,landing_start,11,3,,34,0,1,0,landing_time=3
148.0,service_start,,,318,33,0,1,0,service_time_sampled=0.259
150.67710289656674,repair,,,,,1,1,1,"element=scanner, repair_time=6.112"
150.95941451730457,service_end,,,318,33,1,1,1,duration=2.959
150.95941451730457,service_start,,,319,32,1,1,1,service_time_sampled=0.021
150.98060085025722,service_end,,,319,32,1,1,1,duration=0.021
150.98060085025722,service_start,,,320,31,1,1,1,service_time_sampled=0.060
151.0,landing_end,11,3,,31,1,1,1,pad_q=1
151.04015490320305,service_end,,,320,31,1,1,1,duration=0.060
151.04015490320305,service_start,,,321,30,1,1,1,service_time_sampled=0.044
151.08374012264682,service_end,,,321,30,1,1,1,duration=0.044
151.08374012264682,service_start,,,322,29,1,1,1,service_time_sampled=0.153
151.23692083834942,service_end,,,322,29,1,1,1,duration=0.153
151.23692083834942,service_start,,,323,28,1,1,1,service_time_sampled=0.079
151.31638240450755,service_end,,,323,28,1,1,1,duration=0.079
151.31638240450755,service_start,,,324,27,1,1,1,service_time_sampled=0.201
151.51752828844621,service_end,,,324,27,1,1,1,duration=0.201
151.51752828844621,service_start,,,325,26,1,1,1,service_time_sampled=0.091
151.60837347154123,service_end,,,325,26,1,1,1,duration=0.091
151.60837347154123,service_start,,,326,25,1,1,1,service_time_sampled=0.309
151.91727004831608,service_end,,,326,25,1,1,1,duration=0.309
151.91727004831608,service_start,,,327,24,1,1,1,service_time_sampled=0.010
151.92727004831607,service_end,,,327,24,1,1,1,duration=0.010
151.92727004831607,service_start,,,328,23,1,1,1,service_time_sampled=0.017
151.94474882515655,service_end,,,328,23,1,1,1,duration=0.017
151.94474882515655,service_start,,,329,22,1,1,1,service_time_sampled=0.045
151.9894132707784,service_end,,,329,22,1,1,1,duration=0.045
151.9894132707784,service_start,,,330,21,1,1,1,service_time_sampled=0.178
152.1672305472148,service_end,,,330,21,1,1,1,duration=0.178
152.1672305472148,service_start,,,331,20,1,1,1,service_time_sampled=0.074
152.24163992299975,service_end,,,331,20,1,1,1,duration=0.074
152.24163992299975,service_start,,,332,19,1,1,1,service_time_sampled=0.247
152.48911513973644,service_end,,,332,19,1,1,1,duration=0.247
152.48911513973644,service_start,,,333,18,1,1,1,service_time_sampled=0.202
152.69069893699992,service_end,,,333,18,1,1,1,duration=0.202
152.69069893699992,service_start,,,334,17,1,1,1,service_time_sampled=0.254
152.94447847457883,service_end,,,334,17,1,1,1,duration=0.254
152.94447847457883,service_start,,,335,16,1,1,1,service_time_sampled=0.077
153.0216720193422,service_end,,,335,16,1,1,1,duration=0.077
153.0216720193422,service_start,,,336,15,1,1,1,service_time_sampled=0.058
153.07968900276512,service_end,,,336,15,1,1,1,duration=0.058
153.07968900276512,service_start,,,337,14,1,1,1,service_time_sampled=0.060
153.13989440333984,service_end,,,337,14,1,1,1,duration=0.060
153.13989440333984,service_start,,,338,13,1,1,1,service_time_sampled=0.094
153.23422108278197,service_end,,,338,13,1,1,1,duration=0.094
153.23422108278197,service_start,,,339,12,1,1,1,service_time_sampled=0.010
153.24422108278196,service_end,,,339,12,1,1,1,duration=0.010
153.24422108278196,service_start,,,340,11,1,1,1,service_time_sampled=0.012
153.25609880788446,service_end,,,340,11,1,1,1,duration=0.012
153.25609880788446,service_start,,,341,10,1,1,1,service_time_sampled=0.198
153.45367180899964,service_end,,,341,10,1,1,1,duration=0.198
153.45367180899964,service_start,,,342,9,1,1,1,service_time_sampled=0.091
153.54489777886297,service_end,,,342,9,1,1,1,duration=0.091
153.54489777886297,service_start,,,343,8,1,1,1,service_time_sampled=0.115
153.659478592369,service_end,,,343,8,1,1,1,duration=0.115
153.659478592369,service_start,,,344,7,1,1,1,service_time_sampled=0.010
153.669478592369,service_end,,,344,7,1,1,1,duration=0.010
153.669478592369,service_start,,,345,6,1,1,1,service_time_sampled=0.069
153.7389492048442,service_end,,,345,6,1,1,1,duration=0.069
153.7389492048442,service_start,,,346,5,1,1,1,service_time_sampled=0.176
153.91456672786362,service_end,,,346,5,1,1,1,duration=0.176
153.91456672786362,service_start,,,347,4,1,1,1,service_time_sampled=0.043
153.957318899895,service_end,,,347,4,1,1,1,duration=0.043
153.957318899895,service_start,,,348,3,1,1,1,service_time_sampled=0.289
154.24657360272423,service_end,,,348,3,1,1,1,duration=0.289
154.24657360272423,service_start,,,349,2,1,1,1,service_time_sampled=0.068
154.31419998684527,service_end,,,349,2,1,1,1,duration=0.068
154.31419998684527,service_start,,,350,1,1,1,1,service_time_sampled=0.449
154.76361684424432,service_end,,,350,1,1,1,1,duration=0.449
154.76361684424432,service_start,,,351,0,1,1,1,service_time_sampled=0.233
154.9970555047348,service_end,,,351,0,1,1,1,duration=0.233
158.0,unload_end,11,3,,0,1,1,1,
158.0,passengers_spawned,11,3,,0,1,1,1,count=57
158.0,passenger_queue_arrival,,,352,1,1,1,1,
158.0,passenger_queue_arrival,,,353,2,1,1,1,
158.0,passenger_queue_arrival,,,354,3,1,1,1,
158.0,passenger_queue_arrival,,,355,4,1,1,1,
158.0,passenger_queue_arrival,,,356,5,1,1,1,
158.0,passenger_queue_arrival,,,357,6,1,1,1,
158.0,passenger_queue_arrival,,,358,7,1,1,1,
158.0,passenger_queue_arrival,,,359,8,1,1,1,
158.0,passenger_queue_arrival,,,360,9,1,1,1,
158.0,passenger_queue_arrival,,,361,10,1,1,1,
158.0,passenger_queue_arrival,,,362,11,1,1,1,
158.0,passenger_queue_arrival,,,363,12,1,1,1,
158.0,passenger_queue_arrival,,,364,13,1,1,1,
158.0,passenger_queue_arrival,,,365,14,1,1,1,
158.0,passenger_queue_arrival,,,366,15,1,1,1,
158.0,passenger_queue_arrival,,,367,16,1,1,1,
158.0,passenger_queue_arrival,,,368,17,1,1,1,
158.0,passenger_queue_arrival,,,369,18,1,1,1,
158.0,passenger_queue_arrival,,,370,19,1,1,1,
158.0,passenger_queue_arrival,,,371,20,1,1,1,
158.0,passenger_queue_arrival,,,372,21,1,1,1,
158.0,passenger_queue_arrival,,,373,22,1,1,1,
158.0,passenger_queue_arrival,,,374,23,1,1,1,
158.0,passenger_queue_arrival,,,375,24,1,1,1,
158.0,passenger_queue_arrival,,,376,25,1,1,1,
158.0,passenger_queue_arrival,,,377,26,1,1,1,
158.0,passenger_queue_arrival,,,378,27,1,1,1,
158.0,passenger_queue_arrival,,,379,28,1,1,1,
158.0,passenger_queue_arrival,,,380,29,1,1,1,
158.0,passenger_queue_arrival,,,381,30,1,1,1,
158.0,passenger_queue_arrival,,,382,31,1,1,1,
158.0,passenger_queue_arrival,,,383,32,1,1,1,
158.0,passenger_queue_arrival,,,384,33,1,1,1,
158.0,passenger_queue_arrival,,,385,34,1,1,1,
158.0,passenger_queue_arrival,,,386,35,1,1,1,
158.0,passenger_queue_arrival,,,387,36,1,1,1,
158.0,passenger_queue_arrival,,,388,37,1,1,1,
158.0,passenger_queue_arrival,,,389,38,1,1,1,
158.0,passenger_queue_arrival,,,390,39,1,1,1,
158.0,passenger_queue_arrival,,,391,40,1,1,1,
158.0,passenger_queue_arrival,,,392,41,1,1,1,
158.0,passenger_queue_arrival,,,393,42,1,1,1,
158.0,passenger_queue_arrival,,,394,43,1,1,1,
158.0,passenger_queue_arrival,,,395,44,1,1,1,
158.0,passenger_queue_arrival,,,396,45,1,1,1,
158.0,passenger_queue_arrival,,,397,46,1,1,1,
158.0,passenger_queue_arrival,,,398,47,1,1,1,
158.0,passenger_queue_arrival,,,399,48,1,1,1,
158.0,passenger_queue_arrival,,,400,49,1,1,1,
158.0,passenger_queue_arrival,,,401,50,1,1,1,
158.0,passenger_queue_arrival,,,402,51,1,1,1,
158.0,passenger_queue_arrival,,,403,52,1,1,1,
158.0,passenger_queue_arrival,,,404,53,1,1,1,
158.0,passenger_queue_arrival,,,405,54,1,1,1,
158.0,passenger_queue_arrival,,,406,55,1,1,1,
158.0,passenger_queue_arrival,,,407,56,1,1,1,
158.0,passenger_queue_arrival,,,408,57,1,1,1,
158.0,landing_start,12,2,,57,1,1,1,landing_time=3
158.0,service_start,,,352,56,1,1,1,service_time_sampled=0.238
158.23824201452823,service_end,,,352,56,1,1,1,duration=0.238
158.23824201452823,service_start,,,353,55,1,1,1,service_time_sampled=0.200
158.43821476907013,service_end,,,353,55,1,1,1,duration=0.200
158.43821476907013,service_start,,,354,54,1,1,1,service_time_sampled=0.134
158.5719622433948,service_end,,,354,54,1,1,1,duration=0.134
158.5719622433948,service_start,,,355,53,1,1,1,service_time_sampled=0.010
158.5819622433948,service_end,,,355,53,1,1,1,duration=0.010
158.5819622433948,service_start,,,356,52,1,1,1,service_time_sampled=0.025
158.60706911222775,service_end,,,356,52,1,1,1,duration=0.025
158.60706911222775,service_start,,,357,51,1,1,1,service_time_sampled=0.088
158.6954388224443,service_end,,,357,51,1,1,1,duration=0.088
158.6954388224443,service_start,,,358,50,1,1,1,service_time_sampled=0.037
158.7321445329608,service_end,,,358,50,1,1,1,duration=0.037
158.7321445329608,service_start,,,359,49,1,1,1,service_time_sampled=0.010
158.7421445329608,service_end,,,359,49,1,1,1,duration=0.010
158.7421445329608,service_start,,,360,48,1,1,1,service_time_sampled=0.246
158.98780459592854,service_end,,,360,48,1,1,1,duration=0.246
158.98780459592854,service_start,,,361,47,1,1,1,service_time_sampled=0.358
159.34577646995018,service_end,,,361,47,1,1,1,duration=0.358
159.34577646995018,service_start,,,362,46,1,1,1,service_time_sampled=0.045
159.3908627152167,service_end,,,362,46,1,1,1,duration=0.045
159.3908627152167,service_start,,,363,45,1,1,1,service_time_sampled=0.066
159.4564092458782,service_end,,,363,45,1,1,1,duration=0.066
159.4564092458782,service_start,,,364,44,1,1,1,service_time_sampled=0.208
159.66402534247112,service_end,,,364,44,1,1,1,duration=0.208
159.66402534247112,service_start,,,365,43,1,1,1,service_time_sampled=0.010
159.6740253424711,service_end,,,365,43,1,1,1,duration=0.010
159.6740253424711,service_start,,,366,42,1,1,1,service_time_sampled=0.128
159.80207418319844,service_end,,,366,42,1,1,1,duration=0.128
159.80207418319844,service_start,,,367,41,1,1,1,service_time_sampled=0.017
159.81909759244778,service_end,,,367,41,1,1,1,duration=0.017
159.81909759244778,service_start,,,368,40,1,1,1,service_time_sampled=0.042
159.8613973131047,service_end,,,368,40,1,1,1,duration=0.042
159.8613973131047,service_start,,,369,39,1,1,1,service_time_sampled=0.221
160.08284831317948,service_end,,,369,39,1,1,1,duration=0.221
160.08284831317948,service_start,,,370,38,1,1,1,service_time_sampled=0.010
160.09284831317947,service_end,,,370,38,1,1,1,duration=0.010
160.09284831317947,service_start,,,371,37,1,1,1,service_time_sampled=0.010
160.10284831317946,service_end,,,371,37,1,1,1,duration=0.010
160.10284831317946,service_start,,,372,36,1,1,1,service_time_sampled=0.068
160.17048014994873,service_end,,,372,36,1,1,1,duration=0.068
160.17048014994873,service_start,,,373,35,1,1,1,service_time_sampled=0.085
160.25509779108256,service_end,,,373,35,1,1,1,duration=0.085
160.25509779108256,service_start,,,374,34,1,1,1,service_time_sampled=0.249
160.50386663782461,service_end,,,374,34,1,1,1,duration=0.249
160.50386663782461,service_start,,,375,33,1,1,1,service_time_sampled=0.158
160.66173858183262,service_end,,,375,33,1,1,1,duration=0.158
160.66173858183262,service_start,,,376,32,1,1,1,service_time_sampled=0.140
160.80167102129303,service_end,,,376,32,1,1,1,duration=0.140
160.80167102129303,service_start,,,377,31,1,1,1,service_time_sampled=0.021
160.82218807626626,service_end,,,377,31,1,1,1,duration=0.021
160.82218807626626,service_start,,,378,30,1,1,1,service_time_sampled=0.540
161.0,landing_end,12,2,,30,1,1,1,pad_q=1
161.36224267288677,service_end,,,378,30,1,1,1,duration=0.540
161.36224267288677,service_start,,,379,29,1,1,1,service_time_sampled=0.066
161.42843856637677,service_end,,,379,29,1,1,1,duration=0.066
161.42843856637677,service_start,,,380,28,1,1,1,service_time_sampled=0.118
161.54670851110234,service_end,,,380,28,1,1,1,duration=0.118
161.54670851110234,service_start,,,381,27,1,1,1,service_time_sampled=0.061
161.60781768070964,service_end,,,381,27,1,1,1,duration=0.061
161.60781768070964,service_start,,,382,26,1,1,1,service_time_sampled=0.010
161.61781768070963,service_end,,,382,26,1,1,1,duration=0.010
161.61781768070963,service_start,,,383,25,1,1,1,service_time_sampled=0.080
161.69738736000468,service_end,,,383,25,1,1,1,duration=0.080
161.69738736000468,service_start,,,384,24,1,1,1,service_time_sampled=0.021
161.717903528474,service_end,,,384,24,1,1,1,duration=0.021
161.717903528474,service_start,,,385,23,1,1,1,service_time_sampled=0.010
161.727903528474,service_end,,,385,23,1,1,1,duration=0.010
161.727903528474,service_start,,,386,22,1,1,1,service_time_sampled=0.120
161.84799931964272,service_end,,,386,22,1,1,1,duration=0.120
161.84799931964272,service_start,,,387,21,1,1,1,service_time_sampled=0.124
161.97226946622752,service_end,,,387,21,1,1,1,duration=0.124
161.97226946622752,service_start,,,388,20,1,1,1,service_time_sampled=0.014
161.98617681530612,service_end,,,388,20,1,1,1,duration=0.014
161.98617681530612,service_start,,,389,19,1,1,1,service_time_sampled=0.100
162.08575266060996,service_end,,,389,19,1,1,1,duration=0.100
162.08575266060996,service_start,,,390,18,1,1,1,service_time_sampled=0.053
162.13896138817105,service_end,,,390,18,1,1,1,duration=0.053
162.13896138817105,service_start,,,391,17,1,1,1,service_time_sampled=0.060
162.19940608662185,service_end,,,391,17,1,1,1,duration=0.060
162.19940608662185,service_start,,,392,16,1,1,1,service_time_sampled=0.187
162.38665427837896,service_end,,,392,16,1,1,1,duration=0.187
162.38665427837896,service_start,,,393,15,1,1,1,service_time_sampled=0.084
162.4709007244379,service_end,,,393,15,1,1,1,duration=0.084
162.4709007244379,service_start,,,394,14,1,1,1,service_time_sampled=0.266
162.73727059830986,service_end,,,394,14,1,1,1,duration=0.266
162.73727059830986,service_start,,,395,13,1,1,1,service_time_sampled=0.118
162.85501005082182,service_end,,,395,13,1,1,1,duration=0.118
162.85501005082182,service_start,,,396,12,1,1,1,service_time_sampled=0.079
162.93370847787747,service_end,,,396,12,1,1,1,duration=0.079
162.93370847787747,service_start,,,397,11,1,1,1,service_time_sampled=0.125
163.05877376128575,service_end,,,397,11,1,1,1,duration=0.125
163.05877376128575,service_start,,,398,10,1,1,1,service_time_sampled=0.052
163.11030956003395,service_end,,,398,10,1,1,1,duration=0.052
163.11030956003395,service_start,,,399,9,1,1,1,service_time_sampled=0.017
163.12690442035247,service_end,,,399,9,1,1,1,duration=0.017
163.12690442035247,service_start,,,400,8,1,1,1,service_time_sampled=0.143
163.27032576438015,service_end,,,400,8,1,1,1,duration=0.143
163.27032576438015,service_start,,,401,7,1,1,1,service_time_sampled=0.122
163.3919457822744,service_end,,,401,7,1,1,1,duration=0.122
163.3919457822744,service_start,,,402,6,1,1,1,service_time_sampled=0.194
163.58617637101713,service_end,,,402,6,1,1,1,duration=0.194
163.58617637101713,service_start,,,403,5,1,1,1,service_time_sampled=0.017
163.60316946237901,service_end,,,403,5,1,1,1,duration=0.017
163.60316946237901,service_start,,,404,4,1,1,1,service_time_sampled=0.303
163.90666436200402,service_end,,,404,4,1,1,1,duration=0.303
163.90666436200402,service_start,,,405,3,1,1,1,service_time_sampled=0.201
164.10743303484017,service_end,,,405,3,1,1,1,duration=0.201
164.10743303484017,service_start,,,406,2,1,1,1,service_time_sampled=0.311
164.41837791751715,service_end,,,406,2,1,1,1,duration=0.311
164.41837791751715,service_start,,,407,1,1,1,1,service_time_sampled=0.257
164.67586682740549,service_end,,,407,1,1,1,1,duration=0.257
164.67586682740549,service_start,,,408,0,1,1,1,service_time_sampled=0.143
164.81868987545766,service_end,,,408,0,1,1,1,duration=0.143
167.0,plane_arrive,14,1,,0,1,1,1,air_q=2
168.0,unload_end,12,2,,0,1,1,1,
168.0,passengers_spawned,12,2,,0,1,1,1,count=36
168.0,passenger_queue_arrival,,,409,1,1,1,1,
168.0,passenger_queue_arrival,,,410,2,1,1,1,
168.0,passenger_queue_arrival,,,411,3,1,1,1,
168.0,passenger_queue_arrival,,,412,4,1,1,1,
168.0,passenger_queue_arrival,,,413,5,1,1,1,
168.0,passenger_queue_arrival,,,414,6,1,1,1,
168.0,passenger_queue_arrival,,,415,7,1,1,1,
168.0,passenger_queue_arrival,,,416,8,1,1,1,
168.0,passenger_queue_arrival,,,417,9,1,1,1,
168.0,passenger_queue_arrival,,,418,10,1,1,1,
168.0,passenger_queue_arrival,,,419,11,1,1,1,
168.0,passenger_queue_arrival,,,420,12,1,1,1,
168.0,passenger_queue_arrival,,,421,13,1,1,1,
168.0,passenger_queue_arrival,,,422,14,1,1,1,
168.0,passenger_queue_arrival,,,423,15,1,1,1,
168.0,passenger_queue_arrival,,,424,16,1,1,1,
168.0,passenger_queue_arrival,,,425,17,1,1,1,
168.0,passenger_queue_arrival,,,426,18,1,1,1,
168.0,passenger_queue_arrival,,,427,19,1,1,1,
168.0,passenger_queue_arrival,,,428,20,1,1,1,
168.0,passenger_queue_arrival,,,429,21,1,1,1,
168.0,passenger_queue_arrival,,,430,22,1,1,1,
168.0,passenger_queue_arrival,,,431,23,1,1,1,
168.0,passenger_queue_arrival,,,432,24,1,1,1,
168.0,passenger_queue_arrival,,,433,25,1,1,1,
168.0,passenger_queue_arrival,,,434,26,1,1,1,
168.0,passenger_queue_arrival,,,435,27,1,1,1,
168.0,passenger_queue_arrival,,,436,28,1,1,1,
168.0,passenger_queue_arrival,,,437,29,1,1,1,
168.0,passenger_queue_arrival,,,438,30,1,1,1,
168.0,passenger_queue_arrival,,,439,31,1,1,1,
168.0,passenger_queue_arrival,,,440,32,1,1,1,
168.0,passenger_queue_arrival,,,441,33,1,1,1,
168.0,passenger_queue_arrival,,,442,34,1,1,1,
168.0,passenger_queue_arrival,,,443,35,1,1,1,
168.0,passenger_queue_arrival,,,444,36,1,1,1,
168.0,landing_start,13,3,,36,1,1,1,landing_time=5
168.0,service_start,,,409,35,1,1,1,service_time_sampled=0.058
168.05806864489514,service_end,,,409,35,1,1,1,duration=0.058
168.05806864489514,service_start,,,410,34,1,1,1,service_time_sampled=0.026
168.08448249320924,service_end,,,410,34,1,1,1,duration=0.026
168.08448249320924,service_start,,,411,33,1,1,1,service_time_sampled=0.055
168.13959710346853,service_end,,,411,33,1,1,1,duration=0.055
168.13959710346853,service_start,,,412,32,1,1,1,service_time_sampled=0.125
168.26456070148305,service_end,,,412,32,1,1,1,duration=0.125
168.26456070148305,service_start,,,413,31,1,1,1,service_time_sampled=0.392
168.65642791223172,service_end,,,413,31,1,1,1,duration=0.392
168.65642791223172,service_start,,,414,30,1,1,1,service_time_sampled=0.290
168.94668397606262,service_end,,,414,30,1,1,1,duration=0.290
168.94668397606262,service_start,,,415,29,1,1,1,service_time_sampled=0.010
168.9566839760626,service_end,,,415,29,1,1,1,duration=0.010
168.9566839760626,service_start,,,416,28,1,1,1,service_time_sampled=0.037
168.99354519582803,service_end,,,416,28,1,1,1,duration=0.037
168.99354519582803,service_start,,,417,27,1,1,1,service_time_sampled=0.010
169.00354519582802,service_end,,,417,27,1,1,1,duration=0.010
169.00354519582802,service_start,,,418,26,1,1,1,service_time_sampled=0.092
169.09530779736818,service_end,,,418,26,1,1,1,duration=0.092
169.09530779736818,service_start,,,419,25,1,1,1,service_time_sampled=0.105
169.20058818365146,service_end,,,419,25,1,1,1,duration=0.105
169.20058818365146,service_start,,,420,24,1,1,1,service_time_sampled=0.261
169.46139875448108,service_end,,,420,24,1,1,1,duration=0.261
169.46139875448108,service_start,,,421,23,1,1,1,service_time_sampled=0.033
169.49401339445603,service_end,,,421,23,1,1,1,duration=0.033
169.49401339445603,service_start,,,422,22,1,1,1,service_time_sampled=0.187
169.6812184017944,service_end,,,422,22,1,1,1,duration=0.187
169.6812184017944,service_start,,,423,21,1,1,1,service_time_sampled=0.270
169.951230512718,service_end,,,423,21,1,1,1,duration=0.270
169.951230512718,service_start,,,424,20,1,1,1,service_time_sampled=0.123
170.07464605197328,service_end,,,424,20,1,1,1,duration=0.123
170.07464605197328,service_start,,,425,19,1,1,1,service_time_sampled=0.087
170.16189412492446,service_end,,,425,19,1,1,1,duration=0.087
170.16189412492446,service_start,,,426,18,1,1,1,service_time_sampled=0.093
170.2546105737264,service_end,,,426,18,1,1,1,duration=0.093
170.2546105737264,service_start,,,427,17,1,1,1,service_time_sampled=0.088
170.34304339952877,service_end,,,427,17,1,1,1,duration=0.088
170.34304339952877,service_start,,,428,16,1,1,1,service_time_sampled=0.364
170.70670457936714,service_end,,,428,16,1,1,1,duration=0.364
170.70670457936714,service_start,,,429,15,1,1,1,service_time_sampled=0.020
170.7263872852815,service_end,,,429,15,1,1,1,duration=0.020
170.7263872852815,service_start,,,430,14,1,1,1,service_time_sampled=0.278
171.00440768066932,service_end,,,430,14,1,1,1,duration=0.278
171.00440768066932,service_start,,,431,13,1,1,1,service_time_sampled=0.069
171.07294258028932,service_end,,,431,13,1,1,1,duration=0.069
171.07294258028932,service_start,,,432,12,1,1,1,service_time_sampled=0.011
171.08391431941382,service_end,,,432,12,1,1,1,duration=0.011
171.08391431941382,service_start,,,433,11,1,1,1,service_time_sampled=0.014
171.09774789467295,service_end,,,433,11,1,1,1,duration=0.014
171.09774789467295,service_start,,,434,10,1,1,1,service_time_sampled=0.010
171.10774789467294,service_end,,,434,10,1,1,1,duration=0.010
171.10774789467294,service_start,,,435,9,1,1,1,service_time_sampled=0.067
171.17480032658736,service_end,,,435,9,1,1,1,duration=0.067
171.17480032658736,service_start,,,436,8,1,1,1,service_time_sampled=0.021
171.19602392473482,service_end,,,436,8,1,1,1,duration=0.021
171.19602392473482,service_start,,,437,7,1,1,1,service_time_sampled=0.386
171.5824273011599,service_end,,,437,7,1,1,1,duration=0.386
171.5824273011599,service_start,,,438,6,1,1,1,service_time_sampled=0.196
171.77831015196344,service_end,,,438,6,1,1,1,duration=0.196
171.77831015196344,service_start,,,439,5,1,1,1,service_time_sampled=0.071
171.84881347086474,service_end,,,439,5,1,1,1,duration=0.071
171.84881347086474,service_start,,,440,4,1,1,1,service_time_sampled=0.067
171.91626366540467,service_end,,,440,4,1,1,1,duration=0.067
171.91626366540467,service_start,,,441,3,1,1,1,service_time_sampled=0.086
172.00206609191613,service_end,,,441,3,1,1,1,duration=0.086
172.00206609191613,service_start,,,442,2,1,1,1,service_time_sampled=0.249
172.25150666217067,service_end,,,442,2,1,1,1,duration=0.249
172.25150666217067,service_start,,,443,1,1,1,1,service_time_sampled=0.049
172.3005442660402,service_end,,,443,1,1,1,1,duration=0.049
172.3005442660402,service_start,,,444,0,1,1,1,service_time_sampled=0.036
172.3369362574348,service_end,,,444,0,1,1,1,duration=0.036
173.0,landing_end,13,3,,0,1,1,1,pad_q=1
175.0,plane_arrive,15,2,,0,1,1,1,air_q=2
176.0,plane_arrive,16,2,,0,1,1,1,air_q=3
180.0,unload_end,13,3,,0,1,1,1,
180.0,passengers_spawned,13,3,,0,1,1,1,count=56
180.0,passenger_queue_arrival,,,445,1,1,1,1,
180.0,passenger_queue_arrival,,,446,2,1,1,1,
180.0,passenger_queue_arrival,,,447,3,1,1,1,
180.0,passenger_queue_arrival,,,448,4,1,1,1,
180.0,passenger_queue_arrival,,,449,5,1,1,1,
180.0,passenger_queue_arrival,,,450,6,1,1,1,
180.0,passenger_queue_arrival,,,451,7,1,1,1,
180.0,passenger_queue_arrival,,,452,8,1,1,1,
180.0,passenger_queue_arrival,,,453,9,1,1,1,
180.0,passenger_queue_arrival,,,454,10,1,1,1,
180.0,passenger_queue_arrival,,,455,11,1,1,1,
180.0,passenger_queue_arrival,,,456,12,1,1,1,
180.0,passenger_queue_arrival,,,457,13,1,1,1,
180.0,passenger_queue_arrival,,,458,14,1,1,1,
180.0,passenger_queue_arrival,,,459,15,1,1,1,
180.0,passenger_queue_arrival,,,460,16,1,1,1,
180.0,passenger_queue_arrival,,,461,17,1,1,1,
180.0,passenger_queue_arrival,,,462,18,1,1,1,
180.0,passenger_queue_arrival,,,463,19,1,1,1,
180.0,passenger_queue_arrival,,,464,20,1,1,1,
180.0,passenger_queue_arrival,,,465,21,1,1,1,
180.0,passenger_queue_arrival,,,466,22,1,1,1,
180.0,passenger_queue_arrival,,,467,23,1,1,1,
180.0,passenger_queue_arrival,,,468,24,1,1,1,
180.0,passenger_queue_arrival,,,469,25,1,1,1,
180.0,passenger_queue_arrival,,,470,26,1,1,1,
180.0,passenger_queue_arrival,,,471,27,1,1,1,
180.0,passenger_queue_arrival,,,472,28,1,1,1,
180.0,passenger_queue_arrival,,,473,29,1,1,1,
180.0,passenger_queue_arrival,,,474,30,1,1,1,
180.0,passenger_queue_arrival,,,475,31,1,1,1,
180.0,passenger_queue_arrival,,,476,32,1,1,1,
180.0,passenger_queue_arrival,,,477,33,1,1,1,
180.0,passenger_queue_arrival,,,478,34,1,1,1,
180.0,passenger_queue_arrival,,,479,35,1,1,1,
180.0,passenger_queue_arrival,,,480,36,1,1,1,
180.0,passenger_queue_arrival,,,481,37,1,1,1,
180.0,passenger_queue_arrival,,,482,38,1,1,1,
180.0,passenger_queue_arrival,,,483,39,1,1,1,
180.0,passenger_queue_arrival,,,484,40,1,1,1,
180.0,passenger_queue_arrival,,,485,41,1,1,1,
180.0,passenger_queue_arrival,,,486,42,1,1,1,
180.0,passenger_queue_arrival,,,487,43,1,1,1,
180.0,passenger_queue_arrival,,,488,44,1,1,1,
180.0,passenger_queue_arrival,,,489,45,1,1,1,
180.0,passenger_queue_arrival,,,490,46,1,1,1,
180.0,passenger_queue_arrival,,,491,47,1,1,1,
180.0,passenger_queue_arrival,,,492,48,1,1,1,
180.0,passenger_queue_arrival,,,493,49,1,1,1,
180.0,passenger_queue_arrival,,,494,50,1,1,1,
180.0,passenger_queue_arrival,,,495,51,1,1,1,
180.0,passenger_queue_arrival,,,496,52,1,1,1,
180.0,passenger_queue_arrival,,,497,53,1,1,1,
180.0,passenger_queue_arrival,,,498,54,1,1,1,
180.0,passenger_queue_arrival,,,499,55,1,1,1,
180.0,passenger_queue_arrival,,,500,56,1,1,1,
180.0,landing_start,14,1,,56,1,1,1,landing_time=3
180.0,service_start,,,445,55,1,1,1,service_time_sampled=0.053
180.05344039997473,service_end,,,445,55,1,1,1,duration=0.053
180.05344039997473,service_start,,,446,54,1,1,1,service_time_sampled=0.010
180.06344039997472,service_end,,,446,54,1,1,1,duration=0.010
180.06344039997472,service_start,,,447,53,1,1,1,service_time_sampled=0.458
180.52121285027346,service_end,,,447,53,1,1,1,duration=0.458
180.52121285027346,service_start,,,448,52,1,1,1,service_time_sampled=0.214
180.73487475775238,service_end,,,448,52,1,1,1,duration=0.214
180.73487475775238,service_start,,,449,51,1,1,1,service_time_sampled=0.010
180.74487475775237,service_end,,,449,51,1,1,1,duration=0.010
180.74487475775237,service_start,,,450,50,1,1,1,service_time_sampled=0.280
181.02474988441043,service_end,,,450,50,1,1,1,duration=0.280
181.02474988441043,service_start,,,451,49,1,1,1,service_time_sampled=0.029
181.053895654446,service_end,,,451,49,1,1,1,duration=0.029
181.053895654446,service_start,,,452,48,1,1,1,service_time_sampled=0.029
181.08253941096024,service_end,,,452,48,1,1,1,duration=0.029
181.08253941096024,service_start,,,453,47,1,1,1,service_time_sampled=0.140
181.22255433008655,service_end,,,453,47,1,1,1,duration=0.140
181.22255433008655,service_start,,,454,46,1,1,1,service_time_sampled=0.348
181.57066182982524,service_end,,,454,46,1,1,1,duration=0.348
181.57066182982524,service_start,,,455,45,1,1,1,service_time_sampled=0.016
181.58709468170176,service_end,,,455,45,1,1,1,duration=0.016
181.58709468170176,service_start,,,456,44,1,1,1,service_time_sampled=0.010
181.59709468170175,service_end,,,456,44,1,1,1,duration=0.010
181.59709468170175,service_start,,,457,43,1,1,1,service_time_sampled=0.058
181.65467664334355,service_end,,,457,43,1,1,1,duration=0.058
181.65467664334355,service_start,,,458,42,1,1,1,service_time_sampled=0.010
181.66467664334354,service_end,,,458,42,1,1,1,duration=0.010
181.66467664334354,service_start,,,459,41,1,1,1,service_time_sampled=0.116
181.7807373157452,service_end,,,459,41,1,1,1,duration=0.116
181.7807373157452,service_start,,,460,40,1,1,1,service_time_sampled=0.245
182.02576751774808,service_end,,,460,40,1,1,1,duration=0.245
182.02576751774808,service_start,,,461,39,1,1,1,service_time_sampled=0.026
182.05164426316864,service_end,,,461,39,1,1,1,duration=0.026
182.05164426316864,service_start,,,462,38,1,1,1,service_time_sampled=0.015
182.06654726174858,service_end,,,462,38,1,1,1,duration=0.015
182.06654726174858,service_start,,,463,37,1,1,1,service_time_sampled=0.053
182.1193322745057,service_end,,,463,37,1,1,1,duration=0.053
182.1193322745057,service_start,,,464,36,1,1,1,service_time_sampled=0.400
182.5191292015991,service_end,,,464,36,1,1,1,duration=0.400
182.5191292015991,service_start,,,465,35,1,1,1,service_time_sampled=0.017
182.53655961931494,service_end,,,465,35,1,1,1,duration=0.017
182.53655961931494,service_start,,,466,34,1,1,1,service_time_sampled=0.425
182.96115773741562,service_end,,,466,34,1,1,1,duration=0.425
182.96115773741562,service_start,,,467,33,1,1,1,service_time_sampled=0.056
183.0,landing_end,14,1,,33,1,1,1,pad_q=1
183.01738186716972,service_end,,,467,33,1,1,1,duration=0.056
183.01738186716972,service_start,,,468,32,1,1,1,service_time_sampled=0.080
183.09753909580647,service_end,,,468,32,1,1,1,duration=0.080
183.09753909580647,service_start,,,469,31,1,1,1,service_time_sampled=0.043
183.14081462324003,service_end,,,469,31,1,1,1,duration=0.043
183.14081462324003,service_start,,,470,30,1,1,1,service_time_sampled=0.346
183.48664412104642,service_end,,,470,30,1,1,1,duration=0.346
183.48664412104642,service_start,,,471,29,1,1,1,service_time_sampled=0.397
183.8833457690873,service_end,,,471,29,1,1,1,duration=0.397
183.8833457690873,service_start,,,472,28,1,1,1,service_time_sampled=0.126
184.00964200191564,service_end,,,472,28,1,1,1,duration=0.126
184.00964200191564,service_start,,,473,27,1,1,1,service_time_sampled=0.025
184.0350665952743,service_end,,,473,27,1,1,1,duration=0.025
184.0350665952743,service_start,,,474,26,1,1,1,service_time_sampled=0.619
184.6544392700159,service_end,,,474,26,1,1,1,duration=0.619
184.6544392700159,service_start,,,475,25,1,1,1,service_time_sampled=0.014
184.66796824362495,service_end,,,475,25,1,1,1,duration=0.014
184.66796824362495,service_start,,,476,24,1,1,1,service_time_sampled=0.109
184.77665886268977,service_end,,,476,24,1,1,1,duration=0.109
184.77665886268977,service_start,,,477,23,1,1,1,service_time_sampled=0.021
184.79791891991403,service_end,,,477,23,1,1,1,duration=0.021
184.79791891991403,service_start,,,478,22,1,1,1,service_time_sampled=0.285
185.0828694607553,service_end,,,478,22,1,1,1,duration=0.285
185.0828694607553,service_start,,,479,21,1,1,1,service_time_sampled=0.364
185.44697360882134,service_end,,,479,21,1,1,1,duration=0.364
185.44697360882134,service_start,,,480,20,1,1,1,service_time_sampled=0.204
185.65092784899448,service_end,,,480,20,1,1,1,duration=0.204
185.65092784899448,service_start,,,481,19,1,1,1,service_time_sampled=0.047
185.6983826776596,service_end,,,481,19,1,1,1,duration=0.047
185.6983826776596,service_start,,,482,18,1,1,1,service_time_sampled=0.035
185.73315504728967,service_end,,,482,18,1,1,1,duration=0.035
185.73315504728967,service_start,,,483,17,1,1,1,service_time_sampled=0.176
185.90889496355615,service_end,,,483,17,1,1,1,duration=0.176
185.90889496355615,service_start,,,484,16,1,1,1,service_time_sampled=0.043
185.95189292655525,service_end,,,484,16,1,1,1,duration=0.043
185.95189292655525,service_start,,,485,15,1,1,1,service_time_sampled=0.068
186.01993757726854,service_end,,,485,15,1,1,1,duration=0.068
186.01993757726854,service_start,,,486,14,1,1,1,service_time_sampled=0.010
186.02993757726853,service_end,,,486,14,1,1,1,duration=0.010
186.02993757726853,service_start,,,487,13,1,1,1,service_time_sampled=0.018
186.04766669820188,service_end,,,487,13,1,1,1,duration=0.018
186.04766669820188,service_start,,,488,12,1,1,1,service_time_sampled=0.010
186.05766669820187,service_end,,,488,12,1,1,1,duration=0.010
186.05766669820187,service_start,,,489,11,1,1,1,service_time_sampled=0.010
186.067807261457,service_end,,,489,11,1,1,1,duration=0.010
186.067807261457,service_start,,,490,10,1,1,1,service_time_sampled=0.010
186.077807261457,service_end,,,490,10,1,1,1,duration=0.010
186.077807261457,service_start,,,491,9,1,1,1,service_time_sampled=0.068
186.1459481041776,service_end,,,491,9,1,1,1,duration=0.068
186.1459481041776,service_start,,,492,8,1,1,1,service_time_sampled=0.100
186.24597763551813,service_end,,,492,8,1,1,1,duration=0.100
186.24597763551813,service_start,,,493,7,1,1,1,service_time_sampled=0.169
186.41478506673772,service_end,,,493,7,1,1,1,duration=0.169
186.41478506673772,service_start,,,494,6,1,1,1,service_time_sampled=0.019
186.433970269635,service_end,,,494,6,1,1,1,duration=0.019
186.433970269635,service_start,,,495,5,1,1,1,service_time_sampled=0.069
186.50253377139813,service_end,,,495,5,1,1,1,duration=0.069
186.50253377139813,service_start,,,496,4,1,1,1,service_time_sampled=0.127
186.6291911324287,service_end,,,496,4,1,1,1,duration=0.127
186.6291911324287,service_start,,,497,3,1,1,1,service_time_sampled=0.011
186.64023435144486,service_end,,,497,3,1,1,1,duration=0.011
186.64023435144486,service_start,,,498,2,1,1,1,service_time_sampled=0.074
186.71379022170905,service_end,,,498,2,1,1,1,duration=0.074
186.71379022170905,service_start,,,499,1,1,1,1,service_time_sampled=0.058
186.77139712998445,service_end,,,499,1,1,1,1,duration=0.058
186.77139712998445,service_start,,,500,0,1,1,1,service_time_sampled=0.372
187.1432216061819,service_end,,,500,0,1,1,1,duration=0.372
188.0,plane_arrive,17,1,,0,1,1,1,air_q=3
190.0,unload_end,14,1,,0,1,1,1,
190.0,passengers_spawned,14,1,,0,1,1,1,count=20
190.0,passenger_queue_arrival,,,501,1,1,1,1,
190.0,passenger_queue_arrival,,,502,2,1,1,1,
190.0,passenger_queue_arrival,,,503,3,1,1,1,
190.0,passenger_queue_arrival,,,504,4,1,1,1,
190.0,passenger_queue_arrival,,,505,5,1,1,1,
190.0,passenger_queue_arrival,,,506,6,1,1,1,
190.0,passenger_queue_arrival,,,507,7,1,1,1,
190.0,passenger_queue_arrival,,,508,8,1,1,1,
190.0,passenger_queue_arrival,,,509,9,1,1,1,
190.0,passenger_queue_arrival,,,510,10,1,1,1,
190.0,passenger_queue_arrival,,,511,11,1,1,1,
190.0,passenger_queue_arrival,,,512,12,1,1,1,
190.0,passenger_queue_arrival,,,513,13,1,1,1,
190.0,passenger_queue_arrival,,,514,14,1,1,1,
190.0,passenger_queue_arrival,,,515,15,1,1,1,
190.0,passenger_queue_arrival,,,516,16,1,1,1,
190.0,passenger_queue_arrival,,,517,17,1,1,1,
190.0,passenger_queue_arrival,,,518,18,1,1,1,
190.0,passenger_queue_arrival,,,519,19,1,1,1,
190.0,passenger_queue_arrival,,,520,20,1,1,1,
190.0,landing_start,15,2,,20,1,1,1,landing_time=5
190.0,service_start,,,501,19,1,1,1,service_time_sampled=0.409
190.40862832213924,service_end,,,501,19,1,1,1,duration=0.409
190.40862832213924,service_start,,,502,18,1,1,1,service_time_sampled=0.289
190.69803941563777,service_end,,,502,18,1,1,1,duration=0.289
190.69803941563777,service_start,,,503,17,1,1,1,service_time_sampled=0.073
190.7708066580851,service_end,,,503,17,1,1,1,duration=0.073
190.7708066580851,service_start,,,504,16,1,1,1,service_time_sampled=0.058
190.82887827375987,service_end,,,504,16,1,1,1,duration=0.058
190.82887827375987,service_start,,,505,15,1,1,1,service_time_sampled=0.380
191.20933857488848,service_end,,,505,15,1,1,1,duration=0.380
191.20933857488848,service_start,,,506,14,1,1,1,service_time_sampled=0.012
191.22127261611874,service_end,,,506,14,1,1,1,duration=0.012
191.22127261611874,service_start,,,507,13,1,1,1,service_time_sampled=0.026
191.24691380830524,service_end,,,507,13,1,1,1,duration=0.026
191.24691380830524,service_start,,,508,12,1,1,1,service_time_sampled=0.014
191.26128620141645,service_end,,,508,12,1,1,1,duration=0.014
191.26128620141645,service_start,,,509,11,1,1,1,service_time_sampled=0.015
191.27615649088506,service_end,,,509,11,1,1,1,duration=0.015
191.27615649088506,service_start,,,510,10,1,1,1,service_time_sampled=0.116
191.3924380404946,service_end,,,510,10,1,1,1,duration=0.116
191.3924380404946,service_start,,,511,9,1,1,1,service_time_sampled=0.021
191.41332462926073,service_end,,,511,9,1,1,1,duration=0.021
191.41332462926073,service_start,,,512,8,1,1,1,service_time_sampled=0.152
191.564908482434,service_end,,,512,8,1,1,1,duration=0.152
191.564908482434,service_start,,,513,7,1,1,1,service_time_sampled=0.329
191.89426114285072,service_end,,,513,7,1,1,1,duration=0.329
191.89426114285072,service_start,,,514,6,1,1,1,service_time_sampled=0.026
191.9198904399497,service_end,,,514,6,1,1,1,duration=0.026
191.9198904399497,service_start,,,515,5,1,1,1,service_time_sampled=0.068
191.98834918588003,service_end,,,515,5,1,1,1,duration=0.068
191.98834918588003,service_start,,,516,4,1,1,1,service_time_sampled=0.024
192.0123558609209,service_end,,,516,4,1,1,1,duration=0.024
192.0123558609209,service_start,,,517,3,1,1,1,service_time_sampled=0.401
192.4132622368623,service_end,,,517,3,1,1,1,duration=0.401
192.4132622368623,service_start,,,518,2,1,1,1,service_time_sampled=0.052
192.4652751553729,service_end,,,518,2,1,1,1,duration=0.052
192.4652751553729,service_start,,,519,1,1,1,1,service_time_sampled=0.093
192.55789640139898,service_end,,,519,1,1,1,1,duration=0.093
192.55789640139898,service_start,,,520,0,1,1,1,service_time_sampled=0.055
192.61278075279745,service_end,,,520,0,1,1,1,duration=0.055
193.0,plane_arrive,18,3,,0,1,1,1,air_q=3
195.0,landing_end,15,2,,0,1,1,1,pad_q=1
202.0,unload_end,15,2,,0,1,1,1,
202.0,passengers_spawned,15,2,,0,1,1,1,count=45
202.0,passenger_queue_arrival,,,521,1,1,1,1,
202.0,passenger_queue_arrival,,,522,2,1,1,1,
202.0,passenger_queue_arrival,,,523,3,1,1,1,
202.0,passenger_queue_arrival,,,524,4,1,1,1,
202.0,passenger_queue_arrival,,,525,5,1,1,1,
202.0,passenger_queue_arrival,,,526,6,1,1,1,
202.0,passenger_queue_arrival,,,527,7,1,1,1,
202.0,passenger_queue_arrival,,,528,8,1,1,1,
202.0,passenger_queue_arrival,,,529,9,1,1,1,
202.0,passenger_queue_arrival,,,530,10,1,1,1,
202.0,passenger_queue_arrival,,,531,11,1,1,1,
202.0,passenger_queue_arrival,,,532,12,1,1,1,
202.0,passenger_queue_arrival,,,533,13,1,1,1,
202.0,passenger_queue_arrival,,,534,14,1,1,1,
202.0,passenger_queue_arrival,,,535,15,1,1,1,
202.0,passenger_queue_arrival,,,536,16,1,1,1,
202.0,passenger_queue_arrival,,,537,17,1,1,1,
202.0,passenger_queue_arrival,,,538,18,1,1,1,
202.0,passenger_queue_arrival,,,539,19,1,1,1,
202.0,passenger_queue_arrival,,,540,20,1,1,1,
202.0,passenger_queue_arrival,,,541,21,1,1,1,
202.0,passenger_queue_arrival,,,542,22,1,1,1,
202.0,passenger_queue_arrival,,,543,23,1,1,1,
202.0,passenger_queue_arrival,,,544,24,1,1,1,
202.0,passenger_queue_arrival,,,545,25,1,1,1,
202.0,passenger_queue_arrival,,,546,26,1,1,1,
202.0,passenger_queue_arrival,,,547,27,1,1,1,
202.0,passenger_queue_arrival,,,548,28,1,1,1,
202.0,passenger_queue_arrival,,,549,29,1,1,1,
202.0,passenger_queue_arrival,,,550,30,1,1,1,
202.0,passenger_queue_arrival,,,551,31,1,1,1,
202.0,passenger_queue_arrival,,,552,32,1,1,1,
202.0,passenger_queue_arrival,,,553,33,1,1,1,
202.0,passenger_queue_arrival,,,554,34,1,1,1,
202.0,passenger_queue_arrival,,,555,35,1,1,1,
202.0,passenger_queue_arrival,,,556,36,1,1,1,
202.0,passenger_queue_arrival,,,557,37,1,1,1,
202.0,passenger_queue_arrival,,,558,38,1,1,1,
202.0,passenger_queue_arrival,,,559,39,1,1,1,
202.0,passenger_queue_arrival,,,560,40,1,1,1,
202.0,passenger_queue_arrival,,,561,41,1,1,1,
202.0,passenger_queue_arrival,,,562,42,1,1,1,
202.0,passenger_queue_arrival,,,563,43,1,1,1,
202.0,passenger_queue_arrival,,,564,44,1,1,1,
202.0,passenger_queue_arrival,,,565,45,1,1,1,
202.0,landing_start,16,2,,45,1,1,1,landing_time=3
202.0,service_start,,,521,44,1,1,1,service_time_sampled=0.044
202.04364652426656,service_end,,,521,44,1,1,1,duration=0.044
202.04364652426656,service_start,,,522,43,1,1,1,service_time_sampled=0.222
202.2652689638673,service_end,,,522,43,1,1,1,duration=0.222
202.2652689638673,service_start,,,523,42,1,1,1,service_time_sampled=0.075
202.33979157341003,service_end,,,523,42,1,1,1,duration=0.075
202.33979157341003,service_start,,,524,41,1,1,1,service_time_sampled=0.077
202.4172811831764,service_end,,,524,41,1,1,1,duration=0.077
202.4172811831764,service_start,,,525,40,1,1,1,service_time_sampled=0.031
202.44813616248615,service_end,,,525,40,1,1,1,duration=0.031
202.44813616248615,service_start,,,526,39,1,1,1,service_time_sampled=0.015
202.46333047717656,service_end,,,526,39,1,1,1,duration=0.015
202.46333047717656,service_start,,,527,38,1,1,1,service_time_sampled=0.482
202.94506456505192,service_end,,,527,38,1,1,1,duration=0.482
202.94506456505192,service_start,,,528,37,1,1,1,service_time_sampled=0.045
202.98985606325695,service_end,,,528,37,1,1,1,duration=0.045
202.98985606325695,service_start,,,529,36,1,1,1,service_time_sampled=0.117
203.10728835860252,service_end,,,529,36,1,1,1,duration=0.117
203.10728835860252,service_start,,,530,35,1,1,1,service_time_sampled=0.069
203.17628969043477,service_end,,,530,35,1,1,1,duration=0.069
203.17628969043477,service_start,,,531,34,1,1,1,service_time_sampled=0.174
203.3502545714341,service_end,,,531,34,1,1,1,duration=0.174
203.3502545714341,service_start,,,532,33,1,1,1,service_time_sampled=0.012
203.36239459249248,service_end,,,532,33,1,1,1,duration=0.012
203.36239459249248,service_start,,,533,32,1,1,1,service_time_sampled=0.086
203.44845923119055,service_end,,,533,32,1,1,1,duration=0.086
203.44845923119055,service_start,,,534,31,1,1,1,service_time_sampled=0.405
203.85372116421811,service_end,,,534,31,1,1,1,duration=0.405
203.85372116421811,service_start,,,535,30,1,1,1,service_time_sampled=0.098
203.95180794650864,service_end,,,535,30,1,1,1,duration=0.098
203.95180794650864,service_start,,,536,29,1,1,1,service_time_sampled=0.065
204.0,plane_arrive,19,3,,29,1,1,1,air_q=3
204.01677129472327,service_end,,,536,29,1,1,1,duration=0.065
204.01677129472327,service_start,,,537,28,1,1,1,service_time_sampled=0.016
204.0328686485446,service_end,,,537,28,1,1,1,duration=0.016
204.0328686485446,service_start,,,538,27,1,1,1,service_time_sampled=0.269
204.30183579414106,service_end,,,538,27,1,1,1,duration=0.269
204.30183579414106,service_start,,,539,26,1,1,1,service_time_sampled=0.010
204.31183579414105,service_end,,,539,26,1,1,1,duration=0.010
204.31183579414105,service_start,,,540,25,1,1,1,service_time_sampled=0.037
204.34889685579043,service_end,,,540,25,1,1,1,duration=0.037
204.34889685579043,service_start,,,541,24,1,1,1,service_time_sampled=0.093
204.44224222801435,service_end,,,541,24,1,1,1,duration=0.093
204.44224222801435,service_start,,,542,23,1,1,1,service_time_sampled=0.109
204.5511617338069,service_end,,,542,23,1,1,1,duration=0.109
204.5511617338069,service_start,,,543,22,1,1,1,service_time_sampled=0.063
204.61423300940766,service_end,,,543,22,1,1,1,duration=0.063
204.61423300940766,service_start,,,544,21,1,1,1,service_time_sampled=0.013
204.62768557733335,service_end,,,544,21,1,1,1,duration=0.013
204.62768557733335,service_start,,,545,20,1,1,1,service_time_sampled=0.036
204.66408127490752,service_end,,,545,20,1,1,1,duration=0.036
204.66408127490752,service_start,,,546,19,1,1,1,service_time_sampled=0.042
204.7057353493244,service_end,,,546,19,1,1,1,duration=0.042
204.7057353493244,service_start,,,547,18,1,1,1,service_time_sampled=0.176
204.88166123592788,service_end,,,547,18,1,1,1,duration=0.176
204.88166123592788,service_start,,,548,17,1,1,1,service_time_sampled=0.299
205.0,landing_end,16,2,,17,1,1,1,pad_q=1
205.18096359840703,service_end,,,548,17,1,1,1,duration=0.299
205.18096359840703,service_start,,,549,16,1,1,1,service_time_sampled=0.113
205.2940737060865,service_end,,,549,16,1,1,1,duration=0.113
205.2940737060865,service_start,,,550,15,1,1,1,service_time_sampled=0.010
205.30407370608648,service_end,,,550,15,1,1,1,duration=0.010
205.30407370608648,service_start,,,551,14,1,1,1,service_time_sampled=0.196
205.50049304720088,service_end,,,551,14,1,1,1,duration=0.196
205.50049304720088,service_start,,,552,13,1,1,1,service_time_sampled=0.046
205.54608214461388,service_end,,,552,13,1,1,1,duration=0.046
205.54608214461388,service_start,,,553,12,1,1,1,service_time_sampled=0.052
205.59800082047164,service_end,,,553,12,1,1,1,duration=0.052
205.59800082047164,service_start,,,554,11,1,1,1,service_time_sampled=0.094
205.69242797176094,service_end,,,554,11,1,1,1,duration=0.094
205.69242797176094,service_start,,,555,10,1,1,1,service_time_sampled=0.036
205.72822950622998,service_end,,,555,10,1,1,1,duration=0.036
205.72822950622998,service_start,,,556,9,1,1,1,service_time_sampled=0.316
206.04391135373368,service_end,,,556,9,1,1,1,duration=0.316
206.04391135373368,service_start,,,557,8,1,1,1,service_time_sampled=0.022
206.06623563147795,service_end,,,557,8,1,1,1,duration=0.022
206.06623563147795,service_start,,,558,7,1,1,1,service_time_sampled=0.067
206.13321732649024,service_end,,,558,7,1,1,1,duration=0.067
206.13321732649024,service_start,,,559,6,1,1,1,service_time_sampled=0.043
206.17597439262892,service_end,,,559,6,1,1,1,duration=0.043
206.17597439262892,service_start,,,560,5,1,1,1,service_time_sampled=0.092
206.2676773444264,service_end,,,560,5,1,1,1,duration=0.092
206.2676773444264,service_start,,,561,4,1,1,1,service_time_sampled=0.107
206.3743364966584,service_end,,,561,4,1,1,1,duration=0.107
206.3743364966584,service_start,,,562,3,1,1,1,service_time_sampled=0.123
206.4976554255463,service_end,,,562,3,1,1,1,duration=0.123
206.4976554255463,service_start,,,563,2,1,1,1,service_time_sampled=0.095
206.5923996904512,service_end,,,563,2,1,1,1,duration=0.095
206.5923996904512,service_start,,,564,1,1,1,1,service_time_sampled=0.066
206.65852434493388,service_end,,,564,1,1,1,1,duration=0.066
206.65852434493388,service_start,,,565,0,1,1,1,service_time_sampled=0.126
206.78436762601916,service_end,,,565,0,1,1,1,duration=0.126
212.0,unload_end,16,2,,0,1,1,1,
212.0,passengers_spawned,16,2,,0,1,1,1,count=42
212.0,passenger_queue_arrival,,,566,1,1,1,1,
212.0,passenger_queue_arrival,,,567,2,1,1,1,
212.0,passenger_queue_arrival,,,568,3,1,1,1,
212.0,passenger_queue_arrival,,,569,4,1,1,1,
212.0,passenger_queue_arrival,,,570,5,1,1,1,
212.0,passenger_queue_arrival,,,571,6,1,1,1,
212.0,passenger_queue_arrival,,,572,7,1,1,1,
212.0,passenger_queue_arrival,,,573,8,1,1,1,
212.0,passenger_queue_arrival,,,574,9,1,1,1,
212.0,passenger_queue_arrival,,,575,10,1,1,1,
212.0,passenger_queue_arrival,,,576,11,1,1,1,
212.0,passenger_queue_arrival,,,577,12,1,1,1,
212.0,passenger_queue_arrival,,,578,13,1,1,1,
212.0,passenger_queue_arrival,,,579,14,1,1,1,
212.0,passenger_queue_arrival,,,580,15,1,1,1,
212.0,passenger_queue_arrival,,,581,16,1,1,1,
212.0,passenger_queue_arrival,,,582,17,1,1,1,
212.0,passenger_queue_arrival,,,583,18,1,1,1,
212.0,passenger_queue_arrival,,,584,19,1,1,1,
212.0,passenger_queue_arrival,,,585,20,1,1,1,
212.0,passenger_queue_arrival,,,586,21,1,1,1,
212.0,passenger_queue_arrival,,,587,22,1,1,1,
212.0,passenger_queue_arrival,,,588,23,1,1,1,
212.0,passenger_queue_arrival,,,589,24,1,1,1,
212.0,passenger_queue_arrival,,,590,25,1,1,1,
212.0,passenger_queue_arrival,,,591,26,1,1,1,
212.0,passenger_queue_arrival,,,592,27,1,1,1,
212.0,passenger_queue_arrival,,,593,28,1,1,1,
212.0,passenger_queue_arrival,,,594,29,1,1,1,
212.0,passenger_queue_arrival,,,595,30,1,1,1,
212.0,passenger_queue_arrival,,,596,31,1,1,1,
212.0,passenger_queue_arrival,,,597,32,1,1,1,
212.0,passenger_queue_arrival,,,598,33,1,1,1,
212.0,passenger_queue_arrival,,,599,34,1,1,1,
212.0,passenger_queue_arrival,,,600,35,1,1,1,
212.0,passenger_queue_arrival,,,601,36,1,1,1,
212.0,passenger_queue_arrival,,,602,37,1,1,1,
212.0,passenger_queue_arrival,,,603,38,1,1,1,
212.0,passenger_queue_arrival,,,604,39,1,1,1,
212.0,passenger_queue_arrival,,,605,40,1,1,1,
212.0,passenger_queue_arrival,,,606,41,1,1,1,
212.0,passenger_queue_arrival,,,607,42,1,1,1,
212.0,landing_start,17,1,,42,1,1,1,landing_time=3
212.0,service_start,,,566,41,1,1,1,service_time_sampled=0.169
212.16907218341936,service_end,,,566,41,1,1,1,duration=0.169
212.16907218341936,service_start,,,567,40,1,1,1,service_time_sampled=0.293
212.4620576268404,service_end,,,567,40,1,1,1,duration=0.293
212.4620576268404,service_start,,,568,39,1,1,1,service_time_sampled=0.041
212.50288034508642,service_end,,,568,39,1,1,1,duration=0.041
212.50288034508642,service_start,,,569,38,1,1,1,service_time_sampled=0.073
212.57588659001058,service_end,,,569,38,1,1,1,duration=0.073
212.57588659001058,service_start,,,570,37,1,1,1,service_time_sampled=0.105
212.68087022211637,service_end,,,570,37,1,1,1,duration=0.105
212.68087022211637,service_start,,,571,36,1,1,1,service_time_sampled=0.019
212.69940557264235,service_end,,,571,36,1,1,1,duration=0.019
212.69940557264235,service_start,,,572,35,1,1,1,service_time_sampled=0.016
212.71585412112455,service_end,,,572,35,1,1,1,duration=0.016
212.71585412112455,service_start,,,573,34,1,1,1,service_time_sampled=0.016
212.73190687284654,service_end,,,573,34,1,1,1,duration=0.016
212.73190687284654,service_start,,,574,33,1,1,1,service_time_sampled=0.064
212.79601377918064,service_end,,,574,33,1,1,1,duration=0.064
212.79601377918064,service_start,,,575,32,1,1,1,service_time_sampled=0.079
212.87488932371767,service_end,,,575,32,1,1,1,duration=0.079
212.87488932371767,service_start,,,576,31,1,1,1,service_time_sampled=0.103
212.97740204068847,service_end,,,576,31,1,1,1,duration=0.103
212.97740204068847,service_start,,,577,30,1,1,1,service_time_sampled=0.044
213.02180105858048,service_end,,,577,30,1,1,1,duration=0.044
213.02180105858048,service_start,,,578,29,1,1,1,service_time_sampled=0.125
213.14679797068925,service_end,,,578,29,1,1,1,duration=0.125
213.14679797068925,service_start,,,579,28,1,1,1,service_time_sampled=0.170
213.3163149236325,service_end,,,579,28,1,1,1,duration=0.170
213.3163149236325,service_start,,,580,27,1,1,1,service_time_sampled=0.031
213.34705408297614,service_end,,,580,27,1,1,1,duration=0.031
213.34705408297614,service_start,,,581,26,1,1,1,service_time_sampled=0.084
213.43094260247943,service_end,,,581,26,1,1,1,duration=0.084
213.43094260247943,service_start,,,582,25,1,1,1,service_time_sampled=0.087
213.51797840470454,service_end,,,582,25,1,1,1,duration=0.087
213.51797840470454,service_start,,,583,24,1,1,1,service_time_sampled=0.085
213.60281486353924,service_end,,,583,24,1,1,1,duration=0.085
213.60281486353924,service_start,,,584,23,1,1,1,service_time_sampled=0.398
214.00033955023795,service_end,,,584,23,1,1,1,duration=0.398
214.00033955023795,service_start,,,585,22,1,1,1,service_time_sampled=0.073
214.07370882133648,service_end,,,585,22,1,1,1,duration=0.073
214.07370882133648,service_start,,,586,21,1,1,1,service_time_sampled=0.019
214.09297099011926,service_end,,,586,21,1,1,1,duration=0.019
214.09297099011926,service_start,,,587,20,1,1,1,service_time_sampled=0.086
214.1785001517583,service_end,,,587,20,1,1,1,duration=0.086
214.1785001517583,service_start,,,588,19,1,1,1,service_time_sampled=0.273
214.45141746571662,service_end,,,588,19,1,1,1,duration=0.273
214.45141746571662,service_start,,,589,18,1,1,1,service_time_sampled=0.030
214.4817901474279,service_end,,,589,18,1,1,1,duration=0.030
214.4817901474279,service_start,,,590,17,1,1,1,service_time_sampled=0.055
214.53668107544172,service_end,,,590,17,1,1,1,duration=0.055
214.53668107544172,service_start,,,591,16,1,1,1,service_time_sampled=0.062
214.59866623355083,service_end,,,591,16,1,1,1,duration=0.062
214.59866623355083,service_start,,,592,15,1,1,1,service_time_sampled=0.618
215.0,landing_end,17,1,,15,1,1,1,pad_q=1
215.21683370117663,service_end,,,592,15,1,1,1,duration=0.618
215.21683370117663,service_start,,,593,14,1,1,1,service_time_sampled=0.234
215.45086666380234,service_end,,,593,14,1,1,1,duration=0.234
215.45086666380234,service_start,,,594,13,1,1,1,service_time_sampled=0.482
215.9332160620726,service_end,,,594,13,1,1,1,duration=0.482
215.9332160620726,service_start,,,595,12,1,1,1,service_time_sampled=0.145
216.0783683958965,service_end,,,595,12,1,1,1,duration=0.145
216.0783683958965,service_start,,,596,11,1,1,1,service_time_sampled=0.011
216.08897777260063,service_end,,,596,11,1,1,1,duration=0.011
216.08897777260063,service_start,,,597,10,1,1,1,service_time_sampled=0.373
216.46172928888487,service_end,,,597,10,1,1,1,duration=0.373
216.46172928888487,service_start,,,598,9,1,1,1,service_time_sampled=0.323
216.784879368913,service_end,,,598,9,1,1,1,duration=0.323
216.784879368913,service_start,,,599,8,1,1,1,service_time_sampled=0.063
216.84771907866858,service_end,,,599,8,1,1,1,duration=0.063
216.84771907866858,service_start,,,600,7,1,1,1,service_time_sampled=0.056
216.90375488769178,service_end,,,600,7,1,1,1,duration=0.056
216.90375488769178,service_start,,,601,6,1,1,1,service_time_sampled=0.015
216.91918867462996,service_end,,,601,6,1,1,1,duration=0.015
216.91918867462996,service_start,,,602,5,1,1,1,service_time_sampled=0.010
216.92918867462996,service_end,,,602,5,1,1,1,duration=0.010
216.92918867462996,service_start,,,603,4,1,1,1,service_time_sampled=0.039
216.96858364993778,service_end,,,603,4,1,1,1,duration=0.039
216.96858364993778,service_start,,,604,3,1,1,1,service_time_sampled=0.128
217.0964197212488,service_end,,,604,3,1,1,1,duration=0.128
217.0964197212488,service_start,,,605,2,1,1,1,service_time_sampled=0.043
217.1396765956989,service_end,,,605,2,1,1,1,duration=0.043
217.1396765956989,service_start,,,606,1,1,1,1,service_time_sampled=0.289
217.42841039206698,service_end,,,606,1,1,1,1,duration=0.289
217.42841039206698,service_start,,,607,0,1,1,1,service_time_sampled=0.019
217.44736209900063,service_end,,,607,0,1,1,1,duration=0.019
222.0,unload_end,17,1,,0,1,1,1,
222.0,passengers_spawned,17,1,,0,1,1,1,count=29
222.0,passenger_queue_arrival,,,608,1,1,1,1,
222.0,passenger_queue_arrival,,,609,2,1,1,1,
222.0,passenger_queue_arrival,,,610,3,1,1,1,
222.0,passenger_queue_arrival,,,611,4,1,1,1,
222.0,passenger_queue_arrival,,,612,5,1,1,1,
222.0,passenger_queue_arrival,,,613,6,1,1,1,
222.0,passenger_queue_arrival,,,614,7,1,1,1,
222.0,passenger_queue_arrival,,,615,8,1,1,1,
222.0,passenger_queue_arrival,,,616,9,1,1,1,
222.0,passenger_queue_arrival,,,617,10,1,1,1,
222.0,passenger_queue_arrival,,,618,11,1,1,1,
222.0,passenger_queue_arrival,,,619,12,1,1,1,
222.0,passenger_queue_arrival,,,620,13,1,1,1,
222.0,passenger_queue_arrival,,,621,14,1,1,1,
222.0,passenger_queue_arrival,,,622,15,1,1,1,
222.0,passenger_queue_arrival,,,623,16,1,1,1,
222.0,passenger_queue_arrival,,,624,17,1,1,1,
222.0,passenger_queue_arrival,,,625,18,1,1,1,
222.0,passenger_queue_arrival,,,626,19,1,1,1,
222.0,passenger_queue_arrival,,,627,20,1,1,1,
222.0,passenger_queue_arrival,,,628,21,1,1,1,
222.0,passenger_queue_arrival,,,629,22,1,1,1,
222.0,passenger_queue_arrival,,,630,23,1,1,1,
222.0,passenger_queue_arrival,,,631,24,1,1,1,
222.0,passenger_queue_arrival,,,632,25,1,1,1,
222.0,passenger_queue_arrival,,,633,26,1,1,1,
222.0,passenger_queue_arrival,,,634,27,1,1,1,
222.0,passenger_queue_arrival,,,635,28,1,1,1,
222.0,passenger_queue_arrival,,,636,29,1,1,1,
222.0,landing_start,18,3,,29,1,1,1,landing_time=4
222.0,service_start,,,608,28,1,1,1,service_time_sampled=0.042
222.04244634736975,service_end,,,608,28,1,1,1,duration=0.042
222.04244634736975,service_start,,,609,27,1,1,1,service_time_sampled=0.014
222.0563770920968,service_end,,,609,27,1,1,1,duration=0.014
222.0563770920968,service_start,,,610,26,1,1,1,service_time_sampled=0.077
222.13360768309042,service_end,,,610,26,1,1,1,duration=0.077
222.13360768309042,service_start,,,611,25,1,1,1,service_time_sampled=0.050
222.183703908978,service_end,,,611,25,1,1,1,duration=0.050
222.183703908978,service_start,,,612,24,1,1,1,service_time_sampled=0.023
222.2067326408303,service_end,,,612,24,1,1,1,duration=0.023
222.2067326408303,service_start,,,613,23,1,1,1,service_time_sampled=0.068
222.27519259334994,service_end,,,613,23,1,1,1,duration=0.068
222.27519259334994,service_start,,,614,22,1,1,1,service_time_sampled=0.284
222.5595650220432,service_end,,,614,22,1,1,1,duration=0.284
222.5595650220432,service_start,,,615,21,1,1,1,service_time_sampled=0.071
222.63099102480643,service_end,,,615,21,1,1,1,duration=0.071
222.63099102480643,service_start,,,616,20,1,1,1,service_time_sampled=0.074
222.70510668184735,service_end,,,616,20,1,1,1,duration=0.074
222.70510668184735,service_start,,,617,19,1,1,1,service_time_sampled=0.154
222.85933671785943,service_end,,,617,19,1,1,1,duration=0.154
222.85933671785943,service_start,,,618,18,1,1,1,service_time_sampled=0.093
222.95217141110075,service_end,,,618,18,1,1,1,duration=0.093
222.95217141110075,service_start,,,619,17,1,1,1,service_time_sampled=0.017
222.96946758648218,service_end,,,619,17,1,1,1,duration=0.017
222.96946758648218,service_start,,,620,16,1,1,1,service_time_sampled=0.302
223.2710069757023,service_end,,,620,16,1,1,1,duration=0.302
223.2710069757023,service_start,,,621,15,1,1,1,service_time_sampled=0.073
223.34440830519358,service_end,,,621,15,1,1,1,duration=0.073
223.34440830519358,service_start,,,622,14,1,1,1,service_time_sampled=0.195
223.5390956911644,service_end,,,622,14,1,1,1,duration=0.195
223.5390956911644,service_start,,,623,13,1,1,1,service_time_sampled=0.062
223.60065243751967,service_end,,,623,13,1,1,1,duration=0.062
223.60065243751967,service_start,,,624,12,1,1,1,service_time_sampled=0.206
223.8061858847984,service_end,,,624,12,1,1,1,duration=0.206
223.8061858847984,service_start,,,625,11,1,1,1,service_time_sampled=0.062
223.8678779643847,service_end,,,625,11,1,1,1,duration=0.062
223.8678779643847,service_start,,,626,10,1,1,1,service_time_sampled=0.031
223.89896120128105,service_end,,,626,10,1,1,1,duration=0.031
223.89896120128105,service_start,,,627,9,1,1,1,service_time_sampled=0.027
223.92626097154985,service_end,,,627,9,1,1,1,duration=0.027
223.92626097154985,service_start,,,628,8,1,1,1,service_time_sampled=0.352
224.27800950769335,service_end,,,628,8,1,1,1,duration=0.352
224.27800950769335,service_start,,,629,7,1,1,1,service_time_sampled=0.110
224.38840587568507,service_end,,,629,7,1,1,1,duration=0.110
224.38840587568507,service_start,,,630,6,1,1,1,service_time_sampled=0.010
224.39840587568506,service_end,,,630,6,1,1,1,duration=0.010
224.39840587568506,service_start,,,631,5,1,1,1,service_time_sampled=0.061
224.45985476636451,service_end,,,631,5,1,1,1,duration=0.061
224.45985476636451,service_start,,,632,4,1,1,1,service_time_sampled=0.033
224.49318118000076,service_end,,,632,4,1,1,1,duration=0.033
224.49318118000076,service_start,,,633,3,1,1,1,service_time_sampled=0.011
224.49938442775812,failure,,,,,0,1,0,element=scanner
224.49938442775812,service_interrupted,,,633,3,0,1,0,remaining=0.005
226.0,landing_end,18,3,,3,0,1,0,pad_q=1
230.63196065463498,repair,,,,,1,1,1,"element=scanner, repair_time=6.133"
230.7042382413938,service_end,,,633,3,1,1,1,duration=6.211
230.7042382413938,service_start,,,634,2,1,1,1,service_time_sampled=0.024
230.72803858636112,service_end,,,634,2,1,1,1,duration=0.024
230.72803858636112,service_start,,,635,1,1,1,1,service_time_sampled=0.118
230.84598986443225,service_end,,,635,1,1,1,1,duration=0.118
230.84598986443225,service_start,,,636,0,1,1,1,service_time_sampled=0.119
230.9644969699639,service_end,,,636,0,1,1,1,duration=0.119
233.0,unload_end,18,3,,0,1,1,1,
233.0,passengers_spawned,18,3,,0,1,1,1,count=54
233.0,passenger_queue_arrival,,,637,1,1,1,1,
233.0,passenger_queue_arrival,,,638,2,1,1,1,
233.0,passenger_queue_arrival,,,639,3,1,1,1,
233.0,passenger_queue_arrival,,,640,4,1,1,1,
233.0,passenger_queue_arrival,,,641,5,1,1,1,
233.0,passenger_queue_arrival,,,642,6,1,1,1,
233.0,passenger_queue_arrival,,,643,7,1,1,1,
233.0,passenger_queue_arrival,,,644,8,1,1,1,
233.0,passenger_queue_arrival,,,645,9,1,1,1,
233.0,passenger_queue_arrival,,,646,10,1,1,1,
233.0,passenger_queue_arrival,,,647,11,1,1,1,
233.0,passenger_queue_arrival,,,648,12,1,1,1,
233.0,passenger_queue_arrival,,,649,13,1,1,1,
233.0,passenger_queue_arrival,,,650,14,1,1,1,
233.0,passenger_queue_arrival,,,651,15,1,1,1,
233.0,passenger_queue_arrival,,,652,16,1,1,1,
233.0,passenger_queue_arrival,,,653,17,1,1,1,
233.0,passenger_queue_arrival,,,654,18,1,1,1,
233.0,passenger_queue_arrival,,,655,19,1,1,1,
233.0,passenger_queue_arrival,,,656,20,1,1,1,
233.0,passenger_queue_arrival,,,657,21,1,1,1,
233.0,passenger_queue_arrival,,,658,22,1,1,1,
233.0,passenger_queue_arrival,,,659,23,1,1,1,
233.0,passenger_queue_arrival,,,660,24,1,1,1,
233.0,passenger_queue_arrival,,,661,25,1,1,1,
233.0,passenger_queue_arrival,,,662,26,1,1,1,
233.0,passenger_queue_arrival,,,663,27,1,1,1,
233.0,passenger_queue_arrival,,,664,28,1,1,1,
233.0,passenger_queue_arrival,,,665,29,1,1,1,
233.0,passenger_queue_arrival,,,666,30,1,1,1,
233.0,passenger_queue_arrival,,,667,31,1,1,1,
233.0,passenger_queue_arrival,,,668,32,1,1,1,
233.0,passenger_queue_arrival,,,669,33,1,1,1,
233.0,passenger_queue_arrival,,,670,34,1,1,1,
233.0,passenger_queue_arrival,,,671,35,1,1,1,
233.0,passenger_queue_arrival,,,672,36,1,1,1,
233.0,passenger_queue_arrival,,,673,37,1,1,1,
233.0,passenger_queue_arrival,,,674,38,1,1,1,
233.0,passenger_queue_arrival,,,675,39,1,1,1,
233.0,passenger_queue_arrival,,,676,40,1,1,1,
233.0,passenger_queue_arrival,,,677,41,1,1,1,
233.0,passenger_queue_arrival,,,678,42,1,1,1,
233.0,passenger_queue_arrival,,,679,43,1,1,1,
233.0,passenger_queue_arrival,,,680,44,1,1,1,
233.0,passenger_queue_arrival,,,681,45,1,1,1,
233.0,passenger_queue_arrival,,,682,46,1,1,1,
233.0,passenger_queue_arrival,,,683,47,1,1,1,
233.0,passenger_queue_arrival,,,684,48,1,1,1,
233.0,passenger_queue_arrival,,,685,49,1,1,1,
233.0,passenger_queue_arrival,,,686,50,1,1,1,
233.0,passenger_queue_arrival,,,687,51,1,1,1,
233.0,passenger_queue_arrival,,,688,52,1,1,1,
233.0,passenger_queue_arrival,,,689,53,1,1,1,
233.0,passenger_queue_arrival,,,690,54,1,1,1,
233.0,landing_start,19,3,,54,1,1,1,landing_time=4
233.0,service_start,,,637,53,1,1,1,service_time_sampled=0.184
233.1844894179826,service_end,,,637,53,1,1,1,duration=0.184
233.1844894179826,service_start,,,638,52,1,1,1,service_time_sampled=0.268
233.45263548808524,service_end,,,638,52,1,1,1,duration=0.268
233.45263548808524,service_start,,,639,51,1,1,1,service_time_sampled=0.066
233.5188934093815,service_end,,,639,51,1,1,1,duration=0.066
233.5188934093815,service_start,,,640,50,1,1,1,service_time_sampled=0.010
233.52889340938148,service_end,,,640,50,1,1,1,duration=0.010
233.52889340938148,service_start,,,641,49,1,1,1,service_time_sampled=0.149
233.67806581903724,service_end,,,641,49,1,1,1,duration=0.149
233.67806581903724,service_start,,,642,48,1,1,1,service_time_sampled=0.137
233.8150040793274,service_end,,,642,48,1,1,1,duration=0.137
233.8150040793274,service_start,,,643,47,1,1,1,service_time_sampled=0.131
233.94570162422653,service_end,,,643,47,1,1,1,duration=0.131
233.94570162422653,service_start,,,644,46,1,1,1,service_time_sampled=0.099
234.04473464454216,service_end,,,644,46,1,1,1,duration=0.099
234.04473464454216,service_start,,,645,45,1,1,1,service_time_sampled=0.166
234.21046295565688,service_end,,,645,45,1,1,1,duration=0.166
234.21046295565688,service_start,,,646,44,1,1,1,service_time_sampled=0.070
234.280860458072,service_end,,,646,44,1,1,1,duration=0.070
234.280860458072,service_start,,,647,43,1,1,1,service_time_sampled=0.076
234.35664047603524,service_end,,,647,43,1,1,1,duration=0.076
234.35664047603524,service_start,,,648,42,1,1,1,service_time_sampled=0.037
234.39339529111317,service_end,,,648,42,1,1,1,duration=0.037
234.39339529111317,service_start,,,649,41,1,1,1,service_time_sampled=0.081
234.4740953636654,service_end,,,649,41,1,1,1,duration=0.081
234.4740953636654,service_start,,,650,40,1,1,1,service_time_sampled=0.051
234.52550453003073,service_end,,,650,40,1,1,1,duration=0.051
234.52550453003073,service_start,,,651,39,1,1,1,service_time_sampled=0.010
234.53550453003072,service_end,,,651,39,1,1,1,duration=0.010
234.53550453003072,service_start,,,652,38,1,1,1,service_time_sampled=0.010
234.5455045300307,service_end,,,652,38,1,1,1,duration=0.010
234.5455045300307,service_start,,,653,37,1,1,1,service_time_sampled=0.054
234.59931436827063,service_end,,,653,37,1,1,1,duration=0.054
234.59931436827063,service_start,,,654,36,1,1,1,service_time_sampled=0.043
234.64209215676627,service_end,,,654,36,1,1,1,duration=0.043
234.64209215676627,service_start,,,655,35,1,1,1,service_time_sampled=0.010
234.65209215676626,service_end,,,655,35,1,1,1,duration=0.010
234.65209215676626,service_start,,,656,34,1,1,1,service_time_sampled=0.010
234.66209215676625,service_end,,,656,34,1,1,1,duration=0.010
234.66209215676625,service_start,,,657,33,1,1,1,service_time_sampled=0.070
234.7318633862214,service_end,,,657,33,1,1,1,duration=0.070
234.7318633862214,service_start,,,658,32,1,1,1,service_time_sampled=0.031
234.76326873604074,service_end,,,658,32,1,1,1,duration=0.031
234.76326873604074,service_start,,,659,31,1,1,1,service_time_sampled=0.117
234.88053399904982,service_end,,,659,31,1,1,1,duration=0.117
234.88053399904982,service_start,,,660,30,1,1,1,service_time_sampled=0.102
234.98252422155846,service_end,,,660,30,1,1,1,duration=0.102
234.98252422155846,service_start,,,661,29,1,1,1,service_time_sampled=0.031
235.0137379104577,service_end,,,661,29,1,1,1,duration=0.031
235.0137379104577,service_start,,,662,28,1,1,1,service_time_sampled=0.027
235.04051835686587,service_end,,,662,28,1,1,1,duration=0.027
235.04051835686587,service_start,,,663,27,1,1,1,service_time_sampled=0.117
235.1576817407265,service_end,,,663,27,1,1,1,duration=0.117
235.1576817407265,service_start,,,664,26,1,1,1,service_time_sampled=0.117
235.27421980945837,service_end,,,664,26,1,1,1,duration=0.117
235.27421980945837,service_start,,,665,25,1,1,1,service_time_sampled=0.011
235.28540851259032,service_end,,,665,25,1,1,1,duration=0.011
235.28540851259032,service_start,,,666,24,1,1,1,service_time_sampled=0.048
235.33343817040873,service_end,,,666,24,1,1,1,duration=0.048
235.33343817040873,service_start,,,667,23,1,1,1,service_time_sampled=0.096
235.42939538558508,service_end,,,667,23,1,1,1,duration=0.096
235.42939538558508,service_start,,,668,22,1,1,1,service_time_sampled=0.280
235.70931777717064,service_end,,,668,22,1,1,1,duration=0.280
235.70931777717064,service_start,,,669,21,1,1,1,service_time_sampled=0.037
235.7461980561657,service_end,,,669,21,1,1,1,duration=0.037
235.7461980561657,service_start,,,670,20,1,1,1,service_time_sampled=0.092
235.83846358972394,service_end,,,670,20,1,1,1,duration=0.092
235.83846358972394,service_start,,,671,19,1,1,1,service_time_sampled=0.026
235.86482405537464,service_end,,,671,19,1,1,1,duration=0.026
235.86482405537464,service_start,,,672,18,1,1,1,service_time_sampled=0.010
235.87526251097782,service_end,,,672,18,1,1,1,duration=0.010
235.87526251097782,service_start,,,673,17,1,1,1,service_time_sampled=0.255
236.1302399704786,service_end,,,673,17,1,1,1,duration=0.255
236.1302399704786,service_start,,,674,16,1,1,1,service_time_sampled=0.053
236.18327265490674,service_end,,,674,16,1,1,1,duration=0.053
236.18327265490674,service_start,,,675,15,1,1,1,service_time_sampled=0.227
236.41024654277345,service_end,,,675,15,1,1,1,duration=0.227
236.41024654277345,service_start,,,676,14,1,1,1,service_time_sampled=0.036
236.44641982730099,service_end,,,676,14,1,1,1,duration=0.036
236.44641982730099,service_start,,,677,13,1,1,1,service_time_sampled=0.163
236.60963637900554,service_end,,,677,13,1,1,1,duration=0.163
236.60963637900554,service_start,,,678,12,1,1,1,service_time_sampled=0.045
236.65445692442543,service_end,,,678,12,1,1,1,duration=0.045
236.65445692442543,service_start,,,679,11,1,1,1,service_time_sampled=0.091
236.74539851657804,service_end,,,679,11,1,1,1,duration=0.091
236.74539851657804,service_start,,,680,10,1,1,1,service_time_sampled=0.061
236.80609844623598,service_end,,,680,10,1,1,1,duration=0.061
236.80609844623598,service_start,,,681,9,1,1,1,service_time_sampled=0.082
236.88834138306677,service_end,,,681,9,1,1,1,duration=0.082
236.88834138306677,service_start,,,682,8,1,1,1,service_time_sampled=0.257
237.0,landing_end,19,3,,8,1,1,1,pad_q=1
237.14528328455032,service_end,,,682,8,1,1,1,duration=0.257
237.14528328455032,service_start,,,683,7,1,1,1,service_time_sampled=0.034
237.17958164115225,service_end,,,683,7,1,1,1,duration=0.034
237.17958164115225,service_start,,,684,6,1,1,1,service_time_sampled=0.046
237.22520868601043,service_end,,,684,6,1,1,1,duration=0.046
237.22520868601043,service_start,,,685,5,1,1,1,service_time_sampled=0.100
237.3255716249607,service_end,,,685,5,1,1,1,duration=0.100
237.3255716249607,service_start,,,686,4,1,1,1,service_time_sampled=0.010
237.3355716249607,service_end,,,686,4,1,1,1,duration=0.010
237.3355716249607,service_start,,,687,3,1,1,1,service_time_sampled=0.085
237.42104564361208,service_end,,,687,3,1,1,1,duration=0.085
237.42104564361208,service_start,,,688,2,1,1,1,service_time_sampled=0.072
237.4931215018946,service_end,,,688,2,1,1,1,duration=0.072
237.4931215018946,service_start,,,689,1,1,1,1,service_time_sampled=0.311
237.80445910627517,service_end,,,689,1,1,1,1,duration=0.311
237.80445910627517,service_start,,,690,0,1,1,1,service_time_sampled=0.066
237.87086320152366,service_end,,,690,0,1,1,1,duration=0.066
244.0,unload_end,19,3,,0,1,1,1,
244.0,passengers_spawned,19,3,,0,1,1,1,count=60
244.0,passenger_queue_arrival,,,691,1,1,1,1,
244.0,passenger_queue_arrival,,,692,2,1,1,1,
244.0,passenger_queue_arrival,,,693,3,1,1,1,
244.0,passenger_queue_arrival,,,694,4,1,1,1,
244.0,passenger_queue_arrival,,,695,5,1,1,1,
244.0,passenger_queue_arrival,,,696,6,1,1,1,
244.0,passenger_queue_arrival,,,697,7,1,1,1,
244.0,passenger_queue_arrival,,,698,8,1,1,1,
244.0,passenger_queue_arrival,,,699,9,1,1,1,
244.0,passenger_queue_arrival,,,700,10,1,1,1,
244.0,passenger_queue_arrival,,,701,11,1,1,1,
244.0,passenger_queue_arrival,,,702,12,1,1,1,
244.0,passenger_queue_arrival,,,703,13,1,1,1,
244.0,passenger_queue_arrival,,,704,14,1,1,1,
244.0,passenger_queue_arrival,,,705,15,1,1,1,
244.0,passenger_queue_arrival,,,706,16,1,1,1,
244.0,passenger_queue_arrival,,,707,17,1,1,1,
244.0,passenger_queue_arrival,,,708,18,1,1,1,
244.0,passenger_queue_arrival,,,709,19,1,1,1,
244.0,passenger_queue_arrival,,,710,20,1,1,1,
244.0,passenger_queue_arrival,,,711,21,1,1,1,
244.0,passenger_queue_arrival,,,712,22,1,1,1,
244.0,passenger_queue_arrival,,,713,23,1,1,1,
244.0,passenger_queue_arrival,,,714,24,1,1,1,
244.0,passenger_queue_arrival,,,715,25,1,1,1,
244.0,passenger_queue_arrival,,,716,26,1,1,1,
244.0,passenger_queue_arrival,,,717,27,1,1,1,
244.0,passenger_queue_arrival,,,718,28,1,1,1,
244.0,passenger_queue_arrival,,,719,29,1,1,1,
244.0,passenger_queue_arrival,,,720,30,1,1,1,
244.0,passenger_queue_arrival,,,721,31,1,1,1,
244.0,passenger_queue_arrival,,,722,32,1,1,1,
244.0,passenger_queue_arrival,,,723,33,1,1,1,
244.0,passenger_queue_arrival,,,724,34,1,1,1,
244.0,passenger_queue_arrival,,,725,35,1,1,1,
244.0,passenger_queue_arrival,,,726,36,1,1,1,
244.0,passenger_queue_arrival,,,727,37,1,1,1,
244.0,passenger_queue_arrival,,,728,38,1,1,1,
244.0,passenger_queue_arrival,,,729,39,1,1,1,
244.0,passenger_queue_arrival,,,730,40,1,1,1,
244.0,passenger_queue_arrival,,,731,41,1,1,1,
244.0,passenger_queue_arrival,,,732,42,1,1,1,
244.0,passenger_queue_arrival,,,733,43,1,1,1,
244.0,passenger_queue_arrival,,,734,44,1,1,1,
244.0,passenger_queue_arrival,,,735,45,1,1,1,
244.0,passenger_queue_arrival,,,736,46,1,1,1,
244.0,passenger_queue_arrival,,,737,47,1,1,1,
244.0,passenger_queue_arrival,,,738,48,1,1,1,
244.0,passenger_queue_arrival,,,739,49,1,1,1,
244.0,passenger_queue_arrival,,,740,50,1,1,1,
244.0,passenger_queue_arrival,,,741,51,1,1,1,
244.0,passenger_queue_arrival,,,742,52,1,1,1,
244.0,passenger_queue_arrival,,,743,53,1,1,1,
244.0,passenger_queue_arrival,,,744,54,1,1,1,
244.0,passenger_queue_arrival,,,745,55,1,1,1,
244.0,passenger_queue_arrival,,,746,56,1,1,1,
244.0,passenger_queue_arrival,,,747,57,1,1,1,
244.0,passenger_queue_arrival,,,748,58,1,1,1,
244.0,passenger_queue_arrival,,,749,59,1,1,1,
244.0,passenger_queue_arrival,,,750,60,1,1,1,
244.0,service_start,,,691,59,1,1,1,service_time_sampled=0.077
244.07714176635497,service_end,,,691,59,1,1,1,duration=0.077
244.07714176635497,service_start,,,692,58,1,1,1,service_time_sampled=0.016
244.0928546926047,service_end,,,692,58,1,1,1,duration=0.016
244.0928546926047,service_start,,,693,57,1,1,1,service_time_sampled=0.011
244.1034782337401,service_end,,,693,57,1,1,1,duration=0.011
244.1034782337401,service_start,,,694,56,1,1,1,service_time_sampled=0.013
244.11647209413653,service_end,,,694,56,1,1,1,duration=0.013
244.11647209413653,service_start,,,695,55,1,1,1,service_time_sampled=0.181
244.2977283089689,service_end,,,695,55,1,1,1,duration=0.181
244.2977283089689,service_start,,,696,54,1,1,1,service_time_sampled=0.067
244.36453548588887,service_end,,,696,54,1,1,1,duration=0.067
244.36453548588887,service_start,,,697,53,1,1,1,service_time_sampled=0.315
244.67906062999225,service_end,,,697,53,1,1,1,duration=0.315
244.67906062999225,service_start,,,698,52,1,1,1,service_time_sampled=0.073
244.75168083069875,service_end,,,698,52,1,1,1,duration=0.073
244.75168083069875,service_start,,,699,51,1,1,1,service_time_sampled=0.010
244.76171599596495,service_end,,,699,51,1,1,1,duration=0.010
244.76171599596495,service_start,,,700,50,1,1,1,service_time_sampled=0.070
244.83131064044954,service_end,,,700,50,1,1,1,duration=0.070
244.83131064044954,service_start,,,701,49,1,1,1,service_time_sampled=0.176
245.00703499535504,service_end,,,701,49,1,1,1,duration=0.176
245.00703499535504,service_start,,,702,48,1,1,1,service_time_sampled=0.221
245.22804409383772,service_end,,,702,48,1,1,1,duration=0.221
245.22804409383772,service_start,,,703,47,1,1,1,service_time_sampled=0.010
245.23804409383771,service_end,,,703,47,1,1,1,duration=0.010
245.23804409383771,service_start,,,704,46,1,1,1,service_time_sampled=0.025
245.26290983369958,service_end,,,704,46,1,1,1,duration=0.025
245.26290983369958,service_start,,,705,45,1,1,1,service_time_sampled=0.084
245.34708119996566,service_end,,,705,45,1,1,1,duration=0.084
245.34708119996566,service_start,,,706,44,1,1,1,service_time_sampled=0.017
245.36421418559712,service_end,,,706,44,1,1,1,duration=0.017
245.36421418559712,service_start,,,707,43,1,1,1,service_time_sampled=0.256
245.62029684649806,service_end,,,707,43,1,1,1,duration=0.256
245.62029684649806,service_start,,,708,42,1,1,1,service_time_sampled=0.341
245.9609353704466,service_end,,,708,42,1,1,1,duration=0.341
245.9609353704466,service_start,,,709,41,1,1,1,service_time_sampled=0.048
246.0,plane_arrive,20,2,,41,1,1,1,air_q=1
246.0,landing_start,20,2,,41,1,1,1,landing_time=2
246.00906912130657,service_end,,,709,41,1,1,1,duration=0.048
246.00906912130657,service_start,,,710,40,1,1,1,service_time_sampled=0.042
246.0510916696479,service_end,,,710,40,1,1,1,duration=0.042
246.0510916696479,service_start,,,711,39,1,1,1,service_time_sampled=0.097
246.14845041973973,service_end,,,711,39,1,1,1,duration=0.097
246.14845041973973,service_start,,,712,38,1,1,1,service_time_sampled=0.028
246.17652866428674,service_end,,,712,38,1,1,1,duration=0.028
246.17652866428674,service_start,,,713,37,1,1,1,service_time_sampled=0.044
246.2205146900627,service_end,,,713,37,1,1,1,duration=0.044
246.2205146900627,service_start,,,714,36,1,1,1,service_time_sampled=0.073
246.29339076976447,service_end,,,714,36,1,1,1,duration=0.073
246.29339076976447,service_start,,,715,35,1,1,1,service_time_sampled=0.116
246.40939504131705,service_end,,,715,35,1,1,1,duration=0.116
246.40939504131705,service_start,,,716,34,1,1,1,service_time_sampled=0.096
246.50542334752785,service_end,,,716,34,1,1,1,duration=0.096
246.50542334752785,service_start,,,717,33,1,1,1,service_time_sampled=0.038
246.54322848359328,service_end,,,717,33,1,1,1,duration=0.038
246.54322848359328,service_start,,,718,32,1,1,1,service_time_sampled=0.033
246.57618965610442,service_end,,,718,32,1,1,1,duration=0.033
246.57618965610442,service_start,,,719,31,1,1,1,service_time_sampled=0.016
246.59198859343795,service_end,,,719,31,1,1,1,duration=0.016
246.59198859343795,service_start,,,720,30,1,1,1,service_time_sampled=0.191
246.78325551050725,service_end,,,720,30,1,1,1,duration=0.191
246.78325551050725,service_start,,,721,29,1,1,1,service_time_sampled=0.013
246.79627299679865,service_end,,,721,29,1,1,1,duration=0.013
246.79627299679865,service_start,,,722,28,1,1,1,service_time_sampled=0.165
246.96128249990298,service_end,,,722,28,1,1,1,duration=0.165
246.96128249990298,service_start,,,723,27,1,1,1,service_time_sampled=0.036
246.99703854181274,service_end,,,723,27,1,1,1,duration=0.036
246.99703854181274,service_start,,,724,26,1,1,1,service_time_sampled=0.042
247.03889520748444,service_end,,,724,26,1,1,1,duration=0.042
247.03889520748444,service_start,,,725,25,1,1,1,service_time_sampled=0.167
247.20541048997407,service_end,,,725,25,1,1,1,duration=0.167
247.20541048997407,service_start,,,726,24,1,1,1,service_time_sampled=0.135
247.34012236052553,service_end,,,726,24,1,1,1,duration=0.135
247.34012236052553,service_start,,,727,23,1,1,1,service_time_sampled=0.169
247.5094338220111,service_end,,,727,23,1,1,1,duration=0.169
247.5094338220111,service_start,,,728,22,1,1,1,service_time_sampled=0.091
247.59995759511122,service_end,,,728,22,1,1,1,duration=0.091
247.59995759511122,service_start,,,729,21,1,1,1,service_time_sampled=0.245
247.8449169940752,service_end,,,729,21,1,1,1,duration=0.245
247.8449169940752,service_start,,,730,20,1,1,1,service_time_sampled=0.016
247.8611512397042,service_end,,,730,20,1,1,1,duration=0.016
247.8611512397042,service_start,,,731,19,1,1,1,service_time_sampled=0.130
247.99067529774675,service_end,,,731,19,1,1,1,duration=0.130
247.99067529774675,service_start,,,732,18,1,1,1,service_time_sampled=0.016
248.0,landing_end,20,2,,18,1,1,1,pad_q=1
248.00640533020086,service_end,,,732,18,1,1,1,duration=0.016
248.00640533020086,service_start,,,733,17,1,1,1,service_time_sampled=0.167
248.1734902393366,service_end,,,733,17,1,1,1,duration=0.167
248.1734902393366,service_start,,,734,16,1,1,1,service_time_sampled=0.056
248.22906237671748,service_end,,,734,16,1,1,1,duration=0.056
248.22906237671748,service_start,,,735,15,1,1,1,service_time_sampled=0.140
248.36950830254887,service_end,,,735,15,1,1,1,duration=0.140
248.36950830254887,service_start,,,736,14,1,1,1,service_time_sampled=0.152
248.52146502844644,service_end,,,736,14,1,1,1,duration=0.152
248.52146502844644,service_start,,,737,13,1,1,1,service_time_sampled=0.135
248.6565401341818,service_end,,,737,13,1,1,1,duration=0.135
248.6565401341818,service_start,,,738,12,1,1,1,service_time_sampled=0.031
248.68784773011433,service_end,,,738,12,1,1,1,duration=0.031
248.68784773011433,service_start,,,739,11,1,1,1,service_time_sampled=0.223
248.91067283711206,service_end,,,739,11,1,1,1,duration=0.223
248.91067283711206,service_start,,,740,10,1,1,1,service_time_sampled=0.034
248.9449998276289,service_end,,,740,10,1,1,1,duration=0.034
248.9449998276289,service_start,,,741,9,1,1,1,service_time_sampled=0.091
249.03626598506975,service_end,,,741,9,1,1,1,duration=0.091
249.03626598506975,service_start,,,742,8,1,1,1,service_time_sampled=0.140
249.17662107294933,service_end,,,742,8,1,1,1,duration=0.140
249.17662107294933,service_start,,,743,7,1,1,1,service_time_sampled=0.033
249.20987797229915,service_end,,,743,7,1,1,1,duration=0.033
249.20987797229915,service_start,,,744,6,1,1,1,service_time_sampled=0.124
249.33365771869086,service_end,,,744,6,1,1,1,duration=0.124
249.33365771869086,service_start,,,745,5,1,1,1,service_time_sampled=0.042
249.37591233460432,service_end,,,745,5,1,1,1,duration=0.042
249.37591233460432,service_start,,,746,4,1,1,1,service_time_sampled=0.023
249.39941189461126,service_end,,,746,4,1,1,1,duration=0.023
249.39941189461126,service_start,,,747,3,1,1,1,service_time_sampled=0.207
249.60683816020023,service_end,,,747,3,1,1,1,duration=0.207
249.60683816020023,service_start,,,748,2,1,1,1,service_time_sampled=0.101
249.70752208213892,service_end,,,748,2,1,1,1,duration=0.101
249.70752208213892,service_start,,,749,1,1,1,1,service_time_sampled=0.050
249.7571877553425,service_end,,,749,1,1,1,1,duration=0.050
249.7571877553425,service_start,,,750,0,1,1,1,service_time_sampled=0.110
249.86725222100395,service_end,,,750,0,1,1,1,duration=0.110
255.0,plane_arrive,21,1,,0,1,1,1,air_q=1
255.0,unload_end,20,2,,0,1,1,1,
255.0,passengers_spawned,20,2,,0,1,1,1,count=42
255.0,passenger_queue_arrival,,,751,1,1,1,1,
255.0,passenger_queue_arrival,,,752,2,1,1,1,
255.0,passenger_queue_arrival,,,753,3,1,1,1,
255.0,passenger_queue_arrival,,,754,4,1,1,1,
255.0,passenger_queue_arrival,,,755,5,1,1,1,
255.0,passenger_queue_arrival,,,756,6,1,1,1,
255.0,passenger_queue_arrival,,,757,7,1,1,1,
255.0,passenger_queue_arrival,,,758,8,1,1,1,
255.0,passenger_queue_arrival,,,759,9,1,1,1,
255.0,passenger_queue_arrival,,,760,10,1,1,1,
255.0,passenger_queue_arrival,,,761,11,1,1,1,
255.0,passenger_queue_arrival,,,762,12,1,1,1,
255.0,passenger_queue_arrival,,,763,13,1,1,1,
255.0,passenger_queue_arrival,,,764,14,1,1,1,
255.0,passenger_queue_arrival,,,765,15,1,1,1,
255.0,passenger_queue_arrival,,,766,16,1,1,1,
255.0,passenger_queue_arrival,,,767,17,1,1,1,
255.0,passenger_queue_arrival,,,768,18,1,1,1,
255.0,passenger_queue_arrival,,,769,19,1,1,1,
255.0,passenger_queue_arrival,,,770,20,1,1,1,
255.0,passenger_queue_arrival,,,771,21,1,1,1,
255.0,passenger_queue_arrival,,,772,22,1,1,1,
255.0,passenger_queue_arrival,,,773,23,1,1,1,
255.0,passenger_queue_arrival,,,774,24,1,1,1,
255.0,passenger_queue_arrival,,,775,25,1,1,1,
255.0,passenger_queue_arrival,,,776,26,1,1,1,
255.0,passenger_queue_arrival,,,777,27,1,1,1,
255.0,passenger_queue_arrival,,,778,28,1,1,1,
255.0,passenger_queue_arrival,,,779,29,1,1,1,
255.0,passenger_queue_arrival,,,780,30,1,1,1,
255.0,passenger_queue_arrival,,,781,31,1,1,1,
255.0,passenger_queue_arrival,,,782,32,1,1,1,
255.0,passenger_queue_arrival,,,783,33,1,1,1,
255.0,passenger_queue_arrival,,,784,34,1,1,1,
255.0,passenger_queue_arrival,,,785,35,1,1,1,
255.0,passenger_queue_arrival,,,786,36,1,1,1,
255.0,passenger_queue_arrival,,,787,37,1,1,1,
255.0,passenger_queue_arrival,,,788,38,1,1,1,
255.0,passenger_queue_arrival,,,789,39,1,1,1,
255.0,passenger_queue_arrival,,,790,40,1,1,1,
255.0,passenger_queue_arrival,,,791,41,1,1,1,
255.0,passenger_queue_arrival,,,792,42,1,1,1,
255.0,landing_start,21,1,,42,1,1,1,landing_time=3
255.0,service_start,,,751,41,1,1,1,service_time_sampled=0.021
255.02108830346407,service_end,,,751,41,1,1,1,duration=0.021
255.02108830346407,service_start,,,752,40,1,1,1,service_time_sampled=0.024
255.04540248358654,service_end,,,752,40,1,1,1,duration=0.024
255.04540248358654,service_start,,,753,39,1,1,1,service_time_sampled=0.592
255.6374355253282,service_end,,,753,39,1,1,1,duration=0.592
255.6374355253282,service_start,,,754,38,1,1,1,service_time_sampled=0.018
255.6556477022435,service_end,,,754,38,1,1,1,duration=0.018
255.6556477022435,service_start,,,755,37,1,1,1,service_time_sampled=0.029
255.6845610873922,service_end,,,755,37,1,1,1,duration=0.029
255.6845610873922,service_start,,,756,36,1,1,1,service_time_sampled=0.308
255.99287726030227,service_end,,,756,36,1,1,1,duration=0.308
255.99287726030227,service_start,,,757,35,1,1,1,service_time_sampled=0.086
256.07870765439947,service_end,,,757,35,1,1,1,duration=0.086
256.07870765439947,service_start,,,758,34,1,1,1,service_time_sampled=0.182
256.26093355805136,service_end,,,758,34,1,1,1,duration=0.182
256.26093355805136,service_start,,,759,33,1,1,1,service_time_sampled=0.435
256.6963980322647,service_end,,,759,33,1,1,1,duration=0.435
256.6963980322647,service_start,,,760,32,1,1,1,service_time_sampled=0.034
256.7299345854587,service_end,,,760,32,1,1,1,duration=0.034
256.7299345854587,service_start,,,761,31,1,1,1,service_time_sampled=0.018
256.7476485533731,service_end,,,761,31,1,1,1,duration=0.018
256.7476485533731,service_start,,,762,30,1,1,1,service_time_sampled=0.033
256.78091954540344,service_end,,,762,30,1,1,1,duration=0.033
256.78091954540344,service_start,,,763,29,1,1,1,service_time_sampled=0.061
256.8416062430499,service_end,,,763,29,1,1,1,duration=0.061
256.8416062430499,service_start,,,764,28,1,1,1,service_time_sampled=0.117
256.95882717113983,service_end,,,764,28,1,1,1,duration=0.117
256.95882717113983,service_start,,,765,27,1,1,1,service_time_sampled=0.018
256.9766005088811,service_end,,,765,27,1,1,1,duration=0.018
256.9766005088811,service_start,,,766,26,1,1,1,service_time_sampled=0.086
257.06286098220403,service_end,,,766,26,1,1,1,duration=0.086
257.06286098220403,service_start,,,767,25,1,1,1,service_time_sampled=0.312
257.37528682658916,service_end,,,767,25,1,1,1,duration=0.312
257.37528682658916,service_start,,,768,24,1,1,1,service_time_sampled=0.120
257.49493137783725,service_end,,,768,24,1,1,1,duration=0.120
257.49493137783725,service_start,,,769,23,1,1,1,service_time_sampled=0.010
257.50493137783724,service_end,,,769,23,1,1,1,duration=0.010
257.50493137783724,service_start,,,770,22,1,1,1,service_time_sampled=0.113
257.6182627993685,service_end,,,770,22,1,1,1,duration=0.113
257.6182627993685,service_start,,,771,21,1,1,1,service_time_sampled=0.084
257.7022347320737,service_end,,,771,21,1,1,1,duration=0.084
257.7022347320737,service_start,,,772,20,1,1,1,service_time_sampled=0.046
257.7483822710206,service_end,,,772,20,1,1,1,duration=0.046
257.7483822710206,service_start,,,773,19,1,1,1,service_time_sampled=0.398
258.0,landing_end,21,1,,19,1,1,1,pad_q=1
258.14653276026104,service_end,,,773,19,1,1,1,duration=0.398
258.14653276026104,service_start,,,774,18,1,1,1,service_time_sampled=0.101
258.24788972787235,service_end,,,774,18,1,1,1,duration=0.101
258.24788972787235,service_start,,,775,17,1,1,1,service_time_sampled=0.022
258.27013669028497,service_end,,,775,17,1,1,1,duration=0.022
258.27013669028497,service_start,,,776,16,1,1,1,service_time_sampled=0.264
258.53421345330975,service_end,,,776,16,1,1,1,duration=0.264
258.53421345330975,service_start,,,777,15,1,1,1,service_time_sampled=0.207
258.7413036386636,service_end,,,777,15,1,1,1,duration=0.207
258.7413036386636,service_start,,,778,14,1,1,1,service_time_sampled=0.167
258.90843050217217,service_end,,,778,14,1,1,1,duration=0.167
258.90843050217217,service_start,,,779,13,1,1,1,service_time_sampled=0.099
259.00714570304325,service_end,,,779,13,1,1,1,duration=0.099
259.00714570304325,service_start,,,780,12,1,1,1,service_time_sampled=0.152
259.1594148447963,service_end,,,780,12,1,1,1,duration=0.152
259.1594148447963,service_start,,,781,11,1,1,1,service_time_sampled=0.010
259.1696708552279,service_end,,,781,11,1,1,1,duration=0.010
259.1696708552279,service_start,,,782,10,1,1,1,service_time_sampled=0.018
259.18815279597146,service_end,,,782,10,1,1,1,duration=0.018
259.18815279597146,service_start,,,783,9,1,1,1,service_time_sampled=0.064
259.2523928933853,service_end,,,783,9,1,1,1,duration=0.064
259.2523928933853,service_start,,,784,8,1,1,1,service_time_sampled=0.027
259.27889773399045,service_end,,,784,8,1,1,1,duration=0.027
259.27889773399045,service_start,,,785,7,1,1,1,service_time_sampled=0.048
259.3264493010488,service_end,,,785,7,1,1,1,duration=0.048
259.3264493010488,service_start,,,786,6,1,1,1,service_time_sampled=0.043
259.3695652108564,service_end,,,786,6,1,1,1,duration=0.043
259.3695652108564,service_start,,,787,5,1,1,1,service_time_sampled=0.360
259.72936532492076,service_end,,,787,5,1,1,1,duration=0.360
259.72936532492076,service_start,,,788,4,1,1,1,service_time_sampled=0.029
259.75861930982705,service_end,,,788,4,1,1,1,duration=0.029
259.75861930982705,service_start,,,789,3,1,1,1,service_time_sampled=0.047
259.80594007525536,service_end,,,789,3,1,1,1,duration=0.047
259.80594007525536,service_start,,,790,2,1,1,1,service_time_sampled=0.172
259.97777143050075,service_end,,,790,2,1,1,1,duration=0.172
259.97777143050075,service_start,,,791,1,1,1,1,service_time_sampled=0.036
260.01366653425515,service_end,,,791,1,1,1,1,duration=0.036
260.01366653425515,service_start,,,792,0,1,1,1,service_time_sampled=0.248
260.26210432396067,service_end,,,792,0,1,1,1,duration=0.248
265.0,unload_end,21,1,,0,1,1,1,
265.0,passengers_spawned,21,1,,0,1,1,1,count=30
265.0,passenger_queue_arrival,,,793,1,1,1,1,
265.0,passenger_queue_arrival,,,794,2,1,1,1,
265.0,passenger_queue_arrival,,,795,3,1,1,1,
265.0,passenger_queue_arrival,,,796,4,1,1,1,
265.0,passenger_queue_arrival,,,797,5,1,1,1,
265.0,passenger_queue_arrival,,,798,6,1,1,1,
265.0,passenger_queue_arrival,,,799,7,1,1,1,
265.0,passenger_queue_arrival,,,800,8,1,1,1,
265.0,passenger_queue_arrival,,,801,9,1,1,1,
265.0,passenger_queue_arrival,,,802,10,1,1,1,
265.0,passenger_queue_arrival,,,803,11,1,1,1,
265.0,passenger_queue_arrival,,,804,12,1,1,1,
265.0,passenger_queue_arrival,,,805,13,1,1,1,
265.0,passenger_queue_arrival,,,806,14,1,1,1,
265.0,passenger_queue_arrival,,,807,15,1,1,1,
265.0,passenger_queue_arrival,,,808,16,1,1,1,
265.0,passenger_queue_arrival,,,809,17,1,1,1,
265.0,passenger_queue_arrival,,,810,18,1,1,1,
265.0,passenger_queue_arrival,,,811,19,1,1,1,
265.0,passenger_queue_arrival,,,812,20,1,1,1,
265.0,passenger_queue_arrival,,,813,21,1,1,1,
265.0,passenger_queue_arrival,,,814,22,1,1,1,
265.0,passenger_queue_arrival,,,815,23,1,1,1,
265.0,passenger_queue_arrival,,,816,24,1,1,1,
265.0,passenger_queue_arrival,,,817,25,1,1,1,
265.0,passenger_queue_arrival,,,818,26,1,1,1,
265.0,passenger_queue_arrival,,,819,27,1,1,1,
265.0,passenger_queue_arrival,,,820,28,1,1,1,
265.0,passenger_queue_arrival,,,821,29,1,1,1,
265.0,passenger_queue_arrival,,,822,30,1,1,1,
265.0,service_start,,,793,29,1,1,1,service_time_sampled=0.162
265.161736284418,service_end,,,793,29,1,1,1,duration=0.162
265.161736284418,service_start,,,794,28,1,1,1,service_time_sampled=0.134
265.29579268822323,service_end,,,794,28,1,1,1,duration=0.134
265.29579268822323,service_start,,,795,27,1,1,1,service_time_sampled=0.038
265.33344883092957,service_end,,,795,27,1,1,1,duration=0.038
265.33344883092957,service_start,,,796,26,1,1,1,service_time_sampled=0.139
265.4726334255434,service_end,,,796,26,1,1,1,duration=0.139
265.4726334255434,service_start,,,797,25,1,1,1,service_time_sampled=0.045
265.5180963055163,service_end,,,797,25,1,1,1,duration=0.045
265.5180963055163,service_start,,,798,24,1,1,1,service_time_sampled=0.055
265.57317286337855,service_end,,,798,24,1,1,1,duration=0.055
265.57317286337855,service_start,,,799,23,1,1,1,service_time_sampled=0.097
265.6701067779765,service_end,,,799,23,1,1,1,duration=0.097
265.6701067779765,service_start,,,800,22,1,1,1,service_time_sampled=0.165
265.8348492741529,service_end,,,800,22,1,1,1,duration=0.165
265.8348492741529,service_start,,,801,21,1,1,1,service_time_sampled=0.020
265.85534312306055,service_end,,,801,21,1,1,1,duration=0.020
265.85534312306055,service_start,,,802,20,1,1,1,service_time_sampled=0.010
265.86534312306054,service_end,,,802,20,1,1,1,duration=0.010
265.86534312306054,service_start,,,803,19,1,1,1,service_time_sampled=0.124
265.9888936752547,service_end,,,803,19,1,1,1,duration=0.124
265.9888936752547,service_start,,,804,18,1,1,1,service_time_sampled=0.010
265.9988936752547,service_end,,,804,18,1,1,1,duration=0.010
265.9988936752547,service_start,,,805,17,1,1,1,service_time_sampled=0.010
266.0088936752547,service_end,,,805,17,1,1,1,duration=0.010
266.0088936752547,service_start,,,806,16,1,1,1,service_time_sampled=0.032
266.04088036211283,service_end,,,806,16,1,1,1,duration=0.032
266.04088036211283,service_start,,,807,15,1,1,1,service_time_sampled=0.133
266.17350045082844,service_end,,,807,15,1,1,1,duration=0.133
266.17350045082844,service_start,,,808,14,1,1,1,service_time_sampled=0.010
266.18350045082843,service_end,,,808,14,1,1,1,duration=0.010
266.18350045082843,service_start,,,809,13,1,1,1,service_time_sampled=0.010
266.1935004508284,service_end,,,809,13,1,1,1,duration=0.010
266.1935004508284,service_start,,,810,12,1,1,1,service_time_sampled=0.447
266.6408612611183,service_end,,,810,12,1,1,1,duration=0.447
266.6408612611183,service_start,,,811,11,1,1,1,service_time_sampled=0.069
266.70952521396504,service_end,,,811,11,1,1,1,duration=0.069
266.70952521396504,service_start,,,812,10,1,1,1,service_time_sampled=0.279
266.9882256603019,service_end,,,812,10,1,1,1,duration=0.279
266.9882256603019,service_start,,,813,9,1,1,1,service_time_sampled=0.031
267.0187275617847,service_end,,,813,9,1,1,1,duration=0.031
267.0187275617847,service_start,,,814,8,1,1,1,service_time_sampled=0.071
267.0901409277602,service_end,,,814,8,1,1,1,duration=0.071
267.0901409277602,service_start,,,815,7,1,1,1,service_time_sampled=0.055
267.1455436407104,service_end,,,815,7,1,1,1,duration=0.055
267.1455436407104,service_start,,,816,6,1,1,1,service_time_sampled=0.024
267.1698837348788,service_end,,,816,6,1,1,1,duration=0.024
267.1698837348788,service_start,,,817,5,1,1,1,service_time_sampled=0.050
267.21972220601174,service_end,,,817,5,1,1,1,duration=0.050
267.21972220601174,service_start,,,818,4,1,1,1,service_time_sampled=0.541
267.760624922774,service_end,,,818,4,1,1,1,duration=0.541
267.760624922774,service_start,,,819,3,1,1,1,service_time_sampled=0.172
267.93257341269145,service_end,,,819,3,1,1,1,duration=0.172
267.93257341269145,service_start,,,820,2,1,1,1,service_time_sampled=0.060
267.99286700825587,service_end,,,820,2,1,1,1,duration=0.060
267.99286700825587,service_start,,,821,1,1,1,1,service_time_sampled=0.066
268.0586695899943,service_end,,,821,1,1,1,1,duration=0.066
268.0586695899943,service_start,,,822,0,1,1,1,service_time_sampled=0.038
268.0969412382105,service_end,,,822,0,1,1,1,duration=0.038
272.0,plane_arrive,22,3,,0,1,1,1,air_q=1
272.0,landing_start,22,3,,0,1,1,1,landing_time=5
277.0,landing_end,22,3,,0,1,1,1,pad_q=1
284.0,unload_end,22,3,,0,1,1,1,
284.0,passengers_spawned,22,3,,0,1,1,1,count=46
284.0,passenger_queue_arrival,,,823,1,1,1,1,
284.0,passenger_queue_arrival,,,824,2,1,1,1,
284.0,passenger_queue_arrival,,,825,3,1,1,1,
284.0,passenger_queue_arrival,,,826,4,1,1,1,
284.0,passenger_queue_arrival,,,827,5,1,1,1,
284.0,passenger_queue_arrival,,,828,6,1,1,1,
284.0,passenger_queue_arrival,,,829,7,1,1,1,
284.0,passenger_queue_arrival,,,830,8,1,1,1,
284.0,passenger_queue_arrival,,,831,9,1,1,1,
284.0,passenger_queue_arrival,,,832,10,1,1,1,
284.0,passenger_queue_arrival,,,833,11,1,1,1,
284.0,passenger_queue_arrival,,,834,12,1,1,1,
284.0,passenger_queue_arrival,,,835,13,1,1,1,
284.0,passenger_queue_arrival,,,836,14,1,1,1,
284.0,passenger_queue_arrival,,,837,15,1,1,1,
284.0,passenger_queue_arrival,,,838,16,1,1,1,
284.0,passenger_queue_arrival,,,839,17,1,1,1,
284.0,passenger_queue_arrival,,,840,18,1,1,1,
284.0,passenger_queue_arrival,,,841,19,1,1,1,
284.0,passenger_queue_arrival,,,842,20,1,1,1,
284.0,passenger_queue_arrival,,,843,21,1,1,1,
284.0,passenger_queue_arrival,,,844,22,1,1,1,
284.0,passenger_queue_arrival,,,845,23,1,1,1,
284.0,passenger_queue_arrival,,,846,24,1,1,1,
284.0,passenger_queue_arrival,,,847,25,1,1,1,
284.0,passenger_queue_arrival,,,848,26,1,1,1,
284.0,passenger_queue_arrival,,,849,27,1,1,1,
284.0,passenger_queue_arrival,,,850,28,1,1,1,
284.0,passenger_queue_arrival,,,851,29,1,1,1,
284.0,passenger_queue_arrival,,,852,30,1,1,1,
284.0,passenger_queue_arrival,,,853,31,1,1,1,
284.0,passenger_queue_arrival,,,854,32,1,1,1,
284.0,passenger_queue_arrival,,,855,33,1,1,1,
284.0,passenger_queue_arrival,,,856,34,1,1,1,
284.0,passenger_queue_arrival,,,857,35,1,1,1,
284.0,passenger_queue_arrival,,,858,36,1,1,1,
284.0,passenger_queue_arrival,,,859,37,1,1,1,
284.0,passenger_queue_arrival,,,860,38,1,1,1,
284.0,passenger_queue_arrival,,,861,39,1,1,1,
284.0,passenger_queue_arrival,,,862,40,1,1,1,
284.0,passenger_queue_arrival,,,863,41,1,1,1,
284.0,passenger_queue_arrival,,,864,42,1,1,1,
284.0,passenger_queue_arrival,,,865,43,1,1,1,
284.0,passenger_queue_arrival,,,866,44,1,1,1,
284.0,passenger_queue_arrival,,,867,45,1,1,1,
284.0,passenger_queue_arrival,,,868,46,1,1,1,
284.0,service_start,,,823,45,1,1,1,service_time_sampled=0.104
284.1039731539129,service_end,,,823,45,1,1,1,duration=0.104
284.1039731539129,service_start,,,824,44,1,1,1,service_time_sampled=0.016
284.1203215437218,service_end,,,824,44,1,1,1,duration=0.016
284.1203215437218,service_start,,,825,43,1,1,1,service_time_sampled=0.385
284.5050840999268,service_end,,,825,43,1,1,1,duration=0.385
284.5050840999268,service_start,,,826,42,1,1,1,service_time_sampled=0.023
284.5285735896204,service_end,,,826,42,1,1,1,duration=0.023
284.5285735896204,service_start,,,827,41,1,1,1,service_time_sampled=0.087
284.6153556320696,service_end,,,827,41,1,1,1,duration=0.087
284.6153556320696,service_start,,,828,40,1,1,1,service_time_sampled=0.122
284.7369116859502,service_end,,,828,40,1,1,1,duration=0.122
284.7369116859502,service_start,,,829,39,1,1,1,service_time_sampled=0.136
284.8724916840509,service_end,,,829,39,1,1,1,duration=0.136
284.8724916840509,service_start,,,830,38,1,1,1,service_time_sampled=0.229
285.0,plane_arrive,23,3,,38,1,1,1,air_q=1
285.0,landing_start,23,3,,38,1,1,1,landing_time=1
285.1016049746947,service_end,,,830,38,1,1,1,duration=0.229
285.1016049746947,service_start,,,831,37,1,1,1,service_time_sampled=0.050
285.15167418704857,service_end,,,831,37,1,1,1,duration=0.050
285.15167418704857,service_start,,,832,36,1,1,1,service_time_sampled=0.229
285.38085360036484,service_end,,,832,36,1,1,1,duration=0.229
285.38085360036484,service_start,,,833,35,1,1,1,service_time_sampled=0.215
285.59566154881185,service_end,,,833,35,1,1,1,duration=0.215
285.59566154881185,service_start,,,834,34,1,1,1,service_time_sampled=0.035
285.6310886578301,service_end,,,834,34,1,1,1,duration=0.035
285.6310886578301,service_start,,,835,33,1,1,1,service_time_sampled=0.010
285.6410886578301,service_end,,,835,33,1,1,1,duration=0.010
285.6410886578301,service_start,,,836,32,1,1,1,service_time_sampled=0.205
285.8463770455458,service_end,,,836,32,1,1,1,duration=0.205
285.8463770455458,service_start,,,837,31,1,1,1,service_time_sampled=0.023
285.86949426831785,service_end,,,837,31,1,1,1,duration=0.023
285.86949426831785,service_start,,,838,30,1,1,1,service_time_sampled=0.194
286.0,landing_end,23,3,,30,1,1,1,pad_q=1
286.0632026764592,service_end,,,838,30,1,1,1,duration=0.194
286.0632026764592,service_start,,,839,29,1,1,1,service_time_sampled=0.144
286.187603918659,failure,,,,,1,0,0,element=door
286.187603918659,service_interrupted,,,839,29,1,0,0,remaining=0.019
287.0,plane_arrive,24,3,,29,1,0,0,air_q=1
289.0,plane_arrive,25,3,,29,1,0,0,air_q=2
293.0,unload_end,23,3,,29,1,0,0,
293.0,passengers_spawned,23,3,,29,1,0,0,count=49
293.0,passenger_queue_arrival,,,869,30,1,0,0,
293.0,passenger_queue_arrival,,,870,31,1,0,0,
293.0,passenger_queue_arrival,,,871,32,1,0,0,
293.0,passenger_queue_arrival,,,872,33,1,0,0,
293.0,passenger_queue_arrival,,,873,34,1,0,0,
293.0,passenger_queue_arrival,,,874,35,1,0,0,
293.0,passenger_queue_arrival,,,875,36,1,0,0,
293.0,passenger_queue_arrival,,,876,37,1,0,0,
293.0,passenger_queue_arrival,,,877,38,1,0,0,
293.0,passenger_queue_arrival,,,878,39,1,0,0,
293.0,passenger_queue_arrival,,,879,40,1,0,0,
293.0,passenger_queue_arrival,,,880,41,1,0,0,
293.0,passenger_queue_arrival,,,881,42,1,0,0,
293.0,passenger_queue_arrival,,,882,43,1,0,0,
293.0,passenger_queue_arrival,,,883,44,1,0,0,
293.0,passenger_queue_arrival,,,884,45,1,0,0,
293.0,passenger_queue_arrival,,,885,46,1,0,0,
293.0,passenger_queue_arrival,,,886,47,1,0,0,
293.0,passenger_queue_arrival,,,887,48,1,0,0,
293.0,passenger_queue_arrival,,,888,49,1,0,0,
293.0,passenger_queue_arrival,,,889,50,1,0,0,
293.0,passenger_queue_arrival,,,890,51,1,0,0,
293.0,passenger_queue_arrival,,,891,52,1,0,0,
293.0,passenger_queue_arrival,,,892,53,1,0,0,
293.0,passenger_queue_arrival,,,893,54,1,0,0,
293.0,passenger_queue_arrival,,,894,55,1,0,0,
293.0,passenger_queue_arrival,,,895,56,1,0,0,
293.0,passenger_queue_arrival,,,896,57,1,0,0,
293.0,passenger_queue_arrival,,,897,58,1,0,0,
293.0,passenger_queue_arrival,,,898,59,1,0,0,
293.0,passenger_queue_arrival,,,899,60,1,0,0,
293.0,passenger_queue_arrival,,,900,61,1,0,0,
293.0,passenger_queue_arrival,,,901,62,1,0,0,
293.0,passenger_queue_arrival,,,902,63,1,0,0,
293.0,passenger_queue_arrival,,,903,64,1,0,0,
293.0,passenger_queue_arrival,,,904,65,1,0,0,
293.0,passenger_queue_arrival,,,905,66,1,0,0,
293.0,passenger_queue_arrival,,,906,67,1,0,0,
293.0,passenger_queue_arrival,,,907,68,1,0,0,
293.0,passenger_queue_arrival,,,908,69,1,0,0,
293.0,passenger_queue_arrival,,,909,70,1,0,0,
293.0,passenger_queue_arrival,,,910,71,1,0,0,
293.0,passenger_queue_arrival,,,911,72,1,0,0,
293.0,passenger_queue_arrival,,,912,73,1,0,0,
293.0,passenger_queue_arrival,,,913,74,1,0,0,
293.0,passenger_queue_arrival,,,914,75,1,0,0,
293.0,passenger_queue_arrival,,,915,76,1,0,0,
293.0,passenger_queue_arrival,,,916,77,1,0,0,
293.0,passenger_queue_arrival,,,917,78,1,0,0,
293.0,landing_start,24,3,,78,1,0,0,landing_time=4
294.48539407119716,repair,,,,,1,1,1,"element=door, repair_time=8.298"
294.50706958396063,service_end,,,839,78,1,1,1,duration=8.444
294.50706958396063,service_start,,,840,77,1,1,1,service_time_sampled=0.010
294.5170695839606,service_end,,,840,77,1,1,1,duration=0.010
294.5170695839606,service_start,,,841,76,1,1,1,service_time_sampled=0.052
294.56905643099265,service_end,,,841,76,1,1,1,duration=0.052
294.56905643099265,service_start,,,842,75,1,1,1,service_time_sampled=0.167
294.7364903938887,service_end,,,842,75,1,1,1,duration=0.167
294.7364903938887,service_start,,,843,74,1,1,1,service_time_sampled=0.059
294.79554474291814,service_end,,,843,74,1,1,1,duration=0.059
294.79554474291814,service_start,,,844,73,1,1,1,service_time_sampled=0.123
294.9184033821976,service_end,,,844,73,1,1,1,duration=0.123
294.9184033821976,service_start,,,845,72,1,1,1,service_time_sampled=0.275
295.1937217071559,service_end,,,845,72,1,1,1,duration=0.275
295.1937217071559,service_start,,,846,71,1,1,1,service_time_sampled=0.086
295.27945466329027,service_end,,,846,71,1,1,1,duration=0.086
295.27945466329027,service_start,,,847,70,1,1,1,service_time_sampled=0.055
295.3349216560612,service_end,,,847,70,1,1,1,duration=0.055
295.3349216560612,service_start,,,848,69,1,1,1,service_time_sampled=0.139
295.47412931640304,service_end,,,848,69,1,1,1,duration=0.139
295.47412931640304,service_start,,,849,68,1,1,1,service_time_sampled=0.077
295.5507174200174,service_end,,,849,68,1,1,1,duration=0.077
295.5507174200174,service_start,,,850,67,1,1,1,service_time_sampled=0.089
295.63923428517404,service_end,,,850,67,1,1,1,duration=0.089
295.63923428517404,service_start,,,851,66,1,1,1,service_time_sampled=0.022
295.6613689146817,service_end,,,851,66,1,1,1,duration=0.022
295.6613689146817,service_start,,,852,65,1,1,1,service_time_sampled=0.175
295.83615374366406,service_end,,,852,65,1,1,1,duration=0.175
295.83615374366406,service_start,,,853,64,1,1,1,service_time_sampled=0.051
295.88764808941124,service_end,,,853,64,1,1,1,duration=0.051
295.88764808941124,service_start,,,854,63,1,1,1,service_time_sampled=0.203
296.0,plane_arrive,26,2,,63,1,1,1,air_q=2
296.09092274530036,service_end,,,854,63,1,1,1,duration=0.203
296.09092274530036,service_start,,,855,62,1,1,1,service_time_sampled=0.094
296.1853915660249,service_end,,,855,62,1,1,1,duration=0.094
296.1853915660249,service_start,,,856,61,1,1,1,service_time_sampled=0.042
296.22789122206996,service_end,,,856,61,1,1,1,duration=0.042
296.22789122206996,service_start,,,857,60,1,1,1,service_time_sampled=0.079
296.3069959677972,service_end,,,857,60,1,1,1,duration=0.079
296.3069959677972,service_start,,,858,59,1,1,1,service_time_sampled=0.010
296.3169959677972,service_end,,,858,59,1,1,1,duration=0.010
296.3169959677972,service_start,,,859,58,1,1,1,service_time_sampled=0.095
296.4118516029204,service_end,,,859,58,1,1,1,duration=0.095
296.4118516029204,service_start,,,860,57,1,1,1,service_time_sampled=0.100
296.51224849034907,service_end,,,860,57,1,1,1,duration=0.100
296.51224849034907,service_start,,,861,56,1,1,1,service_time_sampled=0.340
296.8521813618336,service_end,,,861,56,1,1,1,duration=0.340
296.8521813618336,service_start,,,862,55,1,1,1,service_time_sampled=0.010
296.86218136183356,service_end,,,862,55,1,1,1,duration=0.010
296.86218136183356,service_start,,,863,54,1,1,1,service_time_sampled=0.063
296.9250107003635,service_end,,,863,54,1,1,1,duration=0.063
296.9250107003635,service_start,,,864,53,1,1,1,service_time_sampled=0.016
296.9409920837592,service_end,,,864,53,1,1,1,duration=0.016
296.9409920837592,service_start,,,865,52,1,1,1,service_time_sampled=0.053
296.99418567246687,service_end,,,865,52,1,1,1,duration=0.053
296.99418567246687,service_start,,,866,51,1,1,1,service_time_sampled=0.010
297.0,landing_end,24,3,,51,1,1,1,pad_q=1
297.0,plane_arrive,27,2,,51,1,1,1,air_q=3
297.00418567246686,service_end,,,866,51,1,1,1,duration=0.010
297.00418567246686,service_start,,,867,50,1,1,1,service_time_sampled=0.010
297.01418567246685,service_end,,,867,50,1,1,1,duration=0.010
297.01418567246685,service_start,,,868,49,1,1,1,service_time_sampled=0.143
297.1568986333559,service_end,,,868,49,1,1,1,duration=0.143
297.1568986333559,service_start,,,869,48,1,1,1,service_time_sampled=0.109
297.265933969293,service_end,,,869,48,1,1,1,duration=0.109
297.265933969293,service_start,,,870,47,1,1,1,service_time_sampled=0.187
297.4529016554048,service_end,,,870,47,1,1,1,duration=0.187
297.4529016554048,service_start,,,871,46,1,1,1,service_time_sampled=0.043
297.4956737950905,service_end,,,871,46,1,1,1,duration=0.043
297.4956737950905,service_start,,,872,45,1,1,1,service_time_sampled=0.145
297.64051320381157,service_end,,,872,45,1,1,1,duration=0.145
297.64051320381157,service_start,,,873,44,1,1,1,service_time_sampled=0.029
297.6695201557599,service_end,,,873,44,1,1,1,duration=0.029
297.6695201557599,service_start,,,874,43,1,1,1,service_time_sampled=0.094
297.7637045119295,service_end,,,874,43,1,1,1,duration=0.094
297.7637045119295,service_start,,,875,42,1,1,1,service_time_sampled=0.052
297.8156970558382,service_end,,,875,42,1,1,1,duration=0.052
297.8156970558382,service_start,,,876,41,1,1,1,service_time_sampled=0.480
298.29539589141314,service_end,,,876,41,1,1,1,duration=0.480
298.29539589141314,service_start,,,877,40,1,1,1,service_time_sampled=0.446
298.74174542659244,service_end,,,877,40,1,1,1,duration=0.446
298.74174542659244,service_start,,,878,39,1,1,1,service_time_sampled=0.029
298.7710478079488,service_end,,,878,39,1,1,1,duration=0.029
298.7710478079488,service_start,,,879,38,1,1,1,service_time_sampled=0.104
298.87539766418405,service_end,,,879,38,1,1,1,duration=0.104
298.87539766418405,service_start,,,880,37,1,1,1,service_time_sampled=0.050
298.9253534267139,service_end,,,880,37,1,1,1,duration=0.050
298.9253534267139,service_start,,,881,36,1,1,1,service_time_sampled=0.432
299.3577260210792,service_end,,,881,36,1,1,1,duration=0.432
299.3577260210792,service_start,,,882,35,1,1,1,service_time_sampled=0.323
299.680721816878,service_end,,,882,35,1,1,1,duration=0.323
299.680721816878,service_start,,,883,34,1,1,1,service_time_sampled=0.110
299.79100202554037,service_end,,,883,34,1,1,1,duration=0.110
299.79100202554037,service_start,,,884,33,1,1,1,service_time_sampled=0.159
299.9501604438777,service_end,,,884,33,1,1,1,duration=0.159
299.9501604438777,service_start,,,885,32,1,1,1,service_time_sampled=0.143
300.0931082864862,service_end,,,885,32,1,1,1,duration=0.143
300.0931082864862,service_start,,,886,31,1,1,1,service_time_sampled=0.054
300.1476031364046,service_end,,,886,31,1,1,1,duration=0.054
300.1476031364046,service_start,,,887,30,1,1,1,service_time_sampled=0.310
300.45775965741086,service_end,,,887,30,1,1,1,duration=0.310
300.45775965741086,service_start,,,888,29,1,1,1,service_time_sampled=0.287
300.7449015746715,service_end,,,888,29,1,1,1,duration=0.287
300.7449015746715,service_start,,,889,28,1,1,1,service_time_sampled=0.050
300.79508417875246,service_end,,,889,28,1,1,1,duration=0.050
300.79508417875246,service_start,,,890,27,1,1,1,service_time_sampled=0.172
300.9670751689057,service_end,,,890,27,1,1,1,duration=0.172
300.9670751689057,service_start,,,891,26,1,1,1,service_time_sampled=0.010
300.9770751689057,service_end,,,891,26,1,1,1,duration=0.010
300.9770751689057,service_start,,,892,25,1,1,1,service_time_sampled=0.212
301.18892180843255,service_end,,,892,25,1,1,1,duration=0.212
301.18892180843255,service_start,,,893,24,1,1,1,service_time_sampled=0.104
301.29293542563056,service_end,,,893,24,1,1,1,duration=0.104
301.29293542563056,service_start,,,894,23,1,1,1,service_time_sampled=0.380
301.6733060030709,service_end,,,894,23,1,1,1,duration=0.380
301.6733060030709,service_start,,,895,22,1,1,1,service_time_sampled=0.056
301.72971709921035,service_end,,,895,22,1,1,1,duration=0.056
301.72971709921035,service_start,,,896,21,1,1,1,service_time_sampled=0.123
301.8525586737474,service_end,,,896,21,1,1,1,duration=0.123
301.8525586737474,service_start,,,897,20,1,1,1,service_time_sampled=0.049
301.90131962345515,service_end,,,897,20,1,1,1,duration=0.049
301.90131962345515,service_start,,,898,19,1,1,1,service_time_sampled=0.191
302.0921782970073,service_end,,,898,19,1,1,1,duration=0.191
302.0921782970073,service_start,,,899,18,1,1,1,service_time_sampled=0.115
302.2069345182614,service_end,,,899,18,1,1,1,duration=0.115
302.2069345182614,service_start,,,900,17,1,1,1,service_time_sampled=0.547
302.75439841273146,service_end,,,900,17,1,1,1,duration=0.547
302.75439841273146,service_start,,,901,16,1,1,1,service_time_sampled=0.010
302.76439841273145,service_end,,,901,16,1,1,1,duration=0.010
302.76439841273145,service_start,,,902,15,1,1,1,service_time_sampled=0.019
302.7833616049161,service_end,,,902,15,1,1,1,duration=0.019
302.7833616049161,service_start,,,903,14,1,1,1,service_time_sampled=0.010
302.7933616049161,service_end,,,903,14,1,1,1,duration=0.010
302.7933616049161,service_start,,,904,13,1,1,1,service_time_sampled=0.017
302.8101742089725,service_end,,,904,13,1,1,1,duration=0.017
302.8101742089725,service_start,,,905,12,1,1,1,service_time_sampled=0.331
303.141488821393,service_end,,,905,12,1,1,1,duration=0.331
303.141488821393,service_start,,,906,11,1,1,1,service_time_sampled=0.371
303.5125236449611,service_end,,,906,11,1,1,1,duration=0.371
303.5125236449611,service_start,,,907,10,1,1,1,service_time_sampled=0.082
303.59436365973886,service_end,,,907,10,1,1,1,duration=0.082
303.59436365973886,service_start,,,908,9,1,1,1,service_time_sampled=0.366
303.96081615872583,service_end,,,908,9,1,1,1,duration=0.366
303.96081615872583,service_start,,,909,8,1,1,1,service_time_sampled=0.213
304.0,unload_end,24,3,,8,1,1,1,
304.0,passengers_spawned,24,3,,8,1,1,1,count=53
304.0,passenger_queue_arrival,,,918,9,1,1,1,
304.0,passenger_queue_arrival,,,919,10,1,1,1,
304.0,passenger_queue_arrival,,,920,11,1,1,1,
304.0,passenger_queue_arrival,,,921,12,1,1,1,
304.0,passenger_queue_arrival,,,922,13,1,1,1,
304.0,passenger_queue_arrival,,,923,14,1,1,1,
304.0,passenger_queue_arrival,,,924,15,1,1,1,
304.0,passenger_queue_arrival,,,925,16,1,1,1,
304.0,passenger_queue_arrival,,,926,17,1,1,1,
304.0,passenger_queue_arrival,,,927,18,1,1,1,
304.0,passenger_queue_arrival,,,928,19,1,1,1,
304.0,passenger_queue_arrival,,,929,20,1,1,1,
304.0,passenger_queue_arrival,,,930,21,1,1,1,
304.0,passenger_queue_arrival,,,931,22,1,1,1,
304.0,passenger_queue_arrival,,,932,23,1,1,1,
304.0,passenger_queue_arrival,,,933,24,1,1,1,
304.0,passenger_queue_arrival,,,934,25,1,1,1,
304.0,passenger_queue_arrival,,,935,26,1,1,1,
304.0,passenger_queue_arrival,,,936,27,1,1,1,
304.0,passenger_queue_arrival,,,937,28,1,1,1,
304.0,passenger_queue_arrival,,,938,29,1,1,1,
304.0,passenger_queue_arrival,,,939,30,1,1,1,
304.0,passenger_queue_arrival,,,940,31,1,1,1,
304.0,passenger_queue_arrival,,,941,32,1,1,1,
304.0,passenger_queue_arrival,,,942,33,1,1,1,
304.0,passenger_queue_arrival,,,943,34,1,1,1,
304.0,passenger_queue_arrival,,,944,35,1,1,1,
304.0,passenger_queue_arrival,,,945,36,1,1,1,
304.0,passenger_queue_arrival,,,946,37,1,1,1,
304.0,passenger_queue_arrival,,,947,38,1,1,1,
304.0,passenger_queue_arrival,,,948,39,1,1,1,
304.0,passenger_queue_arrival,,,949,40,1,1,1,
304.0,passenger_queue_arrival,,,950,41,1,1,1,
304.0,passenger_queue_arrival,,,951,42,1,1,1,
304.0,passenger_queue_arrival,,,952,43,1,1,1,
304.0,passenger_queue_arrival,,,953,44,1,1,1,
304.0,passenger_queue_arrival,,,954,45,1,1,1,
304.0,passenger_queue_arrival,,,955,46,1,1,1,
304.0,passenger_queue_arrival,,,956,47,1,1,1,
304.0,passenger_queue_arrival,,,957,48,1,1,1,
304.0,passenger_queue_arrival,,,958,49,1,1,1,
304.0,passenger_queue_arrival,,,959,50,1,1,1,
304.0,passenger_queue_arrival,,,960,51,1,1,1,
304.0,passenger_queue_arrival,,,961,52,1,1,1,
304.0,passenger_queue_arrival,,,962,53,1,1,1,
304.0,passenger_queue_arrival,,,963,54,1,1,1,
304.0,passenger_queue_arrival,,,964,55,1,1,1,
304.0,passenger_queue_arrival,,,965,56,1,1,1,
304.0,passenger_queue_arrival,,,966,57,1,1,1,
304.0,passenger_queue_arrival,,,967,58,1,1,1,
304.0,passenger_queue_arrival,,,968,59,1,1,1,
304.0,passenger_queue_arrival,,,969,60,1,1,1,
304.0,passenger_queue_arrival,,,970,61,1,1,1,
304.0,landing_start,25,3,,61,1,1,1,landing_time=3
304.1740512323893,service_end,,,909,61,1,1,1,duration=0.213
304.1740512323893,service_start,,,910,60,1,1,1,service_time_sampled=0.100
304.2735532109111,service_end,,,910,60,1,1,1,duration=0.100
304.2735532109111,service_start,,,911,59,1,1,1,service_time_sampled=0.069
304.3424829573088,service_end,,,911,59,1,1,1,duration=0.069
304.3424829573088,service_start,,,912,58,1,1,1,service_time_sampled=0.374
304.71642073042943,service_end,,,912,58,1,1,1,duration=0.374
304.71642073042943,service_start,,,913,57,1,1,1,service_time_sampled=0.024
304.74029060517955,service_end,,,913,57,1,1,1,duration=0.024
304.74029060517955,service_start,,,914,56,1,1,1,service_time_sampled=0.023
304.7635605457609,service_end,,,914,56,1,1,1,duration=0.023
304.7635605457609,service_start,,,915,55,1,1,1,service_time_sampled=0.134
304.89799397942414,service_end,,,915,55,1,1,1,duration=0.134
304.89799397942414,service_start,,,916,54,1,1,1,service_time_sampled=0.021
304.91940211108795,service_end,,,916,54,1,1,1,duration=0.021
304.91940211108795,service_start,,,917,53,1,1,1,service_time_sampled=0.015
304.9339763766832,service_end,,,917,53,1,1,1,duration=0.015
304.9339763766832,service_start,,,918,52,1,1,1,service_time_sampled=0.088
305.02160444170215,service_end,,,918,52,1,1,1,duration=0.088
305.02160444170215,service_start,,,919,51,1,1,1,service_time_sampled=0.199
305.22071451676237,service_end,,,919,51,1,1,1,duration=0.199
305.22071451676237,service_start,,,920,50,1,1,1,service_time_sampled=0.116
305.336837659911,service_end,,,920,50,1,1,1,duration=0.116
305.336837659911,service_start,,,921,49,1,1,1,service_time_sampled=0.176
305.51252433239154,service_end,,,921,49,1,1,1,duration=0.176
305.51252433239154,service_start,,,922,48,1,1,1,service_time_sampled=0.039
305.55113899845173,service_end,,,922,48,1,1,1,duration=0.039
305.55113899845173,service_start,,,923,47,1,1,1,service_time_sampled=0.042
305.59306659293446,service_end,,,923,47,1,1,1,duration=0.042
305.59306659293446,service_start,,,924,46,1,1,1,service_time_sampled=0.070
305.6630474914015,service_end,,,924,46,1,1,1,duration=0.070
305.6630474914015,service_start,,,925,45,1,1,1,service_time_sampled=0.587
306.2497687662306,service_end,,,925,45,1,1,1,duration=0.587
306.2497687662306,service_start,,,926,44,1,1,1,service_time_sampled=0.158
306.40796356367656,service_end,,,926,44,1,1,1,duration=0.158
306.40796356367656,service_start,,,927,43,1,1,1,service_time_sampled=0.365
306.7733992185073,service_end,,,927,43,1,1,1,duration=0.365
306.7733992185073,service_start,,,928,42,1,1,1,service_time_sampled=0.096
306.869887972053,service_end,,,928,42,1,1,1,duration=0.096
306.869887972053,service_start,,,929,41,1,1,1,service_time_sampled=0.101
306.9709745205603,service_end,,,929,41,1,1,1,duration=0.101
306.9709745205603,service_start,,,930,40,1,1,1,service_time_sampled=0.577
307.0,landing_end,25,3,,40,1,1,1,pad_q=1
307.54775511848794,service_end,,,930,40,1,1,1,duration=0.577
307.54775511848794,service_start,,,931,39,1,1,1,service_time_sampled=0.026
307.5740934381036,service_end,,,931,39,1,1,1,duration=0.026
307.5740934381036,service_start,,,932,38,1,1,1,service_time_sampled=0.191
307.764839977855,service_end,,,932,38,1,1,1,duration=0.191
307.764839977855,service_start,,,933,37,1,1,1,service_time_sampled=0.196
307.96082529563455,service_end,,,933,37,1,1,1,duration=0.196
307.96082529563455,service_start,,,934,36,1,1,1,service_time_sampled=0.233
308.19365837453915,service_end,,,934,36,1,1,1,duration=0.233
308.19365837453915,service_start,,,935,35,1,1,1,service_time_sampled=0.173
308.36697152706626,service_end,,,935,35,1,1,1,duration=0.173
308.36697152706626,service_start,,,936,34,1,1,1,service_time_sampled=0.021
308.38807313127495,service_end,,,936,34,1,1,1,duration=0.021
308.38807313127495,service_start,,,937,33,1,1,1,service_time_sampled=0.135
308.5233395985785,service_end,,,937,33,1,1,1,duration=0.135
308.5233395985785,service_start,,,938,32,1,1,1,service_time_sampled=0.322
308.84498010848586,service_end,,,938,32,1,1,1,duration=0.322
308.84498010848586,service_start,,,939,31,1,1,1,service_time_sampled=0.104
308.9485394609541,service_end,,,939,31,1,1,1,duration=0.104
308.9485394609541,service_start,,,940,30,1,1,1,service_time_sampled=0.056
309.0045093729219,service_end,,,940,30,1,1,1,duration=0.056
309.0045093729219,service_start,,,941,29,1,1,1,service_time_sampled=0.373
309.37778199850305,service_end,,,941,29,1,1,1,duration=0.373
309.37778199850305,service_start,,,942,28,1,1,1,service_time_sampled=0.103
309.48085955663055,service_end,,,942,28,1,1,1,duration=0.103
309.48085955663055,service_start,,,943,27,1,1,1,service_time_sampled=0.066
309.5471608248254,service_end,,,943,27,1,1,1,duration=0.066
309.5471608248254,service_start,,,944,26,1,1,1,service_time_sampled=0.119
309.66619380223005,service_end,,,944,26,1,1,1,duration=0.119
309.66619380223005,service_start,,,945,25,1,1,1,service_time_sampled=0.204
309.8699786351319,service_end,,,945,25,1,1,1,duration=0.204
309.8699786351319,service_start,,,946,24,1,1,1,service_time_sampled=0.032
309.90237389945986,service_end,,,946,24,1,1,1,duration=0.032
309.90237389945986,service_start,,,947,23,1,1,1,service_time_sampled=0.010
309.91237389945985,service_end,,,947,23,1,1,1,duration=0.010
309.91237389945985,service_start,,,948,22,1,1,1,service_time_sampled=0.094
310.00651123511625,service_end,,,948,22,1,1,1,duration=0.094
310.00651123511625,service_start,,,949,21,1,1,1,service_time_sampled=0.355
310.36104801341537,service_end,,,949,21,1,1,1,duration=0.355
310.36104801341537,service_start,,,950,20,1,1,1,service_time_sampled=0.143
310.5035781060933,service_end,,,950,20,1,1,1,duration=0.143
310.5035781060933,service_start,,,951,19,1,1,1,service_time_sampled=0.125
310.62816677407784,service_end,,,951,19,1,1,1,duration=0.125
310.62816677407784,service_start,,,952,18,1,1,1,service_time_sampled=0.124
310.7517123531755,service_end,,,952,18,1,1,1,duration=0.124
310.7517123531755,service_start,,,953,17,1,1,1,service_time_sampled=0.086
310.8376054352169,service_end,,,953,17,1,1,1,duration=0.086
310.8376054352169,service_start,,,954,16,1,1,1,service_time_sampled=0.164
311.0,plane_arrive,28,1,,16,1,1,1,air_q=3
311.00169841420393,service_end,,,954,16,1,1,1,duration=0.164
311.00169841420393,service_start,,,955,15,1,1,1,service_time_sampled=0.035
311.03634553972023,service_end,,,955,15,1,1,1,duration=0.035
311.03634553972023,service_start,,,956,14,1,1,1,service_time_sampled=0.026
311.06193815744166,service_end,,,956,14,1,1,1,duration=0.026
311.06193815744166,service_start,,,957,13,1,1,1,service_time_sampled=0.177
311.2393289385094,service_end,,,957,13,1,1,1,duration=0.177
311.2393289385094,service_start,,,958,12,1,1,1,service_time_sampled=0.068
311.307415946936,service_end,,,958,12,1,1,1,duration=0.068
311.307415946936,service_start,,,959,11,1,1,1,service_time_sampled=0.106
311.41382851309265,service_end,,,959,11,1,1,1,duration=0.106
311.41382851309265,service_start,,,960,10,1,1,1,service_time_sampled=0.034
311.44759702804805,service_end,,,960,10,1,1,1,duration=0.034
311.44759702804805,service_start,,,961,9,1,1,1,service_time_sampled=0.156
311.603987001848,service_end,,,961,9,1,1,1,duration=0.156
311.603987001848,service_start,,,962,8,1,1,1,service_time_sampled=0.249
311.8531566780866,service_end,,,962,8,1,1,1,duration=0.249
311.8531566780866,service_start,,,963,7,1,1,1,service_time_sampled=0.282
311.9371191137403,failure,,,,,0,1,0,element=scanner
311.9371191137403,service_interrupted,,,963,7,0,1,0,remaining=0.198
314.0,unload_end,25,3,,7,0,1,0,
314.0,passengers_spawned,25,3,,7,0,1,0,count=48
314.0,passenger_queue_arrival,,,971,8,0,1,0,
314.0,passenger_queue_arrival,,,972,9,0,1,0,
314.0,passenger_queue_arrival,,,973,10,0,1,0,
314.0,passenger_queue_arrival,,,974,11,0,1,0,
314.0,passenger_queue_arrival,,,975,12,0,1,0,
314.0,passenger_queue_arrival,,,976,13,0,1,0,
314.0,passenger_queue_arrival,,,977,14,0,1,0,
314.0,passenger_queue_arrival,,,978,15,0,1,0,
314.0,passenger_queue_arrival,,,979,16,0,1,0,
314.0,passenger_queue_arrival,,,980,17,0,1,0,
314.0,passenger_queue_arrival,,,981,18,0,1,0,
314.0,passenger_queue_arrival,,,982,19,0,1,0,
314.0,passenger_queue_arrival,,,983,20,0,1,0,
314.0,passenger_queue_arrival,,,984,21,0,1,0,
314.0,passenger_queue_arrival,,,985,22,0,1,0,
314.0,passenger_queue_arrival,,,986,23,0,1,0,
314.0,passenger_queue_arrival,,,987,24,0,1,0,
314.0,passenger_queue_arrival,,,988,25,0,1,0,
314.0,passenger_queue_arrival,,,989,26,0,1,0,
314.0,passenger_queue_arrival,,,990,27,0,1,0,
314.0,passenger_queue_arrival,,,991,28,0,1,0,
314.0,passenger_queue_arrival,,,992,29,0,1,0,
314.0,passenger_queue_arrival,,,993,30,0,1,0,
314.0,passenger_queue_arrival,,,994,31,0,1,0,
314.0,passenger_queue_arrival,,,995,32,0,1,0,
314.0,passenger_queue_arrival,,,996,33,0,1,0,
314.0,passenger_queue_arrival,,,997,34,0,1,0,
314.0,passenger_queue_arrival,,,998,35,0,1,0,
314.0,passenger_queue_arrival,,,999,36,0,1,0,
314.0,passenger_queue_arrival,,,1000,37,0,1,0,
314.0,passenger_queue_arrival,,,1001,38,0,1,0,
314.0,passenger_queue_arrival,,,1002,39,0,1,0,
314.0,passenger_queue_arrival,,,1003,40,0,1,0,
314.0,passenger_queue_arrival,,,1004,41,0,1,0,
314.0,passenger_queue_arrival,,,1005,42,0,1,0,
314.0,passenger_queue_arrival,,,1006,43,0,1,0,
314.0,passenger_queue_arrival,,,1007,44,0,1,0,
314.0,passenger_queue_arrival,,,1008,45,0,1,0,
314.0,passenger_queue_arrival,,,1009,46,0,1,0,
314.0,passenger_queue_arrival,,,1010,47,0,1,0,
314.0,passenger_queue_arrival,,,1011,48,0,1,0,
314.0,passenger_queue_arrival,,,1012,49,0,1,0,
314.0,passenger_queue_arrival,,,1013,50,0,1,0,
314.0,passenger_queue_arrival,,,1014,51,0,1,0,
314.0,passenger_queue_arrival,,,1015,52,0,1,0,
314.0,passenger_queue_arrival,,,1016,53,0,1,0,
314.0,passenger_queue_arrival,,,1017,54,0,1,0,
314.0,passenger_queue_arrival,,,1018,55,0,1,0,
314.0,landing_start,26,2,,55,0,1,0,landing_time=3
317.0,landing_end,26,2,,55,0,1,0,pad_q=1
317.2924966937151,repair,,,,,1,1,1,"element=scanner, repair_time=5.355"
317.53483255605397,service_end,,,963,55,1,1,1,duration=5.682
317.53483255605397,service_start,,,964,54,1,1,1,service_time_sampled=0.321
317.85623753373295,service_end,,,964,54,1,1,1,duration=0.321
317.85623753373295,service_start,,,965,53,1,1,1,service_time_sampled=0.329
318.1850998138319,service_end,,,965,53,1,1,1,duration=0.329
318.1850998138319,service_start,,,966,52,1,1,1,service_time_sampled=0.126
318.3109961041459,service_end,,,966,52,1,1,1,duration=0.126
318.3109961041459,service_start,,,967,51,1,1,1,service_time_sampled=0.352
318.66348933068855,service_end,,,967,51,1,1,1,duration=0.352
318.66348933068855,service_start,,,968,50,1,1,1,service_time_sampled=0.036
318.6998979909363,service_end,,,968,50,1,1,1,duration=0.036
318.6998979909363,service_start,,,969,49,1,1,1,service_time_sampled=0.267
318.96680669023374,service_end,,,969,49,1,1,1,duration=0.267
318.96680669023374,service_start,,,970,48,1,1,1,service_time_sampled=0.186
319.1524215547873,service_end,,,970,48,1,1,1,duration=0.186
319.1524215547873,service_start,,,971,47,1,1,1,service_time_sampled=0.118
319.2700229824126,service_end,,,971,47,1,1,1,duration=0.118
319.2700229824126,service_start,,,972,46,1,1,1,service_time_sampled=0.012
319.28189828194854,service_end,,,972,46,1,1,1,duration=0.012
319.28189828194854,service_start,,,973,45,1,1,1,service_time_sampled=0.010
319.29189828194853,service_end,,,973,45,1,1,1,duration=0.010
319.29189828194853,service_start,,,974,44,1,1,1,service_time_sampled=0.010
319.3018982819485,service_end,,,974,44,1,1,1,duration=0.010
319.3018982819485,service_start,,,975,43,1,1,1,service_time_sampled=0.036
319.3379515852,service_end,,,975,43,1,1,1,duration=0.036
319.3379515852,service_start,,,976,42,1,1,1,service_time_sampled=0.180
319.51757238728726,service_end,,,976,42,1,1,1,duration=0.180
319.51757238728726,service_start,,,977,41,1,1,1,service_time_sampled=0.061
319.57866974195997,service_end,,,977,41,1,1,1,duration=0.061
319.57866974195997,service_start,,,978,40,1,1,1,service_time_sampled=0.187
319.7653750289001,service_end,,,978,40,1,1,1,duration=0.187
319.7653750289001,service_start,,,979,39,1,1,1,service_time_sampled=0.123
319.88819303284447,service_end,,,979,39,1,1,1,duration=0.123
319.88819303284447,service_start,,,980,38,1,1,1,service_time_sampled=0.062
319.9498289143241,service_end,,,980,38,1,1,1,duration=0.062
319.9498289143241,service_start,,,981,37,1,1,1,service_time_sampled=0.265
320.0,plane_arrive,29,1,,37,1,1,1,air_q=3
320.21501468806014,service_end,,,981,37,1,1,1,duration=0.265
320.21501468806014,service_start,,,982,36,1,1,1,service_time_sampled=0.055
320.26974703662825,service_end,,,982,36,1,1,1,duration=0.055
320.26974703662825,service_start,,,983,35,1,1,1,service_time_sampled=0.105
320.37489165129176,service_end,,,983,35,1,1,1,duration=0.105
320.37489165129176,service_start,,,984,34,1,1,1,service_time_sampled=0.104
320.4787748996396,service_end,,,984,34,1,1,1,duration=0.104
320.4787748996396,service_start,,,985,33,1,1,1,service_time_sampled=0.041
320.51955173835785,service_end,,,985,33,1,1,1,duration=0.041
320.51955173835785,service_start,,,986,32,1,1,1,service_time_sampled=0.216
320.73530184925585,service_end,,,986,32,1,1,1,duration=0.216
320.73530184925585,service_start,,,987,31,1,1,1,service_time_sampled=0.063
320.79875832944083,service_end,,,987,31,1,1,1,duration=0.063
320.79875832944083,service_start,,,988,30,1,1,1,service_time_sampled=0.317
321.1159207748129,service_end,,,988,30,1,1,1,duration=0.317
321.1159207748129,service_start,,,989,29,1,1,1,service_time_sampled=0.018
321.13409813648525,service_end,,,989,29,1,1,1,duration=0.018
321.13409813648525,service_start,,,990,28,1,1,1,service_time_sampled=0.011
321.14472236337184,service_end,,,990,28,1,1,1,duration=0.011
321.14472236337184,service_start,,,991,27,1,1,1,service_time_sampled=0.250
321.3949849763174,service_end,,,991,27,1,1,1,duration=0.250
321.3949849763174,service_start,,,992,26,1,1,1,service_time_sampled=0.056
321.45097050976983,service_end,,,992,26,1,1,1,duration=0.056
321.45097050976983,service_start,,,993,25,1,1,1,service_time_sampled=0.010
321.4609705097698,service_end,,,993,25,1,1,1,duration=0.010
321.4609705097698,service_start,,,994,24,1,1,1,service_time_sampled=0.158
321.61888620362794,service_end,,,994,24,1,1,1,duration=0.158
321.61888620362794,service_start,,,995,23,1,1,1,service_time_sampled=0.139
321.75799907109985,service_end,,,995,23,1,1,1,duration=0.139
321.75799907109985,service_start,,,996,22,1,1,1,service_time_sampled=0.080
321.8376190894089,service_end,,,996,22,1,1,1,duration=0.080
321.8376190894089,service_start,,,997,21,1,1,1,service_time_sampled=0.047
321.88482581636265,service_end,,,997,21,1,1,1,duration=0.047
321.88482581636265,service_start,,,998,20,1,1,1,service_time_sampled=0.230
322.11496943428375,service_end,,,998,20,1,1,1,duration=0.230
322.11496943428375,service_start,,,999,19,1,1,1,service_time_sampled=0.386
322.5012475577813,service_end,,,999,19,1,1,1,duration=0.386
322.5012475577813,service_start,,,1000,18,1,1,1,service_time_sampled=0.010
322.5112475577813,service_end,,,1000,18,1,1,1,duration=0.010
322.5112475577813,service_start,,,1001,17,1,1,1,service_time_sampled=0.062
322.57357853008773,service_end,,,1001,17,1,1,1,duration=0.062
322.57357853008773,service_start,,,1002,16,1,1,1,service_time_sampled=0.017
322.59030862332116,service_end,,,1002,16,1,1,1,duration=0.017
322.59030862332116,service_start,,,1003,15,1,1,1,service_time_sampled=0.617
323.207281203888,service_end,,,1003,15,1,1,1,duration=0.617
323.207281203888,service_start,,,1004,14,1,1,1,service_time_sampled=0.126
323.3334593517877,service_end,,,1004,14,1,1,1,duration=0.126
323.3334593517877,service_start,,,1005,13,1,1,1,service_time_sampled=0.065
323.3986565850682,service_end,,,1005,13,1,1,1,duration=0.065
323.3986565850682,service_start,,,1006,12,1,1,1,service_time_sampled=0.019
323.4178197076749,service_end,,,1006,12,1,1,1,duration=0.019
323.4178197076749,service_start,,,1007,11,1,1,1,service_time_sampled=0.020
323.4377659288007,service_end,,,1007,11,1,1,1,duration=0.020
323.4377659288007,service_start,,,1008,10,1,1,1,service_time_sampled=0.252
323.6895748272026,service_end,,,1008,10,1,1,1,duration=0.252
323.6895748272026,service_start,,,1009,9,1,1,1,service_time_sampled=0.090
323.77912475975273,service_end,,,1009,9,1,1,1,duration=0.090
323.77912475975273,service_start,,,1010,8,1,1,1,service_time_sampled=0.022
323.80135298887,service_end,,,1010,8,1,1,1,duration=0.022
323.80135298887,service_start,,,1011,7,1,1,1,service_time_sampled=0.279
324.0,unload_end,26,2,,7,1,1,1,
324.0,passengers_spawned,26,2,,7,1,1,1,count=45
324.0,passenger_queue_arrival,,,1019,8,1,1,1,
324.0,passenger_queue_arrival,,,1020,9,1,1,1,
324.0,passenger_queue_arrival,,,1021,10,1,1,1,
324.0,passenger_queue_arrival,,,1022,11,1,1,1,
324.0,passenger_queue_arrival,,,1023,12,1,1,1,
324.0,passenger_queue_arrival,,,1024,13,1,1,1,
324.0,passenger_queue_arrival,,,1025,14,1,1,1,
324.0,passenger_queue_arrival,,,1026,15,1,1,1,
324.0,passenger_queue_arrival,,,1027,16,1,1,1,
324.0,passenger_queue_arrival,,,1028,17,1,1,1,
324.0,passenger_queue_arrival,,,1029,18,1,1,1,
324.0,passenger_queue_arrival,,,1030,19,1,1,1,
324.0,passenger_queue_arrival,,,1031,20,1,1,1,
324.0,passenger_queue_arrival,,,1032,21,1,1,1,
324.0,passenger_queue_arrival,,,1033,22,1,1,1,
324.0,passenger_queue_arrival,,,1034,23,1,1,1,
324.0,passenger_queue_arrival,,,1035,24,1,1,1,
324.0,passenger_queue_arrival,,,1036,25,1,1,1,
324.0,passenger_queue_arrival,,,1037,26,1,1,1,
324.0,passenger_queue_arrival,,,1038,27,1,1,1,
324.0,passenger_queue_arrival,,,1039,28,1,1,1,
324.0,passenger_queue_arrival,,,1040,29,1,1,1,
324.0,passenger_queue_arrival,,,1041,30,1,1,1,
324.0,passenger_queue_arrival,,,1042,31,1,1,1,
324.0,passenger_queue_arrival,,,1043,32,1,1,1,
324.0,passenger_queue_arrival,,,1044,33,1,1,1,
324.0,passenger_queue_arrival,,,1045,34,1,1,1,
324.0,passenger_queue_arrival,,,1046,35,1,1,1,
324.0,passenger_queue_arrival,,,1047,36,1,1,1,
324.0,passenger_queue_arrival,,,1048,37,1,1,1,
324.0,passenger_queue_arrival,,,1049,38,1,1,1,
324.0,passenger_queue_arrival,,,1050,39,1,1,1,
324.0,passenger_queue_arrival,,,1051,40,1,1,1,
324.0,passenger_queue_arrival,,,1052,41,1,1,1,
324.0,passenger_queue_arrival,,,1053,42,1,1,1,
324.0,passenger_queue_arrival,,,1054,43,1,1,1,
324.0,passenger_queue_arrival,,,1055,44,1,1,1,
324.0,passenger_queue_arrival,,,1056,45,1,1,1,
324.0,passenger_queue_arrival,,,1057,46,1,1,1,
324.0,passenger_queue_arrival,,,1058,47,1,1,1,
324.0,passenger_queue_arrival,,,1059,48,1,1,1,
324.0,passenger_queue_arrival,,,1060,49,1,1,1,
324.0,passenger_queue_arrival,,,1061,50,1,1,1,
324.0,passenger_queue_arrival,,,1062,51,1,1,1,
324.0,passenger_queue_arrival,,,1063,52,1,1,1,
324.0,landing_start,27,2,,52,1,1,1,landing_time=2
324.0805195461014,service_end,,,1011,52,1,1,1,duration=0.279
324.0805195461014,service_start,,,1012,51,1,1,1,service_time_sampled=0.164
324.2440977990967,service_end,,,1012,51,1,1,1,duration=0.164
324.2440977990967,service_start,,,1013,50,1,1,1,service_time_sampled=0.092
324.33574194082047,service_end,,,1013,50,1,1,1,duration=0.092
324.33574194082047,service_start,,,1014,49,1,1,1,service_time_sampled=0.217
324.552541379088,service_end,,,1014,49,1,1,1,duration=0.217
324.552541379088,service_start,,,1015,48,1,1,1,service_time_sampled=0.147
324.6994194146673,service_end,,,1015,48,1,1,1,duration=0.147
324.6994194146673,service_start,,,1016,47,1,1,1,service_time_sampled=0.149
324.8488028377205,service_end,,,1016,47,1,1,1,duration=0.149
324.8488028377205,service_start,,,1017,46,1,1,1,service_time_sampled=0.061
324.9100305939524,service_end,,,1017,46,1,1,1,duration=0.061
324.9100305939524,service_start,,,1018,45,1,1,1,service_time_sampled=0.025
324.9348707141455,service_end,,,1018,45,1,1,1,duration=0.025
324.9348707141455,service_start,,,1019,44,1,1,1,service_time_sampled=0.201
325.13614207389656,service_end,,,1019,44,1,1,1,duration=0.201
325.13614207389656,service_start,,,1020,43,1,1,1,service_time_sampled=0.210
325.3457225192867,service_end,,,1020,43,1,1,1,duration=0.210
325.3457225192867,service_start,,,1021,42,1,1,1,service_time_sampled=0.011
325.3562443659187,service_end,,,1021,42,1,1,1,duration=0.011
325.3562443659187,service_start,,,1022,41,1,1,1,service_time_sampled=0.024
325.3802038153387,service_end,,,1022,41,1,1,1,duration=0.024
325.3802038153387,service_start,,,1023,40,1,1,1,service_time_sampled=0.039
325.41878867833884,service_end,,,1023,40,1,1,1,duration=0.039
325.41878867833884,service_start,,,1024,39,1,1,1,service_time_sampled=0.201
325.6200938682912,service_end,,,1024,39,1,1,1,duration=0.201
325.6200938682912,service_start,,,1025,38,1,1,1,service_time_sampled=0.050
325.66976948306944,service_end,,,1025,38,1,1,1,duration=0.050
325.66976948306944,service_start,,,1026,37,1,1,1,service_time_sampled=0.154
325.82393297896584,service_end,,,1026,37,1,1,1,duration=0.154
325.82393297896584,service_start,,,1027,36,1,1,1,service_time_sampled=0.191
326.0,landing_end,27,2,,36,1,1,1,pad_q=1
326.01452960046737,service_end,,,1027,36,1,1,1,duration=0.191
326.01452960046737,service_start,,,1028,35,1,1,1,service_time_sampled=0.091
326.10560981724745,service_end,,,1028,35,1,1,1,duration=0.091
326.10560981724745,service_start,,,1029,34,1,1,1,service_time_sampled=0.076
326.1818206510826,service_end,,,1029,34,1,1,1,duration=0.076
326.1818206510826,service_start,,,1030,33,1,1,1,service_time_sampled=0.301
326.4828093578394,service_end,,,1030,33,1,1,1,duration=0.301
326.4828093578394,service_start,,,1031,32,1,1,1,service_time_sampled=0.177
326.6594776307195,service_end,,,1031,32,1,1,1,duration=0.177
326.6594776307195,service_start,,,1032,31,1,1,1,service_time_sampled=0.074
326.7339404880816,service_end,,,1032,31,1,1,1,duration=0.074
326.7339404880816,service_start,,,1033,30,1,1,1,service_time_sampled=0.021
326.7546706197109,service_end,,,1033,30,1,1,1,duration=0.021
326.7546706197109,service_start,,,1034,29,1,1,1,service_time_sampled=0.125
326.8798146172329,service_end,,,1034,29,1,1,1,duration=0.125
326.8798146172329,service_start,,,1035,28,1,1,1,service_time_sampled=0.024
326.9041593394383,service_end,,,1035,28,1,1,1,duration=0.024
326.9041593394383,service_start,,,1036,27,1,1,1,service_time_sampled=0.090
326.9938963062121,service_end,,,1036,27,1,1,1,duration=0.090
326.9938963062121,service_start,,,1037,26,1,1,1,service_time_sampled=0.283
327.2767804073064,service_end,,,1037,26,1,1,1,duration=0.283
327.2767804073064,service_start,,,1038,25,1,1,1,service_time_sampled=0.047
327.3242697354602,service_end,,,1038,25,1,1,1,duration=0.047
327.3242697354602,service_start,,,1039,24,1,1,1,service_time_sampled=0.367
327.69084959096904,service_end,,,1039,24,1,1,1,duration=0.367
327.69084959096904,service_start,,,1040,23,1,1,1,service_time_sampled=0.027
327.717636043606,service_end,,,1040,23,1,1,1,duration=0.027
327.717636043606,service_start,,,1041,22,1,1,1,service_time_sampled=0.196
327.9133248599786,service_end,,,1041,22,1,1,1,duration=0.196
327.9133248599786,service_start,,,1042,21,1,1,1,service_time_sampled=0.118
328.03131236762823,service_end,,,1042,21,1,1,1,duration=0.118
328.03131236762823,service_start,,,1043,20,1,1,1,service_time_sampled=0.209
328.24040473156333,service_end,,,1043,20,1,1,1,duration=0.209
328.24040473156333,service_start,,,1044,19,1,1,1,service_time_sampled=0.092
328.3327415420857,service_end,,,1044,19,1,1,1,duration=0.092
328.3327415420857,service_start,,,1045,18,1,1,1,service_time_sampled=0.155
328.4872737407189,service_end,,,1045,18,1,1,1,duration=0.155
328.4872737407189,service_start,,,1046,17,1,1,1,service_time_sampled=0.305
328.79202956949746,service_end,,,1046,17,1,1,1,duration=0.305
328.79202956949746,service_start,,,1047,16,1,1,1,service_time_sampled=0.018
328.8101399100242,service_end,,,1047,16,1,1,1,duration=0.018
328.8101399100242,service_start,,,1048,15,1,1,1,service_time_sampled=0.185
328.9946787121167,service_end,,,1048,15,1,1,1,duration=0.185
328.9946787121167,service_start,,,1049,14,1,1,1,service_time_sampled=0.010
329.0,plane_arrive,30,1,,14,1,1,1,air_q=3
329.0046787121167,service_end,,,1049,14,1,1,1,duration=0.010
329.0046787121167,service_start,,,1050,13,1,1,1,service_time_sampled=0.053
329.0572604716033,service_end,,,1050,13,1,1,1,duration=0.053
329.0572604716033,service_start,,,1051,12,1,1,1,service_time_sampled=0.210
329.26681596655095,service_end,,,1051,12,1,1,1,duration=0.210
329.26681596655095,service_start,,,1052,11,1,1,1,service_time_sampled=0.010
329.27723691321467,service_end,,,1052,11,1,1,1,duration=0.010
329.27723691321467,service_start,,,1053,10,1,1,1,service_time_sampled=0.070
329.34700562489644,service_end,,,1053,10,1,1,1,duration=0.070
329.34700562489644,service_start,,,1054,9,1,1,1,service_time_sampled=0.054
329.40130046385804,service_end,,,1054,9,1,1,1,duration=0.054
329.40130046385804,service_start,,,1055,8,1,1,1,service_time_sampled=0.075
329.4763898422152,service_end,,,1055,8,1,1,1,duration=0.075
329.4763898422152,service_start,,,1056,7,1,1,1,service_time_sampled=0.224
329.70049221140283,service_end,,,1056,7,1,1,1,duration=0.224
329.70049221140283,service_start,,,1057,6,1,1,1,service_time_sampled=0.090
329.7902745428853,service_end,,,1057,6,1,1,1,duration=0.090
329.7902745428853,service_start,,,1058,5,1,1,1,service_time_sampled=0.545
330.3355196686686,service_end,,,1058,5,1,1,1,duration=0.545
330.3355196686686,service_start,,,1059,4,1,1,1,service_time_sampled=0.247
330.58259484184885,service_end,,,1059,4,1,1,1,duration=0.247
330.58259484184885,service_start,,,1060,3,1,1,1,service_time_sampled=0.016
330.59841030594856,service_end,,,1060,3,1,1,1,duration=0.016
330.59841030594856,service_start,,,1061,2,1,1,1,service_time_sampled=0.048
330.64604800921194,service_end,,,1061,2,1,1,1,duration=0.048
330.64604800921194,service_start,,,1062,1,1,1,1,service_time_sampled=0.010
330.65604800921193,service_end,,,1062,1,1,1,1,duration=0.010
330.65604800921193,service_start,,,1063,0,1,1,1,service_time_sampled=0.165
330.8214645607321,service_end,,,1063,0,1,1,1,duration=0.165
331.66915011862733,failure,,,,,0,1,0,element=scanner
333.0,unload_end,27,2,,0,0,1,0,
333.0,passengers_spawned,27,2,,0,0,1,0,count=36
333.0,passenger_queue_arrival,,,1064,1,0,1,0,
333.0,passenger_queue_arrival,,,1065,2,0,1,0,
333.0,passenger_queue_arrival,,,1066,3,0,1,0,
333.0,passenger_queue_arrival,,,1067,4,0,1,0,
333.0,passenger_queue_arrival,,,1068,5,0,1,0,
333.0,passenger_queue_arrival,,,1069,6,0,1,0,
333.0,passenger_queue_arrival,,,1070,7,0,1,0,
333.0,passenger_queue_arrival,,,1071,8,0,1,0,
333.0,passenger_queue_arrival,,,1072,9,0,1,0,
333.0,passenger_queue_arrival,,,1073,10,0,1,0,
333.0,passenger_queue_arrival,,,1074,11,0,1,0,
333.0,passenger_queue_arrival,,,1075,12,0,1,0,
333.0,passenger_queue_arrival,,,1076,13,0,1,0,
333.0,passenger_queue_arrival,,,1077,14,0,1,0,
333.0,passenger_queue_arrival,,,1078,15,0,1,0,
333.0,passenger_queue_arrival,,,1079,16,0,1,0,
333.0,passenger_queue_arrival,,,1080,17,0,1,0,
333.0,passenger_queue_arrival,,,1081,18,0,1,0,
333.0,passenger_queue_arrival,,,1082,19,0,1,0,
333.0,passenger_queue_arrival,,,1083,20,0,1,0,
333.0,passenger_queue_arrival,,,1084,21,0,1,0,
333.0,passenger_queue_arrival,,,1085,22,0,1,0,
333.0,passenger_queue_arrival,,,1086,23,0,1,0,
333.0,passenger_queue_arrival,,,1087,24,0,1,0,
333.0,passenger_queue_arrival,,,1088,25,0,1,0,
333.0,passenger_queue_arrival,,,1089,26,0,1,0,
333.0,passenger_queue_arrival,,,1090,27,0,1,0,
333.0,passenger_queue_arrival,,,1091,28,0,1,0,
333.0,passenger_queue_arrival,,,1092,29,0,1,0,
333.0,passenger_queue_arrival,,,1093,30,0,1,0,
333.0,passenger_queue_arrival,,,1094,31,0,1,0,
333.0,passenger_queue_arrival,,,1095,32,0,1,0,
333.0,passenger_queue_arrival,,,1096,33,0,1,0,
333.0,passenger_queue_arrival,,,1097,34,0,1,0,
333.0,passenger_queue_arrival,,,1098,35,0,1,0,
333.0,passenger_queue_arrival,,,1099,36,0,1,0,
333.0,landing_start,28,1,,36,0,1,0,landing_time=3
333.0,service_start,,,1064,35,0,1,0,service_time_sampled=0.010
336.0,landing_end,28,1,,35,0,1,0,pad_q=1
339.7377595375482,repair,,,,,1,1,1,"element=scanner, repair_time=8.069"
339.81000000000154,service_end,,,1064,35,1,1,1,duration=6.810
339.81000000000154,service_start,,,1065,34,1,1,1,service_time_sampled=0.150
339.9600150103291,service_end,,,1065,34,1,1,1,duration=0.150
339.9600150103291,service_start,,,1066,33,1,1,1,service_time_sampled=0.199
340.15918992889607,service_end,,,1066,33,1,1,1,duration=0.199
340.15918992889607,service_start,,,1067,32,1,1,1,service_time_sampled=0.303
340.4625270414421,service_end,,,1067,32,1,1,1,duration=0.303
340.4625270414421,service_start,,,1068,31,1,1,1,service_time_sampled=0.115
340.57720370246125,service_end,,,1068,31,1,1,1,duration=0.115
340.57720370246125,service_start,,,1069,30,1,1,1,service_time_sampled=0.198
340.77496121281416,service_end,,,1069,30,1,1,1,duration=0.198
340.77496121281416,service_start,,,1070,29,1,1,1,service_time_sampled=0.023
340.79797581572586,service_end,,,1070,29,1,1,1,duration=0.023
340.79797581572586,service_start,,,1071,28,1,1,1,service_time_sampled=0.313
341.11121588808,service_end,,,1071,28,1,1,1,duration=0.313
341.11121588808,service_start,,,1072,27,1,1,1,service_time_sampled=0.327
341.43813607559,service_end,,,1072,27,1,1,1,duration=0.327
341.43813607559,service_start,,,1073,26,1,1,1,service_time_sampled=0.066
341.50371490813677,service_end,,,1073,26,1,1,1,duration=0.066
341.50371490813677,service_start,,,1074,25,1,1,1,service_time_sampled=0.073
341.5763500591473,service_end,,,1074,25,1,1,1,duration=0.073
341.5763500591473,service_start,,,1075,24,1,1,1,service_time_sampled=0.116
341.6921874704136,service_end,,,1075,24,1,1,1,duration=0.116
341.6921874704136,service_start,,,1076,23,1,1,1,service_time_sampled=0.121
341.8131799851061,service_end,,,1076,23,1,1,1,duration=0.121
341.8131799851061,service_start,,,1077,22,1,1,1,service_time_sampled=0.037
341.85011540459686,service_end,,,1077,22,1,1,1,duration=0.037
341.85011540459686,service_start,,,1078,21,1,1,1,service_time_sampled=0.046
341.8964517896151,service_end,,,1078,21,1,1,1,duration=0.046
341.8964517896151,service_start,,,1079,20,1,1,1,service_time_sampled=0.236
342.1328374063615,service_end,,,1079,20,1,1,1,duration=0.236
342.1328374063615,service_start,,,1080,19,1,1,1,service_time_sampled=0.076
342.2083965753333,service_end,,,1080,19,1,1,1,duration=0.076
342.2083965753333,service_start,,,1081,18,1,1,1,service_time_sampled=0.025
342.2333045503541,service_end,,,1081,18,1,1,1,duration=0.025
342.2333045503541,service_start,,,1082,17,1,1,1,service_time_sampled=0.076
342.30888457396253,service_end,,,1082,17,1,1,1,duration=0.076
342.30888457396253,service_start,,,1083,16,1,1,1,service_time_sampled=0.038
342.3472255950465,service_end,,,1083,16,1,1,1,duration=0.038
342.3472255950465,service_start,,,1084,15,1,1,1,service_time_sampled=0.373
342.71991762837126,service_end,,,1084,15,1,1,1,duration=0.373
342.71991762837126,service_start,,,1085,14,1,1,1,service_time_sampled=0.010
342.72991762837125,service_end,,,1085,14,1,1,1,duration=0.010
342.72991762837125,service_start,,,1086,13,1,1,1,service_time_sampled=0.013
342.74257557972385,service_end,,,1086,13,1,1,1,duration=0.013
342.74257557972385,service_start,,,1087,12,1,1,1,service_time_sampled=0.010
342.75257557972384,service_end,,,1087,12,1,1,1,duration=0.010
342.75257557972384,service_start,,,1088,11,1,1,1,service_time_sampled=0.010
342.76257557972383,service_end,,,1088,11,1,1,1,duration=0.010
342.76257557972383,service_start,,,1089,10,1,1,1,service_time_sampled=0.065
342.82721527548676,service_end,,,1089,10,1,1,1,duration=0.065
342.82721527548676,service_start,,,1090,9,1,1,1,service_time_sampled=0.147
342.97384398469507,service_end,,,1090,9,1,1,1,duration=0.147
342.97384398469507,service_start,,,1091,8,1,1,1,service_time_sampled=0.284
343.0,unload_end,28,1,,8,1,1,1,
343.0,passengers_spawned,28,1,,8,1,1,1,count=25
343.0,passenger_queue_arrival,,,1100,9,1,1,1,
343.0,passenger_queue_arrival,,,1101,10,1,1,1,
343.0,passenger_queue_arrival,,,1102,11,1,1,1,
343.0,passenger_queue_arrival,,,1103,12,1,1,1,
343.0,passenger_queue_arrival,,,1104,13,1,1,1,
343.0,passenger_queue_arrival,,,1105,14,1,1,1,
343.0,passenger_queue_arrival,,,1106,15,1,1,1,
343.0,passenger_queue_arrival,,,1107,16,1,1,1,
343.0,passenger_queue_arrival,,,1108,17,1,1,1,
343.0,passenger_queue_arrival,,,1109,18,1,1,1,
343.0,passenger_queue_arrival,,,1110,19,1,1,1,
343.0,passenger_queue_arrival,,,1111,20,1,1,1,
343.0,passenger_queue_arrival,,,1112,21,1,1,1,
343.0,passenger_queue_arrival,,,1113,22,1,1,1,
343.0,passenger_queue_arrival,,,1114,23,1,1,1,
343.0,passenger_queue_arrival,,,1115,24,1,1,1,
343.0,passenger_queue_arrival,,,1116,25,1,1,1,
343.0,passenger_queue_arrival,,,1117,26,1,1,1,
343.0,passenger_queue_arrival,,,1118,27,1,1,1,
343.0,passenger_queue_arrival,,,1119,28,1,1,1,
343.0,passenger_queue_arrival,,,1120,29,1,1,1,
343.0,passenger_queue_arrival,,,1121,30,1,1,1,
343.0,passenger_queue_arrival,,,1122,31,1,1,1,
343.0,passenger_queue_arrival,,,1123,32,1,1,1,
343.0,passenger_queue_arrival,,,1124,33,1,1,1,
343.0,landing_start,29,1,,33,1,1,1,landing_time=3
343.25797132161495,service_end,,,1091,33,1,1,1,duration=0.284
343.25797132161495,service_start,,,1092,32,1,1,1,service_time_sampled=0.076
343.3341814645561,service_end,,,1092,32,1,1,1,duration=0.076
343.3341814645561,service_start,,,1093,31,1,1,1,service_time_sampled=0.101
343.43512576428157,service_end,,,1093,31,1,1,1,duration=0.101
343.43512576428157,service_start,,,1094,30,1,1,1,service_time_sampled=0.257
343.6917627166548,service_end,,,1094,30,1,1,1,duration=0.257
343.6917627166548,service_start,,,1095,29,1,1,1,service_time_sampled=0.086
343.777417858695,service_end,,,1095,29,1,1,1,duration=0.086
343.777417858695,service_start,,,1096,28,1,1,1,service_time_sampled=0.010
343.7879017754658,service_end,,,1096,28,1,1,1,duration=0.010
343.7879017754658,service_start,,,1097,27,1,1,1,service_time_sampled=0.010
343.7979017754658,service_end,,,1097,27,1,1,1,duration=0.010
343.7979017754658,service_start,,,1098,26,1,1,1,service_time_sampled=0.248
344.0455633207872,service_end,,,1098,26,1,1,1,duration=0.248
344.0455633207872,service_start,,,1099,25,1,1,1,service_time_sampled=0.196
344.2410792173161,service_end,,,1099,25,1,1,1,duration=0.196
344.2410792173161,service_start,,,1100,24,1,1,1,service_time_sampled=0.244
344.48546517379845,service_end,,,1100,24,1,1,1,duration=0.244
344.48546517379845,service_start,,,1101,23,1,1,1,service_time_sampled=0.038
344.5234827145883,service_end,,,1101,23,1,1,1,duration=0.038
344.5234827145883,service_start,,,1102,22,1,1,1,service_time_sampled=0.131
344.653997290297,service_end,,,1102,22,1,1,1,duration=0.131
344.653997290297,service_start,,,1103,21,1,1,1,service_time_sampled=0.013
344.6665740493763,service_end,,,1103,21,1,1,1,duration=0.013
344.6665740493763,service_start,,,1104,20,1,1,1,service_time_sampled=0.219
344.88557394457234,service_end,,,1104,20,1,1,1,duration=0.219
344.88557394457234,service_start,,,1105,19,1,1,1,service_time_sampled=0.051
344.93630951966264,service_end,,,1105,19,1,1,1,duration=0.051
344.93630951966264,service_start,,,1106,18,1,1,1,service_time_sampled=0.388
345.3243557814307,service_end,,,1106,18,1,1,1,duration=0.388
345.3243557814307,service_start,,,1107,17,1,1,1,service_time_sampled=0.080
345.40404206831334,service_end,,,1107,17,1,1,1,duration=0.080
345.40404206831334,service_start,,,1108,16,1,1,1,service_time_sampled=0.010
345.41404206831334,service_end,,,1108,16,1,1,1,duration=0.010
345.41404206831334,service_start,,,1109,15,1,1,1,service_time_sampled=0.300
345.7137308183923,service_end,,,1109,15,1,1,1,duration=0.300
345.7137308183923,service_start,,,1110,14,1,1,1,service_time_sampled=0.123
345.8365119839347,service_end,,,1110,14,1,1,1,duration=0.123
345.8365119839347,service_start,,,1111,13,1,1,1,service_time_sampled=0.042
345.8788104677714,service_end,,,1111,13,1,1,1,duration=0.042
345.8788104677714,service_start,,,1112,12,1,1,1,service_time_sampled=0.010
345.8888104677714,service_end,,,1112,12,1,1,1,duration=0.010
345.8888104677714,service_start,,,1113,11,1,1,1,service_time_sampled=0.059
345.94789865662284,service_end,,,1113,11,1,1,1,duration=0.059
345.94789865662284,service_start,,,1114,10,1,1,1,service_time_sampled=0.021
345.96922652226374,service_end,,,1114,10,1,1,1,duration=0.021
345.96922652226374,service_start,,,1115,9,1,1,1,service_time_sampled=0.099
346.0,landing_end,29,1,,9,1,1,1,pad_q=1
346.06856320343525,service_end,,,1115,9,1,1,1,duration=0.099
346.06856320343525,service_start,,,1116,8,1,1,1,service_time_sampled=0.020
346.0884206246038,service_end,,,1116,8,1,1,1,duration=0.020
346.0884206246038,service_start,,,1117,7,1,1,1,service_time_sampled=0.024
346.11240868223933,service_end,,,1117,7,1,1,1,duration=0.024
346.11240868223933,service_start,,,1118,6,1,1,1,service_time_sampled=0.317
346.4294907710278,service_end,,,1118,6,1,1,1,duration=0.317
346.4294907710278,service_start,,,1119,5,1,1,1,service_time_sampled=0.128
346.5572388625702,service_end,,,1119,5,1,1,1,duration=0.128
346.5572388625702,service_start,,,1120,4,1,1,1,service_time_sampled=0.035
346.5919687652779,service_end,,,1120,4,1,1,1,duration=0.035
346.5919687652779,service_start,,,1121,3,1,1,1,service_time_sampled=0.264
346.8558572547408,service_end,,,1121,3,1,1,1,duration=0.264
346.8558572547408,service_start,,,1122,2,1,1,1,service_time_sampled=0.123
346.9783662238563,service_end,,,1122,2,1,1,1,duration=0.123
346.9783662238563,service_start,,,1123,1,1,1,1,service_time_sampled=0.364
347.0,plane_arrive,31,2,,1,1,1,1,air_q=2
347.34228859814544,service_end,,,1123,1,1,1,1,duration=0.364
347.34228859814544,service_start,,,1124,0,1,1,1,service_time_sampled=0.123
347.46517182158215,service_end,,,1124,0,1,1,1,duration=0.123
353.0,unload_end,29,1,,0,1,1,1,
353.0,passengers_spawned,29,1,,0,1,1,1,count=26
353.0,passenger_queue_arrival,,,1125,1,1,1,1,
353.0,passenger_queue_arrival,,,1126,2,1,1,1,
353.0,passenger_queue_arrival,,,1127,3,1,1,1,
353.0,passenger_queue_arrival,,,1128,4,1,1,1,
353.0,passenger_queue_arrival,,,1129,5,1,1,1,
353.0,passenger_queue_arrival,,,1130,6,1,1,1,
353.0,passenger_queue_arrival,,,1131,7,1,1,1,
353.0,passenger_queue_arrival,,,1132,8,1,1,1,
353.0,passenger_queue_arrival,,,1133,9,1,1,1,
353.0,passenger_queue_arrival,,,1134,10,1,1,1,
353.0,passenger_queue_arrival,,,1135,11,1,1,1,
353.0,passenger_queue_arrival,,,1136,12,1,1,1,
353.0,passenger_queue_arrival,,,1137,13,1,1,1,
353.0,passenger_queue_arrival,,,1138,14,1,1,1,
353.0,passenger_queue_arrival,,,1139,15,1,1,1,
353.0,passenger_queue_arrival,,,1140,16,1,1,1,
353.0,passenger_queue_arrival,,,1141,17,1,1,1,
353.0,passenger_queue_arrival,,,1142,18,1,1,1,
353.0,passenger_queue_arrival,,,1143,19,1,1,1,
353.0,passenger_queue_arrival,,,1144,20,1,1,1,
353.0,passenger_queue_arrival,,,1145,21,1,1,1,
353.0,passenger_queue_arrival,,,1146,22,1,1,1,
353.0,passenger_queue_arrival,,,1147,23,1,1,1,
353.0,passenger_queue_arrival,,,1148,24,1,1,1,
353.0,passenger_queue_arrival,,,1149,25,1,1,1,
353.0,passenger_queue_arrival,,,1150,26,1,1,1,
353.0,landing_start,30,1,,26,1,1,1,landing_time=3
353.0,service_start,,,1125,25,1,1,1,service_time_sampled=0.010
353.01,service_end,,,1125,25,1,1,1,duration=0.010
353.01,service_start,,,1126,24,1,1,1,service_time_sampled=0.034
353.04435239281617,service_end,,,1126,24,1,1,1,duration=0.034
353.04435239281617,service_start,,,1127,23,1,1,1,service_time_sampled=0.041
353.0856893826438,service_end,,,1127,23,1,1,1,duration=0.041
353.0856893826438,service_start,,,1128,22,1,1,1,service_time_sampled=0.023
353.1089830925012,service_end,,,1128,22,1,1,1,duration=0.023
353.1089830925012,service_start,,,1129,21,1,1,1,service_time_sampled=0.034
353.1429898544292,service_end,,,1129,21,1,1,1,duration=0.034
353.1429898544292,service_start,,,1130,20,1,1,1,service_time_sampled=0.032
353.17501926419646,service_end,,,1130,20,1,1,1,duration=0.032
353.17501926419646,service_start,,,1131,19,1,1,1,service_time_sampled=0.263
353.43833874264686,service_end,,,1131,19,1,1,1,duration=0.263
353.43833874264686,service_start,,,1132,18,1,1,1,service_time_sampled=0.078
353.51603483462566,service_end,,,1132,18,1,1,1,duration=0.078
353.51603483462566,service_start,,,1133,17,1,1,1,service_time_sampled=0.261
353.7774860755875,service_end,,,1133,17,1,1,1,duration=0.261
353.7774860755875,service_start,,,1134,16,1,1,1,service_time_sampled=0.019
353.7960482697045,service_end,,,1134,16,1,1,1,duration=0.019
353.7960482697045,service_start,,,1135,15,1,1,1,service_time_sampled=0.104
353.9000760044821,service_end,,,1135,15,1,1,1,duration=0.104
353.9000760044821,service_start,,,1136,14,1,1,1,service_time_sampled=0.010
353.9100760044821,service_end,,,1136,14,1,1,1,duration=0.010
353.9100760044821,service_start,,,1137,13,1,1,1,service_time_sampled=0.333
354.2430229030635,service_end,,,1137,13,1,1,1,duration=0.333
354.2430229030635,service_start,,,1138,12,1,1,1,service_time_sampled=0.010
354.2530229030635,service_end,,,1138,12,1,1,1,duration=0.010
354.2530229030635,service_start,,,1139,11,1,1,1,service_time_sampled=0.062
354.31479102024565,service_end,,,1139,11,1,1,1,duration=0.062
354.31479102024565,service_start,,,1140,10,1,1,1,service_time_sampled=0.202
354.5169659344831,service_end,,,1140,10,1,1,1,duration=0.202
354.5169659344831,service_start,,,1141,9,1,1,1,service_time_sampled=1.130
355.6471031281351,service_end,,,1141,9,1,1,1,duration=1.130
355.6471031281351,service_start,,,1142,8,1,1,1,service_time_sampled=0.010
355.6571031281351,service_end,,,1142,8,1,1,1,duration=0.010
355.6571031281351,service_start,,,1143,7,1,1,1,service_time_sampled=0.217
355.87432276635565,service_end,,,1143,7,1,1,1,duration=0.217
355.87432276635565,service_start,,,1144,6,1,1,1,service_time_sampled=0.089
355.96351394300143,service_end,,,1144,6,1,1,1,duration=0.089
355.96351394300143,service_start,,,1145,5,1,1,1,service_time_sampled=0.010
355.9735139430014,service_end,,,1145,5,1,1,1,duration=0.010
355.9735139430014,service_start,,,1146,4,1,1,1,service_time_sampled=0.188
356.0,landing_end,30,1,,4,1,1,1,pad_q=1
356.16115375521395,service_end,,,1146,4,1,1,1,duration=0.188
356.16115375521395,service_start,,,1147,3,1,1,1,service_time_sampled=0.015
356.17598796099827,service_end,,,1147,3,1,1,1,duration=0.015
356.17598796099827,service_start,,,1148,2,1,1,1,service_time_sampled=0.118
356.2941624196708,service_end,,,1148,2,1,1,1,duration=0.118
356.2941624196708,service_start,,,1149,1,1,1,1,service_time_sampled=0.188
356.4824804082547,service_end,,,1149,1,1,1,1,duration=0.188
356.4824804082547,service_start,,,1150,0,1,1,1,service_time_sampled=0.140
356.62243089053766,service_end,,,1150,0,1,1,1,duration=0.140
363.0,unload_end,30,1,,0,1,1,1,
363.0,passengers_spawned,30,1,,0,1,1,1,count=26
363.0,passenger_queue_arrival,,,1151,1,1,1,1,
363.0,passenger_queue_arrival,,,1152,2,1,1,1,
363.0,passenger_queue_arrival,,,1153,3,1,1,1,
363.0,passenger_queue_arrival,,,1154,4,1,1,1,
363.0,passenger_queue_arrival,,,1155,5,1,1,1,
363.0,passenger_queue_arrival,,,1156,6,1,1,1,
363.0,passenger_queue_arrival,,,1157,7,1,1,1,
363.0,passenger_queue_arrival,,,1158,8,1,1,1,
363.0,passenger_queue_arrival,,,1159,9,1,1,1,
363.0,passenger_queue_arrival,,,1160,10,1,1,1,
363.0,passenger_queue_arrival,,,1161,11,1,1,1,
363.0,passenger_queue_arrival,,,1162,12,1,1,1,
363.0,passenger_queue_arrival,,,1163,13,1,1,1,
363.0,passenger_queue_arrival,,,1164,14,1,1,1,
363.0,passenger_queue_arrival,,,1165,15,1,1,1,
363.0,passenger_queue_arrival,,,1166,16,1,1,1,
363.0,passenger_queue_arrival,,,1167,17,1,1,1,
363.0,passenger_queue_arrival,,,1168,18,1,1,1,
363.0,passenger_queue_arrival,,,1169,19,1,1,1,
363.0,passenger_queue_arrival,,,1170,20,1,1,1,
363.0,passenger_queue_arrival,,,1171,21,1,1,1,
363.0,passenger_queue_arrival,,,1172,22,1,1,1,
363.0,passenger_queue_arrival,,,1173,23,1,1,1,
363.0,passenger_queue_arrival,,,1174,24,1,1,1,
363.0,passenger_queue_arrival,,,1175,25,1,1,1,
363.0,passenger_queue_arrival,,,1176,26,1,1,1,
363.0,landing_start,31,2,,26,1,1,1,landing_time=2
363.0,service_start,,,1151,25,1,1,1,service_time_sampled=0.068
363.0678190485346,service_end,,,1151,25,1,1,1,duration=0.068
363.0678190485346,service_start,,,1152,24,1,1,1,service_time_sampled=0.105
363.17274794205014,service_end,,,1152,24,1,1,1,duration=0.105
363.17274794205014,service_start,,,1153,23,1,1,1,service_time_sampled=0.145
363.31771498263066,service_end,,,1153,23,1,1,1,duration=0.145
363.31771498263066,service_start,,,1154,22,1,1,1,service_time_sampled=0.155
363.4729698557613,service_end,,,1154,22,1,1,1,duration=0.155
363.4729698557613,service_start,,,1155,21,1,1,1,service_time_sampled=0.320
363.7927137944839,service_end,,,1155,21,1,1,1,duration=0.320
363.7927137944839,service_start,,,1156,20,1,1,1,service_time_sampled=0.057
363.84928864326685,service_end,,,1156,20,1,1,1,duration=0.057
363.84928864326685,service_start,,,1157,19,1,1,1,service_time_sampled=0.031
363.8798126543663,service_end,,,1157,19,1,1,1,duration=0.031
363.8798126543663,service_start,,,1158,18,1,1,1,service_time_sampled=0.064
363.9437466537491,service_end,,,1158,18,1,1,1,duration=0.064
363.9437466537491,service_start,,,1159,17,1,1,1,service_time_sampled=0.017
363.9611253387654,service_end,,,1159,17,1,1,1,duration=0.017
363.9611253387654,service_start,,,1160,16,1,1,1,service_time_sampled=0.104
364.06549555380934,service_end,,,1160,16,1,1,1,duration=0.104
364.06549555380934,service_start,,,1161,15,1,1,1,service_time_sampled=0.054
364.1194574830957,service_end,,,1161,15,1,1,1,duration=0.054
364.1194574830957,service_start,,,1162,14,1,1,1,service_time_sampled=0.013
364.13215023275194,service_end,,,1162,14,1,1,1,duration=0.013
364.13215023275194,service_start,,,1163,13,1,1,1,service_time_sampled=0.283
364.41471589669163,service_end,,,1163,13,1,1,1,duration=0.283
364.41471589669163,service_start,,,1164,12,1,1,1,service_time_sampled=0.035
364.44995249283573,service_end,,,1164,12,1,1,1,duration=0.035
364.44995249283573,service_start,,,1165,11,1,1,1,service_time_sampled=0.060
364.51006216872975,service_end,,,1165,11,1,1,1,duration=0.060
364.51006216872975,service_start,,,1166,10,1,1,1,service_time_sampled=0.310
364.820182478356,service_end,,,1166,10,1,1,1,duration=0.310
364.820182478356,service_start,,,1167,9,1,1,1,service_time_sampled=0.034
364.8544960850437,service_end,,,1167,9,1,1,1,duration=0.034
364.8544960850437,service_start,,,1168,8,1,1,1,service_time_sampled=0.082
364.9365216021038,service_end,,,1168,8,1,1,1,duration=0.082
364.9365216021038,service_start,,,1169,7,1,1,1,service_time_sampled=0.316
365.0,landing_end,31,2,,7,1,1,1,pad_q=1
365.2528925762008,service_end,,,1169,7,1,1,1,duration=0.316
365.2528925762008,service_start,,,1170,6,1,1,1,service_time_sampled=0.010
365.2628925762008,service_end,,,1170,6,1,1,1,duration=0.010
365.2628925762008,service_start,,,1171,5,1,1,1,service_time_sampled=0.036
365.2992482451476,service_end,,,1171,5,1,1,1,duration=0.036
365.2992482451476,service_start,,,1172,4,1,1,1,service_time_sampled=0.040
365.3395971927222,service_end,,,1172,4,1,1,1,duration=0.040
365.3395971927222,service_start,,,1173,3,1,1,1,service_time_sampled=0.093
365.43307030479656,service_end,,,1173,3,1,1,1,duration=0.093
365.43307030479656,service_start,,,1174,2,1,1,1,service_time_sampled=0.098
365.5307739109712,service_end,,,1174,2,1,1,1,duration=0.098
365.5307739109712,service_start,,,1175,1,1,1,1,service_time_sampled=0.116
365.6465770502434,service_end,,,1175,1,1,1,1,duration=0.116
365.6465770502434,service_start,,,1176,0,1,1,1,service_time_sampled=0.189
365.8356129618329,service_end,,,1176,0,1,1,1,duration=0.189
372.0,unload_end,31,2,,0,1,1,1,
372.0,passengers_spawned,31,2,,0,1,1,1,count=37
372.0,passenger_queue_arrival,,,1177,1,1,1,1,
372.0,passenger_queue_arrival,,,1178,2,1,1,1,
372.0,passenger_queue_arrival,,,1179,3,1,1,1,
372.0,passenger_queue_arrival,,,1180,4,1,1,1,
372.0,passenger_queue_arrival,,,1181,5,1,1,1,
372.0,passenger_queue_arrival,,,1182,6,1,1,1,
372.0,passenger_queue_arrival,,,1183,7,1,1,1,
372.0,passenger_queue_arrival,,,1184,8,1,1,1,
372.0,passenger_queue_arrival,,,1185,9,1,1,1,
372.0,passenger_queue_arrival,,,1186,10,1,1,1,
372.0,passenger_queue_arrival,,,1187,11,1,1,1,
372.0,passenger_queue_arrival,,,1188,12,1,1,1,
372.0,passenger_queue_arrival,,,1189,13,1,1,1,
372.0,passenger_queue_arrival,,,1190,14,1,1,1,
372.0,passenger_queue_arrival,,,1191,15,1,1,1,
372.0,passenger_queue_arrival,,,1192,16,1,1,1,
372.0,passenger_queue_arrival,,,1193,17,1,1,1,
372.0,passenger_queue_arrival,,,1194,18,1,1,1,
372.0,passenger_queue_arrival,,,1195,19,1,1,1,
372.0,passenger_queue_arrival,,,1196,20,1,1,1,
372.0,passenger_queue_arrival,,,1197,21,1,1,1,
372.0,passenger_queue_arrival,,,1198,22,1,1,1,
372.0,passenger_queue_arrival,,,1199,23,1,1,1,
372.0,passenger_queue_arrival,,,1200,24,1,1,1,
372.0,passenger_queue_arrival,,,1201,25,1,1,1,
372.0,passenger_queue_arrival,,,1202,26,1,1,1,
372.0,passenger_queue_arrival,,,1203,27,1,1,1,
372.0,passenger_queue_arrival,,,1204,28,1,1,1,
372.0,passenger_queue_arrival,,,1205,29,1,1,1,
372.0,passenger_queue_arrival,,,1206,30,1,1,1,
372.0,passenger_queue_arrival,,,1207,31,1,1,1,
372.0,passenger_queue_arrival,,,1208,32,1,1,1,
372.0,passenger_queue_arrival,,,1209,33,1,1,1,
372.0,passenger_queue_arrival,,,1210,34,1,1,1,
372.0,passenger_queue_arrival,,,1211,35,1,1,1,
372.0,passenger_queue_arrival,,,1212,36,1,1,1,
372.0,passenger_queue_arrival,,,1213,37,1,1,1,
372.0,service_start,,,1177,36,1,1,1,service_time_sampled=0.040
372.04041915704784,service_end,,,1177,36,1,1,1,duration=0.040
372.04041915704784,service_start,,,1178,35,1,1,1,service_time_sampled=0.118
372.1584304033409,service_end,,,1178,35,1,1,1,duration=0.118
372.1584304033409,service_start,,,1179,34,1,1,1,service_time_sampled=0.252
372.4109195704996,service_end,,,1179,34,1,1,1,duration=0.252
372.4109195704996,service_start,,,1180,33,1,1,1,service_time_sampled=0.062
372.47286565357746,service_end,,,1180,33,1,1,1,duration=0.062
372.47286565357746,service_start,,,1181,32,1,1,1,service_time_sampled=0.123
372.59583724702776,service_end,,,1181,32,1,1,1,duration=0.123
372.59583724702776,service_start,,,1182,31,1,1,1,service_time_sampled=0.096
372.69141012495567,service_end,,,1182,31,1,1,1,duration=0.096
372.69141012495567,service_start,,,1183,30,1,1,1,service_time_sampled=0.239
372.9307040869593,service_end,,,1183,30,1,1,1,duration=0.239
372.9307040869593,service_start,,,1184,29,1,1,1,service_time_sampled=0.019
372.95016996589294,service_end,,,1184,29,1,1,1,duration=0.019
372.95016996589294,service_start,,,1185,28,1,1,1,service_time_sampled=0.062
373.01245582574916,service_end,,,1185,28,1,1,1,duration=0.062
373.01245582574916,service_start,,,1186,27,1,1,1,service_time_sampled=0.182
373.1949453537517,service_end,,,1186,27,1,1,1,duration=0.182
373.1949453537517,service_start,,,1187,26,1,1,1,service_time_sampled=0.164
373.3590769861254,service_end,,,1187,26,1,1,1,duration=0.164
373.3590769861254,service_start,,,1188,25,1,1,1,service_time_sampled=0.469
373.8278682890875,service_end,,,1188,25,1,1,1,duration=0.469
373.8278682890875,service_start,,,1189,24,1,1,1,service_time_sampled=0.071
373.89878322297585,service_end,,,1189,24,1,1,1,duration=0.071
373.89878322297585,service_start,,,1190,23,1,1,1,service_time_sampled=0.014
373.9126243566273,service_end,,,1190,23,1,1,1,duration=0.014
373.9126243566273,service_start,,,1191,22,1,1,1,service_time_sampled=0.077
373.989806606545,service_end,,,1191,22,1,1,1,duration=0.077
373.989806606545,service_start,,,1192,21,1,1,1,service_time_sampled=0.077
374.0672908121445,service_end,,,1192,21,1,1,1,duration=0.077
374.0672908121445,service_start,,,1193,20,1,1,1,service_time_sampled=0.023
374.0905231060158,service_end,,,1193,20,1,1,1,duration=0.023
374.0905231060158,service_start,,,1194,19,1,1,1,service_time_sampled=0.080
374.17091522336716,service_end,,,1194,19,1,1,1,duration=0.080
374.17091522336716,service_start,,,1195,18,1,1,1,service_time_sampled=0.022
374.19256206092797,service_end,,,1195,18,1,1,1,duration=0.022
374.19256206092797,service_start,,,1196,17,1,1,1,service_time_sampled=0.313
374.50582156190217,service_end,,,1196,17,1,1,1,duration=0.313
374.50582156190217,service_start,,,1197,16,1,1,1,service_time_sampled=0.250
374.7557537519832,service_end,,,1197,16,1,1,1,duration=0.250
374.7557537519832,service_start,,,1198,15,1,1,1,service_time_sampled=0.179
374.93510055001104,service_end,,,1198,15,1,1,1,duration=0.179
374.93510055001104,service_start,,,1199,14,1,1,1,service_time_sampled=0.015
374.9500210989872,service_end,,,1199,14,1,1,1,duration=0.015
374.9500210989872,service_start,,,1200,13,1,1,1,service_time_sampled=0.057
375.00743521677066,service_end,,,1200,13,1,1,1,duration=0.057
375.00743521677066,service_start,,,1201,12,1,1,1,service_time_sampled=0.019
375.026680166911,service_end,,,1201,12,1,1,1,duration=0.019
375.026680166911,service_start,,,1202,11,1,1,1,service_time_sampled=0.055
375.08200232526127,service_end,,,1202,11,1,1,1,duration=0.055
375.08200232526127,service_start,,,1203,10,1,1,1,service_time_sampled=0.080
375.16199539258537,service_end,,,1203,10,1,1,1,duration=0.080
375.16199539258537,service_start,,,1204,9,1,1,1,service_time_sampled=0.091
375.25340794326326,service_end,,,1204,9,1,1,1,duration=0.091
375.25340794326326,service_start,,,1205,8,1,1,1,service_time_sampled=0.010
375.26340794326325,service_end,,,1205,8,1,1,1,duration=0.010
375.26340794326325,service_start,,,1206,7,1,1,1,service_time_sampled=0.262
375.5254953170201,service_end,,,1206,7,1,1,1,duration=0.262
375.5254953170201,service_start,,,1207,6,1,1,1,service_time_sampled=0.037
375.562734149308,service_end,,,1207,6,1,1,1,duration=0.037
375.562734149308,service_start,,,1208,5,1,1,1,service_time_sampled=0.161
375.7234075320272,service_end,,,1208,5,1,1,1,duration=0.161
375.7234075320272,service_start,,,1209,4,1,1,1,service_time_sampled=0.049
375.77247697938776,service_end,,,1209,4,1,1,1,duration=0.049
375.77247697938776,service_start,,,1210,3,1,1,1,service_time_sampled=0.060
375.83225433407944,service_end,,,1210,3,1,1,1,duration=0.060
375.83225433407944,service_start,,,1211,2,1,1,1,service_time_sampled=0.010
375.8422543340794,service_end,,,1211,2,1,1,1,duration=0.010
375.8422543340794,service_start,,,1212,1,1,1,1,service_time_sampled=0.100
375.94246706612586,service_end,,,1212,1,1,1,1,duration=0.100
375.94246706612586,service_start,,,1213,0,1,1,1,service_time_sampled=0.010
375.95246706612585,service_end,,,1213,0,1,1,1,duration=0.010
379.0,plane_arrive,32,2,,0,1,1,1,air_q=1
379.0,landing_start,32,2,,0,1,1,1,landing_time=4
383.0,landing_end,32,2,,0,1,1,1,pad_q=1
384.0,plane_arrive,33,1,,0,1,1,1,air_q=1
389.0,plane_arrive,34,1,,0,1,1,1,air_q=2
389.9202544902406,failure,,,,,1,0,0,element=door
390.0,unload_end,32,2,,0,1,0,0,
390.0,passengers_spawned,32,2,,0,1,0,0,count=41
390.0,passenger_queue_arrival,,,1214,1,1,0,0,
390.0,passenger_queue_arrival,,,1215,2,1,0,0,
390.0,passenger_queue_arrival,,,1216,3,1,0,0,
390.0,passenger_queue_arrival,,,1217,4,1,0,0,
390.0,passenger_queue_arrival,,,1218,5,1,0,0,
390.0,passenger_queue_arrival,,,1219,6,1,0,0,
390.0,passenger_queue_arrival,,,1220,7,1,0,0,
390.0,passenger_queue_arrival,,,1221,8,1,0,0,
390.0,passenger_queue_arrival,,,1222,9,1,0,0,
390.0,passenger_queue_arrival,,,1223,10,1,0,0,
390.0,passenger_queue_arrival,,,1224,11,1,0,0,
390.0,passenger_queue_arrival,,,1225,12,1,0,0,
390.0,passenger_queue_arrival,,,1226,13,1,0,0,
390.0,passenger_queue_arrival,,,1227,14,1,0,0,
390.0,passenger_queue_arrival,,,1228,15,1,0,0,
390.0,passenger_queue_arrival,,,1229,16,1,0,0,
390.0,passenger_queue_arrival,,,1230,17,1,0,0,
390.0,passenger_queue_arrival,,,1231,18,1,0,0,
390.0,passenger_queue_arrival,,,1232,19,1,0,0,
390.0,passenger_queue_arrival,,,1233,20,1,0,0,
390.0,passenger_queue_arrival,,,1234,21,1,0,0,
390.0,passenger_queue_arrival,,,1235,22,1,0,0,
390.0,passenger_queue_arrival,,,1236,23,1,0,0,
390.0,passenger_queue_arrival,,,1237,24,1,0,0,
390.0,passenger_queue_arrival,,,1238,25,1,0,0,
390.0,passenger_queue_arrival,,,1239,26,1,0,0,
390.0,passenger_queue_arrival,,,1240,27,1,0,0,
390.0,passenger_queue_arrival,,,1241,28,1,0,0,
390.0,passenger_queue_arrival,,,1242,29,1,0,0,
390.0,passenger_queue_arrival,,,1243,30,1,0,0,
390.0,passenger_queue_arrival,,,1244,31,1,0,0,
390.0,passenger_queue_arrival,,,1245,32,1,0,0,
390.0,passenger_queue_arrival,,,1246,33,1,0,0,
390.0,passenger_queue_arrival,,,1247,34,1,0,0,
390.0,passenger_queue_arrival,,,1248,35,1,0,0,
390.0,passenger_queue_arrival,,,1249,36,1,0,0,
390.0,passenger_queue_arrival,,,1250,37,1,0,0,
390.0,passenger_queue_arrival,,,1251,38,1,0,0,
390.0,passenger_queue_arrival,,,1252,39,1,0,0,
390.0,passenger_queue_arrival,,,1253,40,1,0,0,
390.0,passenger_queue_arrival,,,1254,41,1,0,0,
390.0,landing_start,33,1,,41,1,0,0,landing_time=3
390.0,service_start,,,1214,40,1,0,0,service_time_sampled=0.023
391.0,plane_arrive,35,2,,40,1,0,0,air_q=2
393.0,landing_end,33,1,,40,1,0,0,pad_q=1
398.29642367746504,repair,,,,,1,1,1,"element=door, repair_time=8.376"
398.32265397318207,service_end,,,1214,40,1,1,1,duration=8.323
398.32265397318207,service_start,,,1215,39,1,1,1,service_time_sampled=0.128
398.4510199944,service_end,,,1215,39,1,1,1,duration=0.128
398.4510199944,service_start,,,1216,38,1,1,1,service_time_sampled=0.153
398.60448302578993,service_end,,,1216,38,1,1,1,duration=0.153
398.60448302578993,service_start,,,1217,37,1,1,1,service_time_sampled=0.010
398.61461056148994,service_end,,,1217,37,1,1,1,duration=0.010
398.61461056148994,service_start,,,1218,36,1,1,1,service_time_sampled=0.069
398.683876773246,service_end,,,1218,36,1,1,1,duration=0.069
398.683876773246,service_start,,,1219,35,1,1,1,service_time_sampled=0.162
398.845800979888,service_end,,,1219,35,1,1,1,duration=0.162
398.845800979888,service_start,,,1220,34,1,1,1,service_time_sampled=0.019
398.8644071004779,service_end,,,1220,34,1,1,1,duration=0.019
398.8644071004779,service_start,,,1221,33,1,1,1,service_time_sampled=0.021
398.88515923051494,service_end,,,1221,33,1,1,1,duration=0.021
398.88515923051494,service_start,,,1222,32,1,1,1,service_time_sampled=0.022
398.9076205888133,service_end,,,1222,32,1,1,1,duration=0.022
398.9076205888133,service_start,,,1223,31,1,1,1,service_time_sampled=0.010
398.9176205888133,service_end,,,1223,31,1,1,1,duration=0.010
398.9176205888133,service_start,,,1224,30,1,1,1,service_time_sampled=0.018
398.93582919965394,service_end,,,1224,30,1,1,1,duration=0.018
398.93582919965394,service_start,,,1225,29,1,1,1,service_time_sampled=0.085
399.02074511214784,service_end,,,1225,29,1,1,1,duration=0.085
399.02074511214784,service_start,,,1226,28,1,1,1,service_time_sampled=0.288
399.30839120575206,service_end,,,1226,28,1,1,1,duration=0.288
399.30839120575206,service_start,,,1227,27,1,1,1,service_time_sampled=0.122
399.4304462765115,service_end,,,1227,27,1,1,1,duration=0.122
399.4304462765115,service_start,,,1228,26,1,1,1,service_time_sampled=0.042
399.4729128803164,service_end,,,1228,26,1,1,1,duration=0.042
399.4729128803164,service_start,,,1229,25,1,1,1,service_time_sampled=0.197
399.66992853782017,service_end,,,1229,25,1,1,1,duration=0.197
399.66992853782017,service_start,,,1230,24,1,1,1,service_time_sampled=0.144
399.81400638633335,service_end,,,1230,24,1,1,1,duration=0.144
399.81400638633335,service_start,,,1231,23,1,1,1,service_time_sampled=0.203
400.0,plane_arrive,36,2,,23,1,1,1,air_q=3
400.0,unload_end,33,1,,23,1,1,1,
400.0,passengers_spawned,33,1,,23,1,1,1,count=24
400.0,passenger_queue_arrival,,,1255,24,1,1,1,
400.0,passenger_queue_arrival,,,1256,25,1,1,1,
400.0,passenger_queue_arrival,,,1257,26,1,1,1,
400.0,passenger_queue_arrival,,,1258,27,1,1,1,
400.0,passenger_queue_arrival,,,1259,28,1,1,1,
400.0,passenger_queue_arrival,,,1260,29,1,1,1,
400.0,passenger_queue_arrival,,,1261,30,1,1,1,
400.0,passenger_queue_arrival,,,1262,31,1,1,1,
400.0,passenger_queue_arrival,,,1263,32,1,1,1,
400.0,passenger_queue_arrival,,,1264,33,1,1,1,
400.0,passenger_queue_arrival,,,1265,34,1,1,1,
400.0,passenger_queue_arrival,,,1266,35,1,1,1,
400.0,passenger_queue_arrival,,,1267,36,1,1,1,
400.0,passenger_queue_arrival,,,1268,37,1,1,1,
400.0,passenger_queue_arrival,,,1269,38,1,1,1,
400.0,passenger_queue_arrival,,,1270,39,1,1,1,
400.0,passenger_queue_arrival,,,1271,40,1,1,1,
400.0,passenger_queue_arrival,,,1272,41,1,1,1,
400.0,passenger_queue_arrival,,,1273,42,1,1,1,
400.0,passenger_queue_arrival,,,1274,43,1,1,1,
400.0,passenger_queue_arrival,,,1275,44,1,1,1,
400.0,passenger_queue_arrival,,,1276,45,1,1,1,
400.0,passenger_queue_arrival,,,1277,46,1,1,1,
400.0,passenger_queue_arrival,,,1278,47,1,1,1,
400.0,landing_start,34,1,,47,1,1,1,landing_time=3
400.016797567676,service_end,,,1231,47,1,1,1,duration=0.203
400.016797567676,service_start,,,1232,46,1,1,1,service_time_sampled=0.287
400.3036459088943,service_end,,,1232,46,1,1,1,duration=0.287
400.3036459088943,service_start,,,1233,45,1,1,1,service_time_sampled=0.052
400.35605470879176,service_end,,,1233,45,1,1,1,duration=0.052
400.35605470879176,service_start,,,1234,44,1,1,1,service_time_sampled=0.087
400.44308909031025,service_end,,,1234,44,1,1,1,duration=0.087
400.44308909031025,service_start,,,1235,43,1,1,1,service_time_sampled=0.050
400.49348315837716,service_end,,,1235,43,1,1,1,duration=0.050
400.49348315837716,service_start,,,1236,42,1,1,1,service_time_sampled=0.148
400.64197816780796,service_end,,,1236,42,1,1,1,duration=0.148
400.64197816780796,service_start,,,1237,41,1,1,1,service_time_sampled=0.304
400.9460183633352,service_end,,,1237,41,1,1,1,duration=0.304
400.9460183633352,service_start,,,1238,40,1,1,1,service_time_sampled=0.521
401.46723895372793,service_end,,,1238,40,1,1,1,duration=0.521
401.46723895372793,service_start,,,1239,39,1,1,1,service_time_sampled=0.170
401.6374533559349,service_end,,,1239,39,1,1,1,duration=0.170
401.6374533559349,service_start,,,1240,38,1,1,1,service_time_sampled=0.046
401.68297738155104,service_end,,,1240,38,1,1,1,duration=0.046
401.68297738155104,service_start,,,1241,37,1,1,1,service_time_sampled=0.266
401.9485252264628,service_end,,,1241,37,1,1,1,duration=0.266
401.9485252264628,service_start,,,1242,36,1,1,1,service_time_sampled=0.614
402.5621416485467,service_end,,,1242,36,1,1,1,duration=0.614
402.5621416485467,service_start,,,1243,35,1,1,1,service_time_sampled=0.053
402.61532324642826,service_end,,,1243,35,1,1,1,duration=0.053
402.61532324642826,service_start,,,1244,34,1,1,1,service_time_sampled=0.371
402.98661141446377,service_end,,,1244,34,1,1,1,duration=0.371
402.98661141446377,service_start,,,1245,33,1,1,1,service_time_sampled=0.090
403.0,landing_end,34,1,,33,1,1,1,pad_q=1
403.07617526544084,service_end,,,1245,33,1,1,1,duration=0.090
403.07617526544084,service_start,,,1246,32,1,1,1,service_time_sampled=0.418
403.49393090975497,service_end,,,1246,32,1,1,1,duration=0.418
403.49393090975497,service_start,,,1247,31,1,1,1,service_time_sampled=0.686
404.17969233285834,service_end,,,1247,31,1,1,1,duration=0.686
404.17969233285834,service_start,,,1248,30,1,1,1,service_time_sampled=0.210
404.3892344656189,service_end,,,1248,30,1,1,1,duration=0.210
404.3892344656189,service_start,,,1249,29,1,1,1,service_time_sampled=0.144
404.53301361067633,service_end,,,1249,29,1,1,1,duration=0.144
404.53301361067633,service_start,,,1250,28,1,1,1,service_time_sampled=0.021
404.55392023851454,service_end,,,1250,28,1,1,1,duration=0.021
404.55392023851454,service_start,,,1251,27,1,1,1,service_time_sampled=0.010
404.5639202385145,service_end,,,1251,27,1,1,1,duration=0.010
404.5639202385145,service_start,,,1252,26,1,1,1,service_time_sampled=0.113
404.67704917374573,service_end,,,1252,26,1,1,1,duration=0.113
404.67704917374573,service_start,,,1253,25,1,1,1,service_time_sampled=0.152
404.8294180197077,service_end,,,1253,25,1,1,1,duration=0.152
404.8294180197077,service_start,,,1254,24,1,1,1,service_time_sampled=0.343
405.1721280293259,service_end,,,1254,24,1,1,1,duration=0.343
405.1721280293259,service_start,,,1255,23,1,1,1,service_time_sampled=0.091
405.26312639141355,service_end,,,1255,23,1,1,1,duration=0.091
405.26312639141355,service_start,,,1256,22,1,1,1,service_time_sampled=0.149
405.4123159338977,service_end,,,1256,22,1,1,1,duration=0.149
405.4123159338977,service_start,,,1257,21,1,1,1,service_time_sampled=0.130
405.54260295247377,service_end,,,1257,21,1,1,1,duration=0.130
405.54260295247377,service_start,,,1258,20,1,1,1,service_time_sampled=0.029
405.57126703967964,service_end,,,1258,20,1,1,1,duration=0.029
405.57126703967964,service_start,,,1259,19,1,1,1,service_time_sampled=0.129
405.7004755222879,service_end,,,1259,19,1,1,1,duration=0.129
405.7004755222879,service_start,,,1260,18,1,1,1,service_time_sampled=0.500
406.2007272698125,service_end,,,1260,18,1,1,1,duration=0.500
406.2007272698125,service_start,,,1261,17,1,1,1,service_time_sampled=0.015
406.215460534227,service_end,,,1261,17,1,1,1,duration=0.015
406.215460534227,service_start,,,1262,16,1,1,1,service_time_sampled=0.146
406.3612723808345,service_end,,,1262,16,1,1,1,duration=0.146
406.3612723808345,service_start,,,1263,15,1,1,1,service_time_sampled=0.119
406.4803609660746,service_end,,,1263,15,1,1,1,duration=0.119
406.4803609660746,service_start,,,1264,14,1,1,1,service_time_sampled=0.059
406.5392824814838,service_end,,,1264,14,1,1,1,duration=0.059
406.5392824814838,service_start,,,1265,13,1,1,1,service_time_sampled=0.197
406.73637221507784,service_end,,,1265,13,1,1,1,duration=0.197
406.73637221507784,service_start,,,1266,12,1,1,1,service_time_sampled=0.010
406.7463722150778,service_end,,,1266,12,1,1,1,duration=0.010
406.7463722150778,service_start,,,1267,11,1,1,1,service_time_sampled=0.279
407.025052546251,service_end,,,1267,11,1,1,1,duration=0.279
407.025052546251,service_start,,,1268,10,1,1,1,service_time_sampled=0.213
407.23758503634286,service_end,,,1268,10,1,1,1,duration=0.213
407.23758503634286,service_start,,,1269,9,1,1,1,service_time_sampled=0.082
407.31949539034105,service_end,,,1269,9,1,1,1,duration=0.082
407.31949539034105,service_start,,,1270,8,1,1,1,service_time_sampled=0.014
407.3338010355663,service_end,,,1270,8,1,1,1,duration=0.014
407.3338010355663,service_start,,,1271,7,1,1,1,service_time_sampled=0.075
407.40912949178227,service_end,,,1271,7,1,1,1,duration=0.075
407.40912949178227,service_start,,,1272,6,1,1,1,service_time_sampled=0.110
407.51883925855117,service_end,,,1272,6,1,1,1,duration=0.110
407.51883925855117,service_start,,,1273,5,1,1,1,service_time_sampled=0.037
407.55544844555,service_end,,,1273,5,1,1,1,duration=0.037
407.55544844555,service_start,,,1274,4,1,1,1,service_time_sampled=0.083
407.63876926139375,service_end,,,1274,4,1,1,1,duration=0.083
407.63876926139375,service_start,,,1275,3,1,1,1,service_time_sampled=0.187
407.82563164689293,service_end,,,1275,3,1,1,1,duration=0.187
407.82563164689293,service_start,,,1276,2,1,1,1,service_time_sampled=0.320
408.1456907388089,service_end,,,1276,2,1,1,1,duration=0.320
408.1456907388089,service_start,,,1277,1,1,1,1,service_time_sampled=0.103
408.24878152101445,service_end,,,1277,1,1,1,1,duration=0.103
408.24878152101445,service_start,,,1278,0,1,1,1,service_time_sampled=0.219
408.4682643039426,service_end,,,1278,0,1,1,1,duration=0.219
410.0,unload_end,34,1,,0,1,1,1,
410.0,passengers_spawned,34,1,,0,1,1,1,count=21
410.0,passenger_queue_arrival,,,1279,1,1,1,1,
410.0,passenger_queue_arrival,,,1280,2,1,1,1,
410.0,passenger_queue_arrival,,,1281,3,1,1,1,
410.0,passenger_queue_arrival,,,1282,4,1,1,1,
410.0,passenger_queue_arrival,,,1283,5,1,1,1,
410.0,passenger_queue_arrival,,,1284,6,1,1,1,
410.0,passenger_queue_arrival,,,1285,7,1,1,1,
410.0,passenger_queue_arrival,,,1286,8,1,1,1,
410.0,passenger_queue_arrival,,,1287,9,1,1,1,
410.0,passenger_queue_arrival,,,1288,10,1,1,1,
410.0,passenger_queue_arrival,,,1289,11,1,1,1,
410.0,passenger_queue_arrival,,,1290,12,1,1,1,
410.0,passenger_queue_arrival,,,1291,13,1,1,1,
410.0,passenger_queue_arrival,,,1292,14,1,1,1,
410.0,passenger_queue_arrival,,,1293,15,1,1,1,
410.0,passenger_queue_arrival,,,1294,16,1,1,1,
410.0,passenger_queue_arrival,,,1295,17,1,1,1,
410.0,passenger_queue_arrival,,,1296,18,1,1,1,
410.0,passenger_queue_arrival,,,1297,19,1,1,1,
410.0,passenger_queue_arrival,,,1298,20,1,1,1,
410.0,passenger_queue_arrival,,,1299,21,1,1,1,
410.0,landing_start,35,2,,21,1,1,1,landing_time=3
410.0,service_start,,,1279,20,1,1,1,service_time_sampled=0.010
410.01,service_end,,,1279,20,1,1,1,duration=0.010
410.01,service_start,,,1280,19,1,1,1,service_time_sampled=0.129
410.13882651814447,service_end,,,1280,19,1,1,1,duration=0.129
410.13882651814447,service_start,,,1281,18,1,1,1,service_time_sampled=0.023
410.16163898884867,service_end,,,1281,18,1,1,1,duration=0.023
410.16163898884867,service_start,,,1282,17,1,1,1,service_time_sampled=0.634
410.79573749975424,service_end,,,1282,17,1,1,1,duration=0.634
410.79573749975424,service_start,,,1283,16,1,1,1,service_time_sampled=0.066
410.86145904796996,service_end,,,1283,16,1,1,1,duration=0.066
410.86145904796996,service_start,,,1284,15,1,1,1,service_time_sampled=0.135
410.99654898072566,service_end,,,1284,15,1,1,1,duration=0.135
410.99654898072566,service_start,,,1285,14,1,1,1,service_time_sampled=0.072
411.0686219109051,service_end,,,1285,14,1,1,1,duration=0.072
411.0686219109051,service_start,,,1286,13,1,1,1,service_time_sampled=0.144
411.2124927041487,service_end,,,1286,13,1,1,1,duration=0.144
411.2124927041487,service_start,,,1287,12,1,1,1,service_time_sampled=0.038
411.2508300180113,service_end,,,1287,12,1,1,1,duration=0.038
411.2508300180113,service_start,,,1288,11,1,1,1,service_time_sampled=0.111
411.36150119568305,service_end,,,1288,11,1,1,1,duration=0.111
411.36150119568305,service_start,,,1289,10,1,1,1,service_time_sampled=0.315
411.67668598872757,service_end,,,1289,10,1,1,1,duration=0.315
411.67668598872757,service_start,,,1290,9,1,1,1,service_time_sampled=0.023
411.70017840035047,service_end,,,1290,9,1,1,1,duration=0.023
411.70017840035047,service_start,,,1291,8,1,1,1,service_time_sampled=0.073
411.7728707853004,service_end,,,1291,8,1,1,1,duration=0.073
411.7728707853004,service_start,,,1292,7,1,1,1,service_time_sampled=0.010
411.7828707853004,service_end,,,1292,7,1,1,1,duration=0.010
411.7828707853004,service_start,,,1293,6,1,1,1,service_time_sampled=0.059
411.84163086090115,service_end,,,1293,6,1,1,1,duration=0.059
411.84163086090115,service_start,,,1294,5,1,1,1,service_time_sampled=0.203
412.04428407033186,service_end,,,1294,5,1,1,1,duration=0.203
412.04428407033186,service_start,,,1295,4,1,1,1,service_time_sampled=0.129
412.1734072155794,service_end,,,1295,4,1,1,1,duration=0.129
412.1734072155794,service_start,,,1296,3,1,1,1,service_time_sampled=0.065
412.2383460074787,service_end,,,1296,3,1,1,1,duration=0.065
412.2383460074787,service_start,,,1297,2,1,1,1,service_time_sampled=0.033
412.2715201406446,service_end,,,1297,2,1,1,1,duration=0.033
412.2715201406446,service_start,,,1298,1,1,1,1,service_time_sampled=0.258
412.52987667065,service_end,,,1298,1,1,1,1,duration=0.258
412.52987667065,service_start,,,1299,0,1,1,1,service_time_sampled=0.010
412.53987667065,service_end,,,1299,0,1,1,1,duration=0.010
413.0,landing_end,35,2,,0,1,1,1,pad_q=1
415.0,plane_arrive,37,3,,0,1,1,1,air_q=2
417.0,plane_arrive,38,3,,0,1,1,1,air_q=3
420.0,unload_end,35,2,,0,1,1,1,
420.0,passengers_spawned,35,2,,0,1,1,1,count=42
420.0,passenger_queue_arrival,,,1300,1,1,1,1,
420.0,passenger_queue_arrival,,,1301,2,1,1,1,
420.0,passenger_queue_arrival,,,1302,3,1,1,1,
420.0,passenger_queue_arrival,,,1303,4,1,1,1,
420.0,passenger_queue_arrival,,,1304,5,1,1,1,
420.0,passenger_queue_arrival,,,1305,6,1,1,1,
420.0,passenger_queue_arrival,,,1306,7,1,1,1,
420.0,passenger_queue_arrival,,,1307,8,1,1,1,
420.0,passenger_queue_arrival,,,1308,9,1,1,1,
420.0,passenger_queue_arrival,,,1309,10,1,1,1,
420.0,passenger_queue_arrival,,,1310,11,1,1,1,
420.0,passenger_queue_arrival,,,1311,12,1,1,1,
420.0,passenger_queue_arrival,,,1312,13,1,1,1,
420.0,passenger_queue_arrival,,,1313,14,1,1,1,
420.0,passenger_queue_arrival,,,1314,15,1,1,1,
420.0,passenger_queue_arrival,,,1315,16,1,1,1,
420.0,passenger_queue_arrival,,,1316,17,1,1,1,
420.0,passenger_queue_arrival,,,1317,18,1,1,1,
420.0,passenger_queue_arrival,,,1318,19,1,1,1,
420.0,passenger_queue_arrival,,,1319,20,1,1,1,
420.0,passenger_queue_arrival,,,1320,21,1,1,1,
420.0,passenger_queue_arrival,,,1321,22,1,1,1,
420.0,passenger_queue_arrival,,,1322,23,1,1,1,
420.0,passenger_queue_arrival,,,1323,24,1,1,1,
420.0,passenger_queue_arrival,,,1324,25,1,1,1,
420.0,passenger_queue_arrival,,,1325,26,1,1,1,
420.0,passenger_queue_arrival,,,1326,27,1,1,1,
420.0,passenger_queue_arrival,,,1327,28,1,1,1,
420.0,passenger_queue_arrival,,,1328,29,1,1,1,
420.0,passenger_queue_arrival,,,1329,30,1,1,1,
420.0,passenger_queue_arrival,,,1330,31,1,1,1,
420.0,passenger_queue_arrival,,,1331,32,1,1,1,
420.0,passenger_queue_arrival,,,1332,33,1,1,1,
420.0,passenger_queue_arrival,,,1333,34,1,1,1,
420.0,passenger_queue_arrival,,,1334,35,1,1,1,
420.0,passenger_queue_arrival,,,1335,36,1,1,1,
420.0,passenger_queue_arrival,,,1336,37,1,1,1,
420.0,passenger_queue_arrival,,,1337,38,1,1,1,
420.0,passenger_queue_arrival,,,1338,39,1,1,1,
420.0,passenger_queue_arrival,,,1339,40,1,1,1,
420.0,passenger_queue_arrival,,,1340,41,1,1,1,
420.0,passenger_queue_arrival,,,1341,42,1,1,1,
420.0,landing_start,36,2,,42,1,1,1,landing_time=5
420.0,service_start,,,1300,41,1,1,1,service_time_sampled=0.039
420.03853781091954,service_end,,,1300,41,1,1,1,duration=0.039
420.03853781091954,service_start,,,1301,40,1,1,1,service_time_sampled=0.033
420.0711711785519,service_end,,,1301,40,1,1,1,duration=0.033
420.0711711785519,service_start,,,1302,39,1,1,1,service_time_sampled=0.057
420.12780410837547,service_end,,,1302,39,1,1,1,duration=0.057
420.12780410837547,service_start,,,1303,38,1,1,1,service_time_sampled=0.045
420.17282739268546,service_end,,,1303,38,1,1,1,duration=0.045
420.17282739268546,service_start,,,1304,37,1,1,1,service_time_sampled=0.117
420.2901631870015,service_end,,,1304,37,1,1,1,duration=0.117
420.2901631870015,service_start,,,1305,36,1,1,1,service_time_sampled=0.311
420.6009850193085,service_end,,,1305,36,1,1,1,duration=0.311
420.6009850193085,service_start,,,1306,35,1,1,1,service_time_sampled=0.076
420.6772975667727,service_end,,,1306,35,1,1,1,duration=0.076
420.6772975667727,service_start,,,1307,34,1,1,1,service_time_sampled=0.410
421.0874499552632,service_end,,,1307,34,1,1,1,duration=0.410
421.0874499552632,service_start,,,1308,33,1,1,1,service_time_sampled=0.081
421.16873771629514,service_end,,,1308,33,1,1,1,duration=0.081
421.16873771629514,service_start,,,1309,32,1,1,1,service_time_sampled=0.104
421.27311120319314,service_end,,,1309,32,1,1,1,duration=0.104
421.27311120319314,service_start,,,1310,31,1,1,1,service_time_sampled=0.066
421.3390615676819,service_end,,,1310,31,1,1,1,duration=0.066
421.3390615676819,service_start,,,1311,30,1,1,1,service_time_sampled=0.012
421.35115866818603,service_end,,,1311,30,1,1,1,duration=0.012
421.35115866818603,service_start,,,1312,29,1,1,1,service_time_sampled=0.082
421.4334516393372,service_end,,,1312,29,1,1,1,duration=0.082
421.4334516393372,service_start,,,1313,28,1,1,1,service_time_sampled=0.211
421.6440203563436,service_end,,,1313,28,1,1,1,duration=0.211
421.6440203563436,service_start,,,1314,27,1,1,1,service_time_sampled=0.044
421.68801570069263,service_end,,,1314,27,1,1,1,duration=0.044
421.68801570069263,service_start,,,1315,26,1,1,1,service_time_sampled=0.056
421.743696721554,service_end,,,1315,26,1,1,1,duration=0.056
421.743696721554,service_start,,,1316,25,1,1,1,service_time_sampled=0.012
421.75605673948934,service_end,,,1316,25,1,1,1,duration=0.012
421.75605673948934,service_start,,,1317,24,1,1,1,service_time_sampled=0.134
421.89033474253864,service_end,,,1317,24,1,1,1,duration=0.134
421.89033474253864,service_start,,,1318,23,1,1,1,service_time_sampled=0.010
421.90033474253863,service_end,,,1318,23,1,1,1,duration=0.010
421.90033474253863,service_start,,,1319,22,1,1,1,service_time_sampled=0.137
422.03724164754266,service_end,,,1319,22,1,1,1,duration=0.137
422.03724164754266,service_start,,,1320,21,1,1,1,service_time_sampled=0.110
422.14762733450164,service_end,,,1320,21,1,1,1,duration=0.110
422.14762733450164,service_start,,,1321,20,1,1,1,service_time_sampled=0.028
422.17528658300984,service_end,,,1321,20,1,1,1,duration=0.028
422.17528658300984,service_start,,,1322,19,1,1,1,service_time_sampled=0.010
422.1852865830098,service_end,,,1322,19,1,1,1,duration=0.010
422.1852865830098,service_start,,,1323,18,1,1,1,service_time_sampled=0.065
422.25005000667636,service_end,,,1323,18,1,1,1,duration=0.065
422.25005000667636,service_start,,,1324,17,1,1,1,service_time_sampled=0.150
422.4004580516718,service_end,,,1324,17,1,1,1,duration=0.150
422.4004580516718,service_start,,,1325,16,1,1,1,service_time_sampled=0.115
422.51553391776474,service_end,,,1325,16,1,1,1,duration=0.115
422.51553391776474,service_start,,,1326,15,1,1,1,service_time_sampled=0.157
422.6720557014712,service_end,,,1326,15,1,1,1,duration=0.157
422.6720557014712,service_start,,,1327,14,1,1,1,service_time_sampled=0.014
422.67736094172557,failure,,,,,0,1,0,element=scanner
422.67736094172557,service_interrupted,,,1327,14,0,1,0,remaining=0.009
424.0,plane_arrive,39,2,,14,0,1,0,air_q=3
425.0,landing_end,36,2,,14,0,1,0,pad_q=1
427.76696141881257,repair,,,,,1,1,1,"element=scanner, repair_time=5.090"
427.78620802138425,service_end,,,1327,14,1,1,1,duration=5.114
427.78620802138425,service_start,,,1328,13,1,1,1,service_time_sampled=0.035
427.8207907430539,service_end,,,1328,13,1,1,1,duration=0.035
427.8207907430539,service_start,,,1329,12,1,1,1,service_time_sampled=0.086
427.9068706749624,service_end,,,1329,12,1,1,1,duration=0.086
427.9068706749624,service_start,,,1330,11,1,1,1,service_time_sampled=0.519
428.42564161823947,service_end,,,1330,11,1,1,1,duration=0.519
428.42564161823947,service_start,,,1331,10,1,1,1,service_time_sampled=0.040
428.4657459589736,service_end,,,1331,10,1,1,1,duration=0.040
428.4657459589736,service_start,,,1332,9,1,1,1,service_time_sampled=0.010
428.4757459589736,service_end,,,1332,9,1,1,1,duration=0.010
428.4757459589736,service_start,,,1333,8,1,1,1,service_time_sampled=0.055
428.53053294792187,service_end,,,1333,8,1,1,1,duration=0.055
428.53053294792187,service_start,,,1334,7,1,1,1,service_time_sampled=0.387
428.9179076283876,service_end,,,1334,7,1,1,1,duration=0.387
428.9179076283876,service_start,,,1335,6,1,1,1,service_time_sampled=0.326
429.24424477863954,service_end,,,1335,6,1,1,1,duration=0.326
429.24424477863954,service_start,,,1336,5,1,1,1,service_time_sampled=0.012
429.25626266825844,service_end,,,1336,5,1,1,1,duration=0.012
429.25626266825844,service_start,,,1337,4,1,1,1,service_time_sampled=0.045
429.30170095319437,service_end,,,1337,4,1,1,1,duration=0.045
429.30170095319437,service_start,,,1338,3,1,1,1,service_time_sampled=0.069
429.37028705125164,service_end,,,1338,3,1,1,1,duration=0.069
429.37028705125164,service_start,,,1339,2,1,1,1,service_time_sampled=0.168
429.5381749949442,service_end,,,1339,2,1,1,1,duration=0.168
429.5381749949442,service_start,,,1340,1,1,1,1,service_time_sampled=0.414
429.9522276200208,service_end,,,1340,1,1,1,1,duration=0.414
429.9522276200208,service_start,,,1341,0,1,1,1,service_time_sampled=0.246
430.1986467877455,service_end,,,1341,0,1,1,1,duration=0.246
432.0,unload_end,36,2,,0,1,1,1,
432.0,passengers_spawned,36,2,,0,1,1,1,count=34
432.0,passenger_queue_arrival,,,1342,1,1,1,1,
432.0,passenger_queue_arrival,,,1343,2,1,1,1,
432.0,passenger_queue_arrival,,,1344,3,1,1,1,
432.0,passenger_queue_arrival,,,1345,4,1,1,1,
432.0,passenger_queue_arrival,,,1346,5,1,1,1,
432.0,passenger_queue_arrival,,,1347,6,1,1,1,
432.0,passenger_queue_arrival,,,1348,7,1,1,1,
432.0,passenger_queue_arrival,,,1349,8,1,1,1,
432.0,passenger_queue_arrival,,,1350,9,1,1,1,
432.0,passenger_queue_arrival,,,1351,10,1,1,1,
432.0,passenger_queue_arrival,,,1352,11,1,1,1,
432.0,passenger_queue_arrival,,,1353,12,1,1,1,
432.0,passenger_queue_arrival,,,1354,13,1,1,1,
432.0,passenger_queue_arrival,,,1355,14,1,1,1,
432.0,passenger_queue_arrival,,,1356,15,1,1,1,
432.0,passenger_queue_arrival,,,1357,16,1,1,1,
432.0,passenger_queue_arrival,,,1358,17,1,1,1,
432.0,passenger_queue_arrival,,,1359,18,1,1,1,
432.0,passenger_queue_arrival,,,1360,19,1,1,1,
432.0,passenger_queue_arrival,,,1361,20,1,1,1,
432.0,passenger_queue_arrival,,,1362,21,1,1,1,
432.0,passenger_queue_arrival,,,1363,22,1,1,1,
432.0,passenger_queue_arrival,,,1364,23,1,1,1,
432.0,passenger_queue_arrival,,,1365,24,1,1,1,
432.0,passenger_queue_arrival,,,1366,25,1,1,1,
432.0,passenger_queue_arrival,,,1367,26,1,1,1,
432.0,passenger_queue_arrival,,,1368,27,1,1,1,
432.0,passenger_queue_arrival,,,1369,28,1,1,1,
432.0,passenger_queue_arrival,,,1370,29,1,1,1,
432.0,passenger_queue_arrival,,,1371,30,1,1,1,
432.0,passenger_queue_arrival,,,1372,31,1,1,1,
432.0,passenger_queue_arrival,,,1373,32,1,1,1,
432.0,passenger_queue_arrival,,,1374,33,1,1,1,
432.0,passenger_queue_arrival,,,1375,34,1,1,1,
432.0,landing_start,37,3,,34,1,1,1,landing_time=4
432.0,service_start,,,1342,33,1,1,1,service_time_sampled=0.033
432.03293529844626,service_end,,,1342,33,1,1,1,duration=0.033
432.03293529844626,service_start,,,1343,32,1,1,1,service_time_sampled=0.343
432.37633400344487,service_end,,,1343,32,1,1,1,duration=0.343
432.37633400344487,service_start,,,1344,31,1,1,1,service_time_sampled=0.170
432.54587162417033,service_end,,,1344,31,1,1,1,duration=0.170
432.54587162417033,service_start,,,1345,30,1,1,1,service_time_sampled=0.082
432.6278818430958,service_end,,,1345,30,1,1,1,duration=0.082
432.6278818430958,service_start,,,1346,29,1,1,1,service_time_sampled=0.266
432.89341002663315,service_end,,,1346,29,1,1,1,duration=0.266
432.89341002663315,service_start,,,1347,28,1,1,1,service_time_sampled=0.056
432.9490335161478,service_end,,,1347,28,1,1,1,duration=0.056
432.9490335161478,service_start,,,1348,27,1,1,1,service_time_sampled=0.061
433.0096660424663,service_end,,,1348,27,1,1,1,duration=0.061
433.0096660424663,service_start,,,1349,26,1,1,1,service_time_sampled=0.017
433.026983191628,service_end,,,1349,26,1,1,1,duration=0.017
433.026983191628,service_start,,,1350,25,1,1,1,service_time_sampled=0.188
433.215431437842,service_end,,,1350,25,1,1,1,duration=0.188
433.215431437842,service_start,,,1351,24,1,1,1,service_time_sampled=0.064
433.27953335743115,service_end,,,1351,24,1,1,1,duration=0.064
433.27953335743115,service_start,,,1352,23,1,1,1,service_time_sampled=0.087
433.3662400280596,service_end,,,1352,23,1,1,1,duration=0.087
433.3662400280596,service_start,,,1353,22,1,1,1,service_time_sampled=0.080
433.4458284799624,service_end,,,1353,22,1,1,1,duration=0.080
433.4458284799624,service_start,,,1354,21,1,1,1,service_time_sampled=0.133
433.57928376756064,service_end,,,1354,21,1,1,1,duration=0.133
433.57928376756064,service_start,,,1355,20,1,1,1,service_time_sampled=0.059
433.6378220875381,service_end,,,1355,20,1,1,1,duration=0.059
433.6378220875381,service_start,,,1356,19,1,1,1,service_time_sampled=0.309
433.94723320780815,service_end,,,1356,19,1,1,1,duration=0.309
433.94723320780815,service_start,,,1357,18,1,1,1,service_time_sampled=0.071
434.01792033301973,service_end,,,1357,18,1,1,1,duration=0.071
434.01792033301973,service_start,,,1358,17,1,1,1,service_time_sampled=0.056
434.07355279509324,service_end,,,1358,17,1,1,1,duration=0.056
434.07355279509324,service_start,,,1359,16,1,1,1,service_time_sampled=0.064
434.13758906020183,service_end,,,1359,16,1,1,1,duration=0.064
434.13758906020183,service_start,,,1360,15,1,1,1,service_time_sampled=0.182
434.31930140143913,service_end,,,1360,15,1,1,1,duration=0.182
434.31930140143913,service_start,,,1361,14,1,1,1,service_time_sampled=0.621
434.9405466849885,service_end,,,1361,14,1,1,1,duration=0.621
434.9405466849885,service_start,,,1362,13,1,1,1,service_time_sampled=0.252
435.1922671246488,service_end,,,1362,13,1,1,1,duration=0.252
435.1922671246488,service_start,,,1363,12,1,1,1,service_time_sampled=0.082
435.2739424450566,service_end,,,1363,12,1,1,1,duration=0.082
435.2739424450566,service_start,,,1364,11,1,1,1,service_time_sampled=0.043
435.31699328411065,service_end,,,1364,11,1,1,1,duration=0.043
435.31699328411065,service_start,,,1365,10,1,1,1,service_time_sampled=0.074
435.3908141872276,service_end,,,1365,10,1,1,1,duration=0.074
435.3908141872276,service_start,,,1366,9,1,1,1,service_time_sampled=0.053
435.4435164621405,service_end,,,1366,9,1,1,1,duration=0.053
435.4435164621405,service_start,,,1367,8,1,1,1,service_time_sampled=0.035
435.4784033516077,service_end,,,1367,8,1,1,1,duration=0.035
435.4784033516077,service_start,,,1368,7,1,1,1,service_time_sampled=0.026
435.5042722887626,service_end,,,1368,7,1,1,1,duration=0.026
435.5042722887626,service_start,,,1369,6,1,1,1,service_time_sampled=0.390
435.89436546504953,service_end,,,1369,6,1,1,1,duration=0.390
435.89436546504953,service_start,,,1370,5,1,1,1,service_time_sampled=0.086
435.98083528078786,service_end,,,1370,5,1,1,1,duration=0.086
435.98083528078786,service_start,,,1371,4,1,1,1,service_time_sampled=0.015
435.99539847889076,service_end,,,1371,4,1,1,1,duration=0.015
435.99539847889076,service_start,,,1372,3,1,1,1,service_time_sampled=0.061
436.0,landing_end,37,3,,3,1,1,1,pad_q=1
436.055943068891,service_end,,,1372,3,1,1,1,duration=0.061
436.055943068891,service_start,,,1373,2,1,1,1,service_time_sampled=0.062
436.1174674584541,service_end,,,1373,2,1,1,1,duration=0.062
436.1174674584541,service_start,,,1374,1,1,1,1,service_time_sampled=0.090
436.20754112720954,service_end,,,1374,1,1,1,1,duration=0.090
436.20754112720954,service_start,,,1375,0,1,1,1,service_time_sampled=0.489
436.6968025489236,service_end,,,1375,0,1,1,1,duration=0.489
443.0,unload_end,37,3,,0,1,1,1,
443.0,passengers_spawned,37,3,,0,1,1,1,count=52
443.0,passenger_queue_arrival,,,1376,1,1,1,1,
443.0,passenger_queue_arrival,,,1377,2,1,1,1,
443.0,passenger_queue_arrival,,,1378,3,1,1,1,
443.0,passenger_queue_arrival,,,1379,4,1,1,1,
443.0,passenger_queue_arrival,,,1380,5,1,1,1,
443.0,passenger_queue_arrival,,,1381,6,1,1,1,
443.0,passenger_queue_arrival,,,1382,7,1,1,1,
443.0,passenger_queue_arrival,,,1383,8,1,1,1,
443.0,passenger_queue_arrival,,,1384,9,1,1,1,
443.0,passenger_queue_arrival,,,1385,10,1,1,1,
443.0,passenger_queue_arrival,,,1386,11,1,1,1,
443.0,passenger_queue_arrival,,,1387,12,1,1,1,
443.0,passenger_queue_arrival,,,1388,13,1,1,1,
443.0,passenger_queue_arrival,,,1389,14,1,1,1,
443.0,passenger_queue_arrival,,,1390,15,1,1,1,
443.0,passenger_queue_arrival,,,1391,16,1,1,1,
443.0,passenger_queue_arrival,,,1392,17,1,1,1,
443.0,passenger_queue_arrival,,,1393,18,1,1,1,
443.0,passenger_queue_arrival,,,1394,19,1,1,1,
443.0,passenger_queue_arrival,,,1395,20,1,1,1,
443.0,passenger_queue_arrival,,,1396,21,1,1,1,
443.0,passenger_queue_arrival,,,1397,22,1,1,1,
443.0,passenger_queue_arrival,,,1398,23,1,1,1,
443.0,passenger_queue_arrival,,,1399,24,1,1,1,
443.0,passenger_queue_arrival,,,1400,25,1,1,1,
443.0,passenger_queue_arrival,,,1401,26,1,1,1,
443.0,passenger_queue_arrival,,,1402,27,1,1,1,
443.0,passenger_queue_arrival,,,1403,28,1,1,1,
443.0,passenger_queue_arrival,,,1404,29,1,1,1,
443.0,passenger_queue_arrival,,,1405,30,1,1,1,
443.0,passenger_queue_arrival,,,1406,31,1,1,1,
443.0,passenger_queue_arrival,,,1407,32,1,1,1,
443.0,passenger_queue_arrival,,,1408,33,1,1,1,
443.0,passenger_queue_arrival,,,1409,34,1,1,1,
443.0,passenger_queue_arrival,,,1410,35,1,1,1,
443.0,passenger_queue_arrival,,,1411,36,1,1,1,
443.0,passenger_queue_arrival,,,1412,37,1,1,1,
443.0,passenger_queue_arrival,,,1413,38,1,1,1,
443.0,passenger_queue_arrival,,,1414,39,1,1,1,
443.0,passenger_queue_arrival,,,1415,40,1,1,1,
443.0,passenger_queue_arrival,,,1416,41,1,1,1,
443.0,passenger_queue_arrival,,,1417,42,1,1,1,
443.0,passenger_queue_arrival,,,1418,43,1,1,1,
443.0,passenger_queue_arrival,,,1419,44,1,1,1,
443.0,passenger_queue_arrival,,,1420,45,1,1,1,
443.0,passenger_queue_arrival,,,1421,46,1,1,1,
443.0,passenger_queue_arrival,,,1422,47,1,1,1,
443.0,passenger_queue_arrival,,,1423,48,1,1,1,
443.0,passenger_queue_arrival,,,1424,49,1,1,1,
443.0,passenger_queue_arrival,,,1425,50,1,1,1,
443.0,passenger_queue_arrival,,,1426,51,1,1,1,
443.0,passenger_queue_arrival,,,1427,52,1,1,1,
443.0,landing_start,38,3,,52,1,1,1,landing_time=3
443.0,service_start,,,1376,51,1,1,1,service_time_sampled=0.083
443.0833565079618,service_end,,,1376,51,1,1,1,duration=0.083
443.0833565079618,service_start,,,1377,50,1,1,1,service_time_sampled=0.047
443.13056172081207,service_end,,,1377,50,1,1,1,duration=0.047
443.13056172081207,service_start,,,1378,49,1,1,1,service_time_sampled=0.144
443.2745324003317,service_end,,,1378,49,1,1,1,duration=0.144
443.2745324003317,service_start,,,1379,48,1,1,1,service_time_sampled=0.012
443.2865818471815,service_end,,,1379,48,1,1,1,duration=0.012
443.2865818471815,service_start,,,1380,47,1,1,1,service_time_sampled=0.048
443.33426598483317,service_end,,,1380,47,1,1,1,duration=0.048
443.33426598483317,service_start,,,1381,46,1,1,1,service_time_sampled=0.277
443.6112923240902,service_end,,,1381,46,1,1,1,duration=0.277
443.6112923240902,service_start,,,1382,45,1,1,1,service_time_sampled=0.032
443.64353801775064,service_end,,,1382,45,1,1,1,duration=0.032
443.64353801775064,service_start,,,1383,44,1,1,1,service_time_sampled=0.429
444.07216965724064,service_end,,,1383,44,1,1,1,duration=0.429
444.07216965724064,service_start,,,1384,43,1,1,1,service_time_sampled=0.518
444.5903985124263,service_end,,,1384,43,1,1,1,duration=0.518
444.5903985124263,service_start,,,1385,42,1,1,1,service_time_sampled=0.107
444.6974693748516,service_end,,,1385,42,1,1,1,duration=0.107
444.6974693748516,service_start,,,1386,41,1,1,1,service_time_sampled=0.010
444.7074693748516,service_end,,,1386,41,1,1,1,duration=0.010
444.7074693748516,service_start,,,1387,40,1,1,1,service_time_sampled=0.012
444.719736899551,service_end,,,1387,40,1,1,1,duration=0.012
444.719736899551,service_start,,,1388,39,1,1,1,service_time_sampled=0.028
444.74767698324183,service_end,,,1388,39,1,1,1,duration=0.028
444.74767698324183,service_start,,,1389,38,1,1,1,service_time_sampled=0.049
444.7971432333454,service_end,,,1389,38,1,1,1,duration=0.049
444.7971432333454,service_start,,,1390,37,1,1,1,service_time_sampled=0.015
444.8121472710234,service_end,,,1390,37,1,1,1,duration=0.015
444.8121472710234,service_start,,,1391,36,1,1,1,service_time_sampled=0.199
445.0,plane_arrive,40,2,,36,1,1,1,air_q=2
445.0115957873141,service_end,,,1391,36,1,1,1,duration=0.199
445.0115957873141,service_start,,,1392,35,1,1,1,service_time_sampled=0.382
445.3934934300008,service_end,,,1392,35,1,1,1,duration=0.382
445.3934934300008,service_start,,,1393,34,1,1,1,service_time_sampled=0.010
445.40349343000076,service_end,,,1393,34,1,1,1,duration=0.010
445.40349343000076,service_start,,,1394,33,1,1,1,service_time_sampled=0.096
445.4990944934263,service_end,,,1394,33,1,1,1,duration=0.096
445.4990944934263,service_start,,,1395,32,1,1,1,service_time_sampled=0.017
445.51645285277664,service_end,,,1395,32,1,1,1,duration=0.017
445.51645285277664,service_start,,,1396,31,1,1,1,service_time_sampled=0.215
445.7318526166059,service_end,,,1396,31,1,1,1,duration=0.215
445.7318526166059,service_start,,,1397,30,1,1,1,service_time_sampled=0.116
445.848239728663,service_end,,,1397,30,1,1,1,duration=0.116
445.848239728663,service_start,,,1398,29,1,1,1,service_time_sampled=0.304
446.0,landing_end,38,3,,29,1,1,1,pad_q=1
446.0,plane_arrive,41,1,,29,1,1,1,air_q=3
446.1527321141403,service_end,,,1398,29,1,1,1,duration=0.304
446.1527321141403,service_start,,,1399,28,1,1,1,service_time_sampled=0.028
446.1802670588614,service_end,,,1399,28,1,1,1,duration=0.028
446.1802670588614,service_start,,,1400,27,1,1,1,service_time_sampled=0.010
446.19026705886137,service_end,,,1400,27,1,1,1,duration=0.010
446.19026705886137,service_start,,,1401,26,1,1,1,service_time_sampled=0.284
446.4738359750642,service_end,,,1401,26,1,1,1,duration=0.284
446.4738359750642,service_start,,,1402,25,1,1,1,service_time_sampled=0.234
446.7077746019312,service_end,,,1402,25,1,1,1,duration=0.234
446.7077746019312,service_start,,,1403,24,1,1,1,service_time_sampled=0.010
446.7177746019312,service_end,,,1403,24,1,1,1,duration=0.010
446.7177746019312,service_start,,,1404,23,1,1,1,service_time_sampled=0.024
446.74214503642844,service_end,,,1404,23,1,1,1,duration=0.024
446.74214503642844,service_start,,,1405,22,1,1,1,service_time_sampled=0.033
446.7755157917848,service_end,,,1405,22,1,1,1,duration=0.033
446.7755157917848,service_start,,,1406,21,1,1,1,service_time_sampled=0.329
447.1049611103348,service_end,,,1406,21,1,1,1,duration=0.329
447.1049611103348,service_start,,,1407,20,1,1,1,service_time_sampled=0.060
447.16510512235243,service_end,,,1407,20,1,1,1,duration=0.060
447.16510512235243,service_start,,,1408,19,1,1,1,service_time_sampled=0.206
447.37098575515677,service_end,,,1408,19,1,1,1,duration=0.206
447.37098575515677,service_start,,,1409,18,1,1,1,service_time_sampled=0.072
447.442532063482,service_end,,,1409,18,1,1,1,duration=0.072
447.442532063482,service_start,,,1410,17,1,1,1,service_time_sampled=0.060
447.50253773168896,service_end,,,1410,17,1,1,1,duration=0.060
447.50253773168896,service_start,,,1411,16,1,1,1,service_time_sampled=0.181
447.68374422504877,service_end,,,1411,16,1,1,1,duration=0.181
447.68374422504877,service_start,,,1412,15,1,1,1,service_time_sampled=0.120
447.8033055394635,service_end,,,1412,15,1,1,1,duration=0.120
447.8033055394635,service_start,,,1413,14,1,1,1,service_time_sampled=0.039
447.8425276039531,service_end,,,1413,14,1,1,1,duration=0.039
447.8425276039531,service_start,,,1414,13,1,1,1,service_time_sampled=0.109
447.9518044738761,service_end,,,1414,13,1,1,1,duration=0.109
447.9518044738761,service_start,,,1415,12,1,1,1,service_time_sampled=0.152
448.10391682633355,service_end,,,1415,12,1,1,1,duration=0.152
448.10391682633355,service_start,,,1416,11,1,1,1,service_time_sampled=0.219
448.32328122422194,service_end,,,1416,11,1,1,1,duration=0.219
448.32328122422194,service_start,,,1417,10,1,1,1,service_time_sampled=0.141
448.4646134159909,service_end,,,1417,10,1,1,1,duration=0.141
448.4646134159909,service_start,,,1418,9,1,1,1,service_time_sampled=0.128
448.59257949122,service_end,,,1418,9,1,1,1,duration=0.128
448.59257949122,service_start,,,1419,8,1,1,1,service_time_sampled=0.113
448.70584182918105,service_end,,,1419,8,1,1,1,duration=0.113
448.70584182918105,service_start,,,1420,7,1,1,1,service_time_sampled=0.012
448.71791270584674,service_end,,,1420,7,1,1,1,duration=0.012
448.71791270584674,service_start,,,1421,6,1,1,1,service_time_sampled=0.363
449.08089588856,service_end,,,1421,6,1,1,1,duration=0.363
449.08089588856,service_start,,,1422,5,1,1,1,service_time_sampled=0.157
449.23773483261306,service_end,,,1422,5,1,1,1,duration=0.157
449.23773483261306,service_start,,,1423,4,1,1,1,service_time_sampled=0.040
449.2775662768133,service_end,,,1423,4,1,1,1,duration=0.040
449.2775662768133,service_start,,,1424,3,1,1,1,service_time_sampled=0.147
449.4249156220567,service_end,,,1424,3,1,1,1,duration=0.147
449.4249156220567,service_start,,,1425,2,1,1,1,service_time_sampled=0.121
449.5461328084137,service_end,,,1425,2,1,1,1,duration=0.121
449.5461328084137,service_start,,,1426,1,1,1,1,service_time_sampled=0.134
449.6805624651079,service_end,,,1426,1,1,1,1,duration=0.134
449.6805624651079,service_start,,,1427,0,1,1,1,service_time_sampled=0.060
449.74009716801515,service_end,,,1427,0,1,1,1,duration=0.060
453.0,unload_end,38,3,,0,1,1,1,
453.0,passengers_spawned,38,3,,0,1,1,1,count=55
453.0,passenger_queue_arrival,,,1428,1,1,1,1,
453.0,passenger_queue_arrival,,,1429,2,1,1,1,
453.0,passenger_queue_arrival,,,1430,3,1,1,1,
453.0,passenger_queue_arrival,,,1431,4,1,1,1,
453.0,passenger_queue_arrival,,,1432,5,1,1,1,
453.0,passenger_queue_arrival,,,1433,6,1,1,1,
453.0,passenger_queue_arrival,,,1434,7,1,1,1,
453.0,passenger_queue_arrival,,,1435,8,1,1,1,
453.0,passenger_queue_arrival,,,1436,9,1,1,1,
453.0,passenger_queue_arrival,,,1437,10,1,1,1,
453.0,passenger_queue_arrival,,,1438,11,1,1,1,
453.0,passenger_queue_arrival,,,1439,12,1,1,1,
453.0,passenger_queue_arrival,,,1440,13,1,1,1,
453.0,passenger_queue_arrival,,,1441,14,1,1,1,
453.0,passenger_queue_arrival,,,1442,15,1,1,1,
453.0,passenger_queue_arrival,,,1443,16,1,1,1,
453.0,passenger_queue_arrival,,,1444,17,1,1,1,
453.0,passenger_queue_arrival,,,1445,18,1,1,1,
453.0,passenger_queue_arrival,,,1446,19,1,1,1,
453.0,passenger_queue_arrival,,,1447,20,1,1,1,
453.0,passenger_queue_arrival,,,1448,21,1,1,1,
453.0,passenger_queue_arrival,,,1449,22,1,1,1,
453.0,passenger_queue_arrival,,,1450,23,1,1,1,
453.0,passenger_queue_arrival,,,1451,24,1,1,1,
453.0,passenger_queue_arrival,,,1452,25,1,1,1,
453.0,passenger_queue_arrival,,,1453,26,1,1,1,
453.0,passenger_queue_arrival,,,1454,27,1,1,1,
453.0,passenger_queue_arrival,,,1455,28,1,1,1,
453.0,passenger_queue_arrival,,,1456,29,1,1,1,
453.0,passenger_queue_arrival,,,1457,30,1,1,1,
453.0,passenger_queue_arrival,,,1458,31,1,1,1,
453.0,passenger_queue_arrival,,,1459,32,1,1,1,
453.0,passenger_queue_arrival,,,1460,33,1,1,1,
453.0,passenger_queue_arrival,,,1461,34,1,1,1,
453.0,passenger_queue_arrival,,,1462,35,1,1,1,
453.0,passenger_queue_arrival,,,1463,36,1,1,1,
453.0,passenger_queue_arrival,,,1464,37,1,1,1,
453.0,passenger_queue_arrival,,,1465,38,1,1,1,
453.0,passenger_queue_arrival,,,1466,39,1,1,1,
453.0,passenger_queue_arrival,,,1467,40,1,1,1,
453.0,passenger_queue_arrival,,,1468,41,1,1,1,
453.0,passenger_queue_arrival,,,1469,42,1,1,1,
453.0,passenger_queue_arrival,,,1470,43,1,1,1,
453.0,passenger_queue_arrival,,,1471,44,1,1,1,
453.0,passenger_queue_arrival,,,1472,45,1,1,1,
453.0,passenger_queue_arrival,,,1473,46,1,1,1,
453.0,passenger_queue_arrival,,,1474,47,1,1,1,
453.0,passenger_queue_arrival,,,1475,48,1,1,1,
453.0,passenger_queue_arrival,,,1476,49,1,1,1,
453.0,passenger_queue_arrival,,,1477,50,1,1,1,
453.0,passenger_queue_arrival,,,1478,51,1,1,1,
453.0,passenger_queue_arrival,,,1479,52,1,1,1,
453.0,passenger_queue_arrival,,,1480,53,1,1,1,
453.0,passenger_queue_arrival,,,1481,54,1,1,1,
453.0,passenger_queue_arrival,,,1482,55,1,1,1,
453.0,landing_start,39,2,,55,1,1,1,landing_time=3
453.0,service_start,,,1428,54,1,1,1,service_time_sampled=0.068
453.06834377338754,service_end,,,1428,54,1,1,1,duration=0.068
453.06834377338754,service_start,,,1429,53,1,1,1,service_time_sampled=0.087
453.15507973979754,service_end,,,1429,53,1,1,1,duration=0.087
453.15507973979754,service_start,,,1430,52,1,1,1,service_time_sampled=0.103
453.2575882133959,service_end,,,1430,52,1,1,1,duration=0.103
453.2575882133959,service_start,,,1431,51,1,1,1,service_time_sampled=0.148
453.40525290446953,service_end,,,1431,51,1,1,1,duration=0.148
453.40525290446953,service_start,,,1432,50,1,1,1,service_time_sampled=0.080
453.4857049379405,service_end,,,1432,50,1,1,1,duration=0.080
453.4857049379405,service_start,,,1433,49,1,1,1,service_time_sampled=0.089
453.5746180377349,service_end,,,1433,49,1,1,1,duration=0.089
453.5746180377349,service_start,,,1434,48,1,1,1,service_time_sampled=0.074
453.6488238749286,service_end,,,1434,48,1,1,1,duration=0.074
453.6488238749286,service_start,,,1435,47,1,1,1,service_time_sampled=0.025
453.673428585616,service_end,,,1435,47,1,1,1,duration=0.025
453.673428585616,service_start,,,1436,46,1,1,1,service_time_sampled=0.099
453.7726254334555,service_end,,,1436,46,1,1,1,duration=0.099
453.7726254334555,service_start,,,1437,45,1,1,1,service_time_sampled=0.017
453.78987262880884,service_end,,,1437,45,1,1,1,duration=0.017
453.78987262880884,service_start,,,1438,44,1,1,1,service_time_sampled=0.037
453.8265741534122,service_end,,,1438,44,1,1,1,duration=0.037
453.8265741534122,service_start,,,1439,43,1,1,1,service_time_sampled=0.010
453.8367999846311,service_end,,,1439,43,1,1,1,duration=0.010
453.8367999846311,service_start,,,1440,42,1,1,1,service_time_sampled=0.088
453.9248107874304,service_end,,,1440,42,1,1,1,duration=0.088
453.9248107874304,service_start,,,1441,41,1,1,1,service_time_sampled=0.214
454.13922260582194,service_end,,,1441,41,1,1,1,duration=0.214
454.13922260582194,service_start,,,1442,40,1,1,1,service_time_sampled=0.249
454.38794307214505,service_end,,,1442,40,1,1,1,duration=0.249
454.38794307214505,service_start,,,1443,39,1,1,1,service_time_sampled=0.076
454.46353971842586,service_end,,,1443,39,1,1,1,duration=0.076
454.46353971842586,service_start,,,1444,38,1,1,1,service_time_sampled=0.054
454.51758940962,service_end,,,1444,38,1,1,1,duration=0.054
454.51758940962,service_start,,,1445,37,1,1,1,service_time_sampled=0.187
454.7041685836936,service_end,,,1445,37,1,1,1,duration=0.187
454.7041685836936,service_start,,,1446,36,1,1,1,service_time_sampled=0.066
454.77018241145953,service_end,,,1446,36,1,1,1,duration=0.066
454.77018241145953,service_start,,,1447,35,1,1,1,service_time_sampled=0.074
454.8442317550441,service_end,,,1447,35,1,1,1,duration=0.074
454.8442317550441,service_start,,,1448,34,1,1,1,service_time_sampled=0.274
455.11791938158854,service_end,,,1448,34,1,1,1,duration=0.274
455.11791938158854,service_start,,,1449,33,1,1,1,service_time_sampled=0.100
455.21841911993,service_end,,,1449,33,1,1,1,duration=0.100
455.21841911993,service_start,,,1450,32,1,1,1,service_time_sampled=0.398
455.6164031875063,service_end,,,1450,32,1,1,1,duration=0.398
455.6164031875063,service_start,,,1451,31,1,1,1,service_time_sampled=0.187
455.8030051454373,service_end,,,1451,31,1,1,1,duration=0.187
455.8030051454373,service_start,,,1452,30,1,1,1,service_time_sampled=0.032
455.8347028335947,service_end,,,1452,30,1,1,1,duration=0.032
455.8347028335947,service_start,,,1453,29,1,1,1,service_time_sampled=0.034
455.86918181688986,service_end,,,1453,29,1,1,1,duration=0.034
455.86918181688986,service_start,,,1454,28,1,1,1,service_time_sampled=0.081
455.95025900486405,service_end,,,1454,28,1,1,1,duration=0.081
455.95025900486405,service_start,,,1455,27,1,1,1,service_time_sampled=0.019
455.9692561931608,service_end,,,1455,27,1,1,1,duration=0.019
455.9692561931608,service_start,,,1456,26,1,1,1,service_time_sampled=0.073
456.0,landing_end,39,2,,26,1,1,1,pad_q=1
456.0419365468026,service_end,,,1456,26,1,1,1,duration=0.073
456.0419365468026,service_start,,,1457,25,1,1,1,service_time_sampled=0.056
456.09771796810725,service_end,,,1457,25,1,1,1,duration=0.056
456.09771796810725,service_start,,,1458,24,1,1,1,service_time_sampled=0.083
456.18095456697506,service_end,,,1458,24,1,1,1,duration=0.083
456.18095456697506,service_start,,,1459,23,1,1,1,service_time_sampled=0.336
456.5167474101523,service_end,,,1459,23,1,1,1,duration=0.336
456.5167474101523,service_start,,,1460,22,1,1,1,service_time_sampled=0.020
456.53688714583126,service_end,,,1460,22,1,1,1,duration=0.020
456.53688714583126,service_start,,,1461,21,1,1,1,service_time_sampled=0.223
456.75954881704445,service_end,,,1461,21,1,1,1,duration=0.223
456.75954881704445,service_start,,,1462,20,1,1,1,service_time_sampled=0.144
456.90374815927174,service_end,,,1462,20,1,1,1,duration=0.144
456.90374815927174,service_start,,,1463,19,1,1,1,service_time_sampled=0.026
456.92971950924954,service_end,,,1463,19,1,1,1,duration=0.026
456.92971950924954,service_start,,,1464,18,1,1,1,service_time_sampled=0.337
457.26717293825055,service_end,,,1464,18,1,1,1,duration=0.337
457.26717293825055,service_start,,,1465,17,1,1,1,service_time_sampled=0.125
457.3917600628012,service_end,,,1465,17,1,1,1,duration=0.125
457.3917600628012,service_start,,,1466,16,1,1,1,service_time_sampled=0.016
457.408131316819,service_end,,,1466,16,1,1,1,duration=0.016
457.408131316819,service_start,,,1467,15,1,1,1,service_time_sampled=0.010
457.418131316819,service_end,,,1467,15,1,1,1,duration=0.010
457.418131316819,service_start,,,1468,14,1,1,1,service_time_sampled=0.052
457.4706042500761,service_end,,,1468,14,1,1,1,duration=0.052
457.4706042500761,service_start,,,1469,13,1,1,1,service_time_sampled=0.051
457.5214951280571,service_end,,,1469,13,1,1,1,duration=0.051
457.5214951280571,service_start,,,1470,12,1,1,1,service_time_sampled=0.122
457.6430320103543,service_end,,,1470,12,1,1,1,duration=0.122
457.6430320103543,service_start,,,1471,11,1,1,1,service_time_sampled=0.022
457.66487903559613,service_end,,,1471,11,1,1,1,duration=0.022
457.66487903559613,service_start,,,1472,10,1,1,1,service_time_sampled=0.288
457.95274666260474,service_end,,,1472,10,1,1,1,duration=0.288
457.95274666260474,service_start,,,1473,9,1,1,1,service_time_sampled=0.062
458.0145949572707,service_end,,,1473,9,1,1,1,duration=0.062
458.0145949572707,service_start,,,1474,8,1,1,1,service_time_sampled=0.026
458.04057017307616,service_end,,,1474,8,1,1,1,duration=0.026
458.04057017307616,service_start,,,1475,7,1,1,1,service_time_sampled=0.086
458.1262422561442,service_end,,,1475,7,1,1,1,duration=0.086
458.1262422561442,service_start,,,1476,6,1,1,1,service_time_sampled=0.023
458.14915917899424,service_end,,,1476,6,1,1,1,duration=0.023
458.14915917899424,service_start,,,1477,5,1,1,1,service_time_sampled=0.010
458.15915917899423,service_end,,,1477,5,1,1,1,duration=0.010
458.15915917899423,service_start,,,1478,4,1,1,1,service_time_sampled=0.370
458.5289817377204,service_end,,,1478,4,1,1,1,duration=0.370
458.5289817377204,service_start,,,1479,3,1,1,1,service_time_sampled=0.185
458.713872202849,service_end,,,1479,3,1,1,1,duration=0.185
458.713872202849,service_start,,,1480,2,1,1,1,service_time_sampled=0.052
458.7656155312903,service_end,,,1480,2,1,1,1,duration=0.052
458.7656155312903,service_start,,,1481,1,1,1,1,service_time_sampled=0.178
458.943921798248,service_end,,,1481,1,1,1,1,duration=0.178
458.943921798248,service_start,,,1482,0,1,1,1,service_time_sampled=0.221
459.16527428385064,service_end,,,1482,0,1,1,1,duration=0.221
460.0,plane_arrive,42,1,,0,1,1,1,air_q=3
460.56889663744306,failure,,,,,1,0,0,element=door
463.0,unload_end,39,2,,0,1,0,0,
463.0,passengers_spawned,39,2,,0,1,0,0,count=35
463.0,passenger_queue_arrival,,,1483,1,1,0,0,
463.0,passenger_queue_arrival,,,1484,2,1,0,0,
463.0,passenger_queue_arrival,,,1485,3,1,0,0,
463.0,passenger_queue_arrival,,,1486,4,1,0,0,
463.0,passenger_queue_arrival,,,1487,5,1,0,0,
463.0,passenger_queue_arrival,,,1488,6,1,0,0,
463.0,passenger_queue_arrival,,,1489,7,1,0,0,
463.0,passenger_queue_arrival,,,1490,8,1,0,0,
463.0,passenger_queue_arrival,,,1491,9,1,0,0,
463.0,passenger_queue_arrival,,,1492,10,1,0,0,
463.0,passenger_queue_arrival,,,1493,11,1,0,0,
463.0,passenger_queue_arrival,,,1494,12,1,0,0,
463.0,passenger_queue_arrival,,,1495,13,1,0,0,
463.0,passenger_queue_arrival,,,1496,14,1,0,0,
463.0,passenger_queue_arrival,,,1497,15,1,0,0,
463.0,passenger_queue_arrival,,,1498,16,1,0,0,
463.0,passenger_queue_arrival,,,1499,17,1,0,0,
463.0,passenger_queue_arrival,,,1500,18,1,0,0,
463.0,passenger_queue_arrival,,,1501,19,1,0,0,
463.0,passenger_queue_arrival,,,1502,20,1,0,0,
463.0,passenger_queue_arrival,,,1503,21,1,0,0,
463.0,passenger_queue_arrival,,,1504,22,1,0,0,
463.0,passenger_queue_arrival,,,1505,23,1,0,0,
463.0,passenger_queue_arrival,,,1506,24,1,0,0,
463.0,passenger_queue_arrival,,,1507,25,1,0,0,
463.0,passenger_queue_arrival,,,1508,26,1,0,0,
463.0,passenger_queue_arrival,,,1509,27,1,0,0,
463.0,passenger_queue_arrival,,,1510,28,1,0,0,
463.0,passenger_queue_arrival,,,1511,29,1,0,0,
463.0,passenger_queue_arrival,,,1512,30,1,0,0,
463.0,passenger_queue_arrival,,,1513,31,1,0,0,
463.0,passenger_queue_arrival,,,1514,32,1,0,0,
463.0,passenger_queue_arrival,,,1515,33,1,0,0,
463.0,passenger_queue_arrival,,,1516,34,1,0,0,
463.0,passenger_queue_arrival,,,1517,35,1,0,0,
463.0,landing_start,40,2,,35,1,0,0,landing_time=5
463.0,service_start,,,1483,34,1,0,0,service_time_sampled=0.021
466.9870615399172,repair,,,,,1,1,1,"element=door, repair_time=6.418"
467.02063120519034,service_end,,,1483,34,1,1,1,duration=4.021
467.02063120519034,service_start,,,1484,33,1,1,1,service_time_sampled=0.085
467.1056463401981,service_end,,,1484,33,1,1,1,duration=0.085
467.1056463401981,service_start,,,1485,32,1,1,1,service_time_sampled=0.136
467.2416807604626,service_end,,,1485,32,1,1,1,duration=0.136
467.2416807604626,service_start,,,1486,31,1,1,1,service_time_sampled=0.330
467.57197482350745,service_end,,,1486,31,1,1,1,duration=0.330
467.57197482350745,service_start,,,1487,30,1,1,1,service_time_sampled=0.114
467.685907552932,service_end,,,1487,30,1,1,1,duration=0.114
467.685907552932,service_start,,,1488,29,1,1,1,service_time_sampled=0.010
467.695907552932,service_end,,,1488,29,1,1,1,duration=0.010
467.695907552932,service_start,,,1489,28,1,1,1,service_time_sampled=0.084
467.77952730993144,service_end,,,1489,28,1,1,1,duration=0.084
467.77952730993144,service_start,,,1490,27,1,1,1,service_time_sampled=0.116
467.89530999823575,service_end,,,1490,27,1,1,1,duration=0.116
467.89530999823575,service_start,,,1491,26,1,1,1,service_time_sampled=0.048
467.943093430904,service_end,,,1491,26,1,1,1,duration=0.048
467.943093430904,service_start,,,1492,25,1,1,1,service_time_sampled=0.164
468.0,landing_end,40,2,,25,1,1,1,pad_q=1
468.10727060406003,service_end,,,1492,25,1,1,1,duration=0.164
468.10727060406003,service_start,,,1493,24,1,1,1,service_time_sampled=0.010
468.11727060406,service_end,,,1493,24,1,1,1,duration=0.010
468.11727060406,service_start,,,1494,23,1,1,1,service_time_sampled=0.010
468.12727060406,service_end,,,1494,23,1,1,1,duration=0.010
468.12727060406,service_start,,,1495,22,1,1,1,service_time_sampled=0.035
468.16204479561515,service_end,,,1495,22,1,1,1,duration=0.035
468.16204479561515,service_start,,,1496,21,1,1,1,service_time_sampled=0.259
468.4211343239812,service_end,,,1496,21,1,1,1,duration=0.259
468.4211343239812,service_start,,,1497,20,1,1,1,service_time_sampled=0.118
468.53882665200877,service_end,,,1497,20,1,1,1,duration=0.118
468.53882665200877,service_start,,,1498,19,1,1,1,service_time_sampled=0.135
468.6739838314778,service_end,,,1498,19,1,1,1,duration=0.135
468.6739838314778,service_start,,,1499,18,1,1,1,service_time_sampled=0.014
468.6884177918689,service_end,,,1499,18,1,1,1,duration=0.014
468.6884177918689,service_start,,,1500,17,1,1,1,service_time_sampled=0.421
469.10982227203465,service_end,,,1500,17,1,1,1,duration=0.421
469.10982227203465,service_start,,,1501,16,1,1,1,service_time_sampled=0.091
469.2004592518617,service_end,,,1501,16,1,1,1,duration=0.091
469.2004592518617,service_start,,,1502,15,1,1,1,service_time_sampled=0.323
469.5235889724194,service_end,,,1502,15,1,1,1,duration=0.323
469.5235889724194,service_start,,,1503,14,1,1,1,service_time_sampled=0.126
469.64925161882405,service_end,,,1503,14,1,1,1,duration=0.126
469.64925161882405,service_start,,,1504,13,1,1,1,service_time_sampled=0.042
469.6914293834347,service_end,,,1504,13,1,1,1,duration=0.042
469.6914293834347,service_start,,,1505,12,1,1,1,service_time_sampled=0.144
469.8350458761521,service_end,,,1505,12,1,1,1,duration=0.144
469.8350458761521,service_start,,,1506,11,1,1,1,service_time_sampled=0.085
469.9200573999281,service_end,,,1506,11,1,1,1,duration=0.085
469.9200573999281,service_start,,,1507,10,1,1,1,service_time_sampled=0.027
469.9467291718245,service_end,,,1507,10,1,1,1,duration=0.027
469.9467291718245,service_start,,,1508,9,1,1,1,service_time_sampled=0.058
470.0050081616533,service_end,,,1508,9,1,1,1,duration=0.058
470.0050081616533,service_start,,,1509,8,1,1,1,service_time_sampled=0.232
470.23663638402877,service_end,,,1509,8,1,1,1,duration=0.232
470.23663638402877,service_start,,,1510,7,1,1,1,service_time_sampled=0.158
470.3946485814838,service_end,,,1510,7,1,1,1,duration=0.158
470.3946485814838,service_start,,,1511,6,1,1,1,service_time_sampled=0.062
470.4566033088681,service_end,,,1511,6,1,1,1,duration=0.062
470.4566033088681,service_start,,,1512,5,1,1,1,service_time_sampled=0.576
471.0325512233398,service_end,,,1512,5,1,1,1,duration=0.576
471.0325512233398,service_start,,,1513,4,1,1,1,service_time_sampled=0.048
471.0803052752113,service_end,,,1513,4,1,1,1,duration=0.048
471.0803052752113,service_start,,,1514,3,1,1,1,service_time_sampled=0.601
471.6815103263466,service_end,,,1514,3,1,1,1,duration=0.601
471.6815103263466,service_start,,,1515,2,1,1,1,service_time_sampled=0.010
471.6915103263466,service_end,,,1515,2,1,1,1,duration=0.010
471.6915103263466,service_start,,,1516,1,1,1,1,service_time_sampled=0.031
471.722531811966,service_end,,,1516,1,1,1,1,duration=0.031
471.722531811966,service_start,,,1517,0,1,1,1,service_time_sampled=0.015
471.7375624289287,service_end,,,1517,0,1,1,1,duration=0.015
473.0,plane_arrive,43,1,,0,1,1,1,air_q=3
475.0,unload_end,40,2,,0,1,1,1,
475.0,passengers_spawned,40,2,,0,1,1,1,count=42
475.0,passenger_queue_arrival,,,1518,1,1,1,1,
475.0,passenger_queue_arrival,,,1519,2,1,1,1,
475.0,passenger_queue_arrival,,,1520,3,1,1,1,
475.0,passenger_queue_arrival,,,1521,4,1,1,1,
475.0,passenger_queue_arrival,,,1522,5,1,1,1,
475.0,passenger_queue_arrival,,,1523,6,1,1,1,
475.0,passenger_queue_arrival,,,1524,7,1,1,1,
475.0,passenger_queue_arrival,,,1525,8,1,1,1,
475.0,passenger_queue_arrival,,,1526,9,1,1,1,
475.0,passenger_queue_arrival,,,1527,10,1,1,1,
475.0,passenger_queue_arrival,,,1528,11,1,1,1,
475.0,passenger_queue_arrival,,,1529,12,1,1,1,
475.0,passenger_queue_arrival,,,1530,13,1,1,1,
475.0,passenger_queue_arrival,,,1531,14,1,1,1,
475.0,passenger_queue_arrival,,,1532,15,1,1,1,
475.0,passenger_queue_arrival,,,1533,16,1,1,1,
475.0,passenger_queue_arrival,,,1534,17,1,1,1,
475.0,passenger_queue_arrival,,,1535,18,1,1,1,
475.0,passenger_queue_arrival,,,1536,19,1,1,1,
475.0,passenger_queue_arrival,,,1537,20,1,1,1,
475.0,passenger_queue_arrival,,,1538,21,1,1,1,
475.0,passenger_queue_arrival,,,1539,22,1,1,1,
475.0,passenger_queue_arrival,,,1540,23,1,1,1,
475.0,passenger_queue_arrival,,,1541,24,1,1,1,
475.0,passenger_queue_arrival,,,1542,25,1,1,1,
475.0,passenger_queue_arrival,,,1543,26,1,1,1,
475.0,passenger_queue_arrival,,,1544,27,1,1,1,
475.0,passenger_queue_arrival,,,1545,28,1,1,1,
475.0,passenger_queue_arrival,,,1546,29,1,1,1,
475.0,passenger_queue_arrival,,,1547,30,1,1,1,
475.0,passenger_queue_arrival,,,1548,31,1,1,1,
475.0,passenger_queue_arrival,,,1549,32,1,1,1,
475.0,passenger_queue_arrival,,,1550,33,1,1,1,
475.0,passenger_queue_arrival,,,1551,34,1,1,1,
475.0,passenger_queue_arrival,,,1552,35,1,1,1,
475.0,passenger_queue_arrival,,,1553,36,1,1,1,
475.0,passenger_queue_arrival,,,1554,37,1,1,1,
475.0,passenger_queue_arrival,,,1555,38,1,1,1,
475.0,passenger_queue_arrival,,,1556,39,1,1,1,
475.0,passenger_queue_arrival,,,1557,40,1,1,1,
475.0,passenger_queue_arrival,,,1558,41,1,1,1,
475.0,passenger_queue_arrival,,,1559,42,1,1,1,
475.0,landing_start,41,1,,42,1,1,1,landing_time=3
475.0,service_start,,,1518,41,1,1,1,service_time_sampled=0.376
475.3762556985268,service_end,,,1518,41,1,1,1,duration=0.376
475.3762556985268,service_start,,,1519,40,1,1,1,service_time_sampled=0.154
475.53002567875285,service_end,,,1519,40,1,1,1,duration=0.154
475.53002567875285,service_start,,,1520,39,1,1,1,service_time_sampled=0.029
475.5594941322785,service_end,,,1520,39,1,1,1,duration=0.029
475.5594941322785,service_start,,,1521,38,1,1,1,service_time_sampled=0.057
475.61682790655476,service_end,,,1521,38,1,1,1,duration=0.057
475.61682790655476,service_start,,,1522,37,1,1,1,service_time_sampled=0.010
475.62682790655475,service_end,,,1522,37,1,1,1,duration=0.010
475.62682790655475,service_start,,,1523,36,1,1,1,service_time_sampled=0.065
475.69196647444335,service_end,,,1523,36,1,1,1,duration=0.065
475.69196647444335,service_start,,,1524,35,1,1,1,service_time_sampled=0.011
475.7034217266609,service_end,,,1524,35,1,1,1,duration=0.011
475.7034217266609,service_start,,,1525,34,1,1,1,service_time_sampled=0.066
475.7698719523636,service_end,,,1525,34,1,1,1,duration=0.066
475.7698719523636,service_start,,,1526,33,1,1,1,service_time_sampled=0.105
475.8752553812738,service_end,,,1526,33,1,1,1,duration=0.105
475.8752553812738,service_start,,,1527,32,1,1,1,service_time_sampled=0.196
476.0707665188367,service_end,,,1527,32,1,1,1,duration=0.196
476.0707665188367,service_start,,,1528,31,1,1,1,service_time_sampled=0.097
476.1680621462499,service_end,,,1528,31,1,1,1,duration=0.097
476.1680621462499,service_start,,,1529,30,1,1,1,service_time_sampled=0.125
476.29349031303013,service_end,,,1529,30,1,1,1,duration=0.125
476.29349031303013,service_start,,,1530,29,1,1,1,service_time_sampled=0.405
476.69801935635473,service_end,,,1530,29,1,1,1,duration=0.405
476.69801935635473,service_start,,,1531,28,1,1,1,service_time_sampled=0.138
476.83613474923186,service_end,,,1531,28,1,1,1,duration=0.138
476.83613474923186,service_start,,,1532,27,1,1,1,service_time_sampled=0.095
476.9307360868934,service_end,,,1532,27,1,1,1,duration=0.095
476.9307360868934,service_start,,,1533,26,1,1,1,service_time_sampled=0.296
477.22686517982316,service_end,,,1533,26,1,1,1,duration=0.296
477.22686517982316,service_start,,,1534,25,1,1,1,service_time_sampled=0.046
477.2730005397945,service_end,,,1534,25,1,1,1,duration=0.046
477.2730005397945,service_start,,,1535,24,1,1,1,service_time_sampled=0.098
477.3711350093956,service_end,,,1535,24,1,1,1,duration=0.098
477.3711350093956,service_start,,,1536,23,1,1,1,service_time_sampled=0.010
477.38113500939556,service_end,,,1536,23,1,1,1,duration=0.010
477.38113500939556,service_start,,,1537,22,1,1,1,service_time_sampled=0.116
477.4971951084589,service_end,,,1537,22,1,1,1,duration=0.116
477.4971951084589,service_start,,,1538,21,1,1,1,service_time_sampled=0.164
477.6610847827558,service_end,,,1538,21,1,1,1,duration=0.164
477.6610847827558,service_start,,,1539,20,1,1,1,service_time_sampled=0.174
477.8355203105743,service_end,,,1539,20,1,1,1,duration=0.174
477.8355203105743,service_start,,,1540,19,1,1,1,service_time_sampled=0.029
477.86403299532566,service_end,,,1540,19,1,1,1,duration=0.029
477.86403299532566,service_start,,,1541,18,1,1,1,service_time_sampled=0.120
477.9840024221724,service_end,,,1541,18,1,1,1,duration=0.120
477.9840024221724,service_start,,,1542,17,1,1,1,service_time_sampled=0.056
478.0,landing_end,41,1,,17,1,1,1,pad_q=1
478.0397905571746,service_end,,,1542,17,1,1,1,duration=0.056
478.0397905571746,service_start,,,1543,16,1,1,1,service_time_sampled=0.011
478.0507187943412,service_end,,,1543,16,1,1,1,duration=0.011
478.0507187943412,service_start,,,1544,15,1,1,1,service_time_sampled=0.010
478.0607187943412,service_end,,,1544,15,1,1,1,duration=0.010
478.0607187943412,service_start,,,1545,14,1,1,1,service_time_sampled=0.207
478.2673237127525,service_end,,,1545,14,1,1,1,duration=0.207
478.2673237127525,service_start,,,1546,13,1,1,1,service_time_sampled=0.119
478.3862696796497,service_end,,,1546,13,1,1,1,duration=0.119
478.3862696796497,service_start,,,1547,12,1,1,1,service_time_sampled=0.251
478.637097720793,service_end,,,1547,12,1,1,1,duration=0.251
478.637097720793,service_start,,,1548,11,1,1,1,service_time_sampled=0.111
478.74790750990815,service_end,,,1548,11,1,1,1,duration=0.111
478.74790750990815,service_start,,,1549,10,1,1,1,service_time_sampled=0.397
479.14517869767224,service_end,,,1549,10,1,1,1,duration=0.397
479.14517869767224,service_start,,,1550,9,1,1,1,service_time_sampled=0.057
479.2024404316563,service_end,,,1550,9,1,1,1,duration=0.057
479.2024404316563,service_start,,,1551,8,1,1,1,service_time_sampled=0.078
479.28080228610486,service_end,,,1551,8,1,1,1,duration=0.078
479.28080228610486,service_start,,,1552,7,1,1,1,service_time_sampled=0.015
479.2953950683073,service_end,,,1552,7,1,1,1,duration=0.015
479.2953950683073,service_start,,,1553,6,1,1,1,service_time_sampled=0.074
479.369479302627,service_end,,,1553,6,1,1,1,duration=0.074
479.369479302627,service_start,,,1554,5,1,1,1,service_time_sampled=0.263
479.6324781529424,service_end,,,1554,5,1,1,1,duration=0.263
479.6324781529424,service_start,,,1555,4,1,1,1,service_time_sampled=0.495
480.12792524445695,service_end,,,1555,4,1,1,1,duration=0.495
480.12792524445695,service_start,,,1556,3,1,1,1,service_time_sampled=0.060
480.1882287813171,service_end,,,1556,3,1,1,1,duration=0.060
480.1882287813171,service_start,,,1557,2,1,1,1,service_time_sampled=0.171
480.35952089757814,service_end,,,1557,2,1,1,1,duration=0.171
480.35952089757814,service_start,,,1558,1,1,1,1,service_time_sampled=0.328
480.68737028735364,service_end,,,1558,1,1,1,1,duration=0.328
480.68737028735364,service_start,,,1559,0,1,1,1,service_time_sampled=0.032
480.7197662672536,service_end,,,1559,0,1,1,1,duration=0.032
485.0,unload_end,41,1,,0,1,1,1,
485.0,passengers_spawned,41,1,,0,1,1,1,count=29
485.0,passenger_queue_arrival,,,1560,1,1,1,1,
485.0,passenger_queue_arrival,,,1561,2,1,1,1,
485.0,passenger_queue_arrival,,,1562,3,1,1,1,
485.0,passenger_queue_arrival,,,1563,4,1,1,1,
485.0,passenger_queue_arrival,,,1564,5,1,1,1,
485.0,passenger_queue_arrival,,,1565,6,1,1,1,
485.0,passenger_queue_arrival,,,1566,7,1,1,1,
485.0,passenger_queue_arrival,,,1567,8,1,1,1,
485.0,passenger_queue_arrival,,,1568,9,1,1,1,
485.0,passenger_queue_arrival,,,1569,10,1,1,1,
485.0,passenger_queue_arrival,,,1570,11,1,1,1,
485.0,passenger_queue_arrival,,,1571,12,1,1,1,
485.0,passenger_queue_arrival,,,1572,13,1,1,1,
485.0,passenger_queue_arrival,,,1573,14,1,1,1,
485.0,passenger_queue_arrival,,,1574,15,1,1,1,
485.0,passenger_queue_arrival,,,1575,16,1,1,1,
485.0,passenger_queue_arrival,,,1576,17,1,1,1,
485.0,passenger_queue_arrival,,,1577,18,1,1,1,
485.0,passenger_queue_arrival,,,1578,19,1,1,1,
485.0,passenger_queue_arrival,,,1579,20,1,1,1,
485.0,passenger_queue_arrival,,,1580,21,1,1,1,
485.0,passenger_queue_arrival,,,1581,22,1,1,1,
485.0,passenger_queue_arrival,,,1582,23,1,1,1,
485.0,passenger_queue_arrival,,,1583,24,1,1,1,
485.0,passenger_queue_arrival,,,1584,25,1,1,1,
485.0,passenger_queue_arrival,,,1585,26,1,1,1,
485.0,passenger_queue_arrival,,,1586,27,1,1,1,
485.0,passenger_queue_arrival,,,1587,28,1,1,1,
485.0,passenger_queue_arrival,,,1588,29,1,1,1,
485.0,landing_start,42,1,,29,1,1,1,landing_time=3
485.0,service_start,,,1560,28,1,1,1,service_time_sampled=0.038
485.038295640588,service_end,,,1560,28,1,1,1,duration=0.038
485.038295640588,service_start,,,1561,27,1,1,1,service_time_sampled=0.012
485.0499440562485,service_end,,,1561,27,1,1,1,duration=0.012
485.0499440562485,service_start,,,1562,26,1,1,1,service_time_sampled=0.021
485.0709646148766,service_end,,,1562,26,1,1,1,duration=0.021
485.0709646148766,service_start,,,1563,25,1,1,1,service_time_sampled=0.123
485.19421844456,service_end,,,1563,25,1,1,1,duration=0.123
485.19421844456,service_start,,,1564,24,1,1,1,service_time_sampled=0.104
485.29785724985345,service_end,,,1564,24,1,1,1,duration=0.104
485.29785724985345,service_start,,,1565,23,1,1,1,service_time_sampled=0.010
485.30785724985344,service_end,,,1565,23,1,1,1,duration=0.010
485.30785724985344,service_start,,,1566,22,1,1,1,service_time_sampled=0.621
485.92896890956615,service_end,,,1566,22,1,1,1,duration=0.621
485.92896890956615,service_start,,,1567,21,1,1,1,service_time_sampled=0.082
486.0105753269734,service_end,,,1567,21,1,1,1,duration=0.082
486.0105753269734,service_start,,,1568,20,1,1,1,service_time_sampled=0.048
486.0586797242043,service_end,,,1568,20,1,1,1,duration=0.048
486.0586797242043,service_start,,,1569,19,1,1,1,service_time_sampled=0.163
486.22195921236147,service_end,,,1569,19,1,1,1,duration=0.163
486.22195921236147,service_start,,,1570,18,1,1,1,service_time_sampled=0.010
486.23195921236146,service_end,,,1570,18,1,1,1,duration=0.010
486.23195921236146,service_start,,,1571,17,1,1,1,service_time_sampled=0.071
486.3031593977276,service_end,,,1571,17,1,1,1,duration=0.071
486.3031593977276,service_start,,,1572,16,1,1,1,service_time_sampled=0.136
486.4396439654935,service_end,,,1572,16,1,1,1,duration=0.136
486.4396439654935,service_start,,,1573,15,1,1,1,service_time_sampled=0.409
486.84886401877753,service_end,,,1573,15,1,1,1,duration=0.409
486.84886401877753,service_start,,,1574,14,1,1,1,service_time_sampled=0.179
487.0281094964933,service_end,,,1574,14,1,1,1,duration=0.179
487.0281094964933,service_start,,,1575,13,1,1,1,service_time_sampled=0.271
487.2986355641377,service_end,,,1575,13,1,1,1,duration=0.271
487.2986355641377,service_start,,,1576,12,1,1,1,service_time_sampled=0.016
487.3144594211926,service_end,,,1576,12,1,1,1,duration=0.016
487.3144594211926,service_start,,,1577,11,1,1,1,service_time_sampled=0.070
487.3846739902973,service_end,,,1577,11,1,1,1,duration=0.070
487.3846739902973,service_start,,,1578,10,1,1,1,service_time_sampled=0.010
487.3946739902973,service_end,,,1578,10,1,1,1,duration=0.010
487.3946739902973,service_start,,,1579,9,1,1,1,service_time_sampled=0.040
487.4343547729006,service_end,,,1579,9,1,1,1,duration=0.040
487.4343547729006,service_start,,,1580,8,1,1,1,service_time_sampled=0.061
487.49497856734126,service_end,,,1580,8,1,1,1,duration=0.061
487.49497856734126,service_start,,,1581,7,1,1,1,service_time_sampled=0.053
487.54764379039227,service_end,,,1581,7,1,1,1,duration=0.053
487.54764379039227,service_start,,,1582,6,1,1,1,service_time_sampled=0.058
487.6061426567756,service_end,,,1582,6,1,1,1,duration=0.058
487.6061426567756,service_start,,,1583,5,1,1,1,service_time_sampled=0.203
487.8092623752899,service_end,,,1583,5,1,1,1,duration=0.203
487.8092623752899,service_start,,,1584,4,1,1,1,service_time_sampled=0.026
487.8355320969926,service_end,,,1584,4,1,1,1,duration=0.026
487.8355320969926,service_start,,,1585,3,1,1,1,service_time_sampled=0.218
488.0,landing_end,42,1,,3,1,1,1,pad_q=1
488.05304349987495,service_end,,,1585,3,1,1,1,duration=0.218
488.05304349987495,service_start,,,1586,2,1,1,1,service_time_sampled=0.098
488.15063272621245,service_end,,,1586,2,1,1,1,duration=0.098
488.15063272621245,service_start,,,1587,1,1,1,1,service_time_sampled=0.052
488.20233471729944,service_end,,,1587,1,1,1,1,duration=0.052
488.20233471729944,service_start,,,1588,0,1,1,1,service_time_sampled=0.100
488.30277077373677,service_end,,,1588,0,1,1,1,duration=0.100
495.0,unload_end,42,1,,0,1,1,1,
495.0,passengers_spawned,42,1,,0,1,1,1,count=22
495.0,passenger_queue_arrival,,,1589,1,1,1,1,
495.0,passenger_queue_arrival,,,1590,2,1,1,1,
495.0,passenger_queue_arrival,,,1591,3,1,1,1,
495.0,passenger_queue_arrival,,,1592,4,1,1,1,
495.0,passenger_queue_arrival,,,1593,5,1,1,1,
495.0,passenger_queue_arrival,,,1594,6,1,1,1,
495.0,passenger_queue_arrival,,,1595,7,1,1,1,
495.0,passenger_queue_arrival,,,1596,8,1,1,1,
495.0,passenger_queue_arrival,,,1597,9,1,1,1,
495.0,passenger_queue_arrival,,,1598,10,1,1,1,
495.0,passenger_queue_arrival,,,1599,11,1,1,1,
495.0,passenger_queue_arrival,,,1600,12,1,1,1,
495.0,passenger_queue_arrival,,,1601,13,1,1,1,
495.0,passenger_queue_arrival,,,1602,14,1,1,1,
495.0,passenger_queue_arrival,,,1603,15,1,1,1,
495.0,passenger_queue_arrival,,,1604,16,1,1,1,
495.0,passenger_queue_arrival,,,1605,17,1,1,1,
495.0,passenger_queue_arrival,,,1606,18,1,1,1,
495.0,passenger_queue_arrival,,,1607,19,1,1,1,
495.0,passenger_queue_arrival,,,1608,20,1,1,1,
495.0,passenger_queue_arrival,,,1609,21,1,1,1,
495.0,passenger_queue_arrival,,,1610,22,1,1,1,
495.0,landing_start,43,1,,22,1,1,1,landing_time=3
495.0,service_start,,,1589,21,1,1,1,service_time_sampled=0.298
495.2982956782069,service_end,,,1589,21,1,1,1,duration=0.298
495.2982956782069,service_start,,,1590,20,1,1,1,service_time_sampled=0.214
495.5123001026394,service_end,,,1590,20,1,1,1,duration=0.214
495.5123001026394,service_start,,,1591,19,1,1,1,service_time_sampled=0.127
495.63902279936235,service_end,,,1591,19,1,1,1,duration=0.127
495.63902279936235,service_start,,,1592,18,1,1,1,service_time_sampled=0.037
495.6762996298087,service_end,,,1592,18,1,1,1,duration=0.037
495.6762996298087,service_start,,,1593,17,1,1,1,service_time_sampled=0.019
495.694814016965,service_end,,,1593,17,1,1,1,duration=0.019
495.694814016965,service_start,,,1594,16,1,1,1,service_time_sampled=0.683
496.37799562520655,service_end,,,1594,16,1,1,1,duration=0.683
496.37799562520655,service_start,,,1595,15,1,1,1,service_time_sampled=0.013
496.39107165402675,service_end,,,1595,15,1,1,1,duration=0.013
496.39107165402675,service_start,,,1596,14,1,1,1,service_time_sampled=0.103
496.4940470880796,service_end,,,1596,14,1,1,1,duration=0.103
496.4940470880796,service_start,,,1597,13,1,1,1,service_time_sampled=0.388
496.88253835957687,service_end,,,1597,13,1,1,1,duration=0.388
496.88253835957687,service_start,,,1598,12,1,1,1,service_time_sampled=0.177
497.05980478307237,service_end,,,1598,12,1,1,1,duration=0.177
497.05980478307237,service_start,,,1599,11,1,1,1,service_time_sampled=0.036
497.09601918824944,service_end,,,1599,11,1,1,1,duration=0.036
497.09601918824944,service_start,,,1600,10,1,1,1,service_time_sampled=0.014
497.10977264379545,service_end,,,1600,10,1,1,1,duration=0.014
497.10977264379545,service_start,,,1601,9,1,1,1,service_time_sampled=0.010
497.11977264379544,service_end,,,1601,9,1,1,1,duration=0.010
497.11977264379544,service_start,,,1602,8,1,1,1,service_time_sampled=0.863
497.9823403607819,service_end,,,1602,8,1,1,1,duration=0.863
497.9823403607819,service_start,,,1603,7,1,1,1,service_time_sampled=0.017
497.9994986057104,service_end,,,1603,7,1,1,1,duration=0.017
497.9994986057104,service_start,,,1604,6,1,1,1,service_time_sampled=0.010
498.0,landing_end,43,1,,6,1,1,1,pad_q=1
498.0094986057104,service_end,,,1604,6,1,1,1,duration=0.010
498.0094986057104,service_start,,,1605,5,1,1,1,service_time_sampled=0.230
498.23906965518205,service_end,,,1605,5,1,1,1,duration=0.230
498.23906965518205,service_start,,,1606,4,1,1,1,service_time_sampled=0.032
498.2706720410584,service_end,,,1606,4,1,1,1,duration=0.032
498.2706720410584,service_start,,,1607,3,1,1,1,service_time_sampled=0.013
498.2834006472007,service_end,,,1607,3,1,1,1,duration=0.013
498.2834006472007,service_start,,,1608,2,1,1,1,service_time_sampled=0.226
498.50964485482484,service_end,,,1608,2,1,1,1,duration=0.226
498.50964485482484,service_start,,,1609,1,1,1,1,service_time_sampled=0.031
498.54021713510775,service_end,,,1609,1,1,1,1,duration=0.031
498.54021713510775,service_start,,,1610,0,1,1,1,service_time_sampled=0.024
498.56459603666366,service_end,,,1610,0,1,1,1,duration=0.024
500.0,sim_end,,,,0,1,1,1,"planes=43, pax_spawned=1610, served=1610, avg_service=0.154, avg_queue=11.879, max_queue=78, availability=0.8703, gate_down=64.846, scanner_fail=6, door_fail=4"
