time,event,plane_id,plane_cat,passenger_id,queue_len,scanner,door,gate,info
0.0,sim_start,,,,,,,,"cwd=C:\Users\karon\Documents\Code\Symulacja-dyskretna-krokowa, utils=C:\Users\karon\Documents\Code\Symulacja-dyskretna-krokowa\utils.py"
2.0,plane_arrive,1,3,,0,1,1,1,air_q=1
2.0,landing_start,1,3,,0,1,1,1,landing_time=2
4.0,landing_end,1,3,,0,1,1,1,pad_q=1
10.0,plane_arrive,2,1,,0,1,1,1,air_q=1
11.0,unload_end,1,3,,0,1,1,1,
11.0,passengers_spawned,1,3,,0,1,1,1,count=47
11.0,passenger_queue_arrival,,,1,1,1,1,1,
11.0,passenger_queue_arrival,,,2,2,1,1,1,
11.0,passenger_queue_arrival,,,3,3,1,1,1,
11.0,passenger_queue_arrival,,,4,4,1,1,1,
11.0,passenger_queue_arrival,,,5,5,1,1,1,
11.0,passenger_queue_arrival,,,6,6,1,1,1,
11.0,passenger_queue_arrival,,,7,7,1,1,1,
11.0,passenger_queue_arrival,,,8,8,1,1,1,
11.0,passenger_queue_arrival,,,9,9,1,1,1,
11.0,passenger_queue_arrival,,,10,10,1,1,1,
11.0,passenger_queue_arrival,,,11,11,1,1,1,
11.0,passenger_queue_arrival,,,12,12,1,1,1,
11.0,passenger_queue_arrival,,,13,13,1,1,1,
11.0,passenger_queue_arrival,,,14,14,1,1,1,
11.0,passenger_queue_arrival,,,15,15,1,1,1,
11.0,passenger_queue_arrival,,,16,16,1,1,1,
11.0,passenger_queue_arrival,,,17,17,1,1,1,
11.0,passenger_queue_arrival,,,18,18,1,1,1,
11.0,passenger_queue_arrival,,,19,19,1,1,1,
11.0,passenger_queue_arrival,,,20,20,1,1,1,
11.0,passenger_queue_arrival,,,21,21,1,1,1,
11.0,passenger_queue_arrival,,,22,22,1,1,1,
11.0,passenger_queue_arrival,,,23,23,1,1,1,
11.0,passenger_queue_arrival,,,24,24,1,1,1,
11.0,passenger_queue_arrival,,,25,25,1,1,1,
11.0,passenger_queue_arrival,,,26,26,1,1,1,
11.0,passenger_queue_arrival,,,27,27,1,1,1,
11.0,passenger_queue_arrival,,,28,28,1,1,1,
11.0,passenger_queue_arrival,,,29,29,1,1,1,
11.0,passenger_queue_arrival,,,30,30,1,1,1,
11.0,passenger_queue_arrival,,,31,31,1,1,1,
11.0,passenger_queue_arrival,,,32,32,1,1,1,
11.0,passenger_queue_arrival,,,33,33,1,1,1,
11.0,passenger_queue_arrival,,,34,34,1,1,1,
11.0,passenger_queue_arrival,,,35,35,1,1,1,
11.0,passenger_queue_arrival,,,36,36,1,1,1,
11.0,passenger_queue_arrival,,,37,37,1,1,1,
11.0,passenger_queue_arrival,,,38,38,1,1,1,
11.0,passenger_queue_arrival,,,39,39,1,1,1,
11.0,passenger_queue_arrival,,,40,40,1,1,1,
11.0,passenger_queue_arrival,,,41,41,1,1,1,
11.0,passenger_queue_arrival,,,42,42,1,1,1,
11.0,passenger_queue_arrival,,,43,43,1,1,1,
11.0,passenger_queue_arrival,,,44,44,1,1,1,
11.0,passenger_queue_arrival,,,45,45,1,1,1,
11.0,passenger_queue_arrival,,,46,46,1,1,1,
11.0,passenger_queue_arrival,,,47,47,1,1,1,
11.0,landing_start,2,1,,47,1,1,1,landing_time=3
11.0,service_start,,,1,46,1,1,1,service_time_sampled=0.167
11.166813007711024,service_end,,,1,46,1,1,1,duration=0.167
11.166813007711024,service_start,,,2,45,1,1,1,service_time_sampled=0.038
11.205029565462707,service_end,,,2,45,1,1,1,duration=0.038
11.205029565462707,service_start,,,3,44,1,1,1,service_time_sampled=0.134
11.339446230389159,service_end,,,3,44,1,1,1,duration=0.134
11.339446230389159,service_start,,,4,43,1,1,1,service_time_sampled=0.130
11.469784423623752,service_end,,,4,43,1,1,1,duration=0.130
11.469784423623752,service_start,,,5,42,1,1,1,service_time_sampled=0.029
11.498380198069384,service_end,,,5,42,1,1,1,duration=0.029
11.498380198069384,service_start,,,6,41,1,1,1,service_time_sampled=0.033
11.531002948329366,service_end,,,6,41,1,1,1,duration=0.033
11.531002948329366,service_start,,,7,40,1,1,1,service_time_sampled=0.228
11.7592226063264,service_end,,,7,40,1,1,1,duration=0.228
11.7592226063264,service_start,,,8,39,1,1,1,service_time_sampled=0.546
12.305294802840265,service_end,,,8,39,1,1,1,duration=0.546
12.305294802840265,service_start,,,9,38,1,1,1,service_time_sampled=0.405
12.710372283451562,service_end,,,9,38,1,1,1,duration=0.405
12.710372283451562,service_start,,,10,37,1,1,1,service_time_sampled=0.019
12.729346028417865,service_end,,,10,37,1,1,1,duration=0.019
12.729346028417865,service_start,,,11,36,1,1,1,service_time_sampled=0.279
13.008541911291791,service_end,,,11,36,1,1,1,duration=0.279
13.008541911291791,service_start,,,12,35,1,1,1,service_time_sampled=0.058
13.066308678115398,service_end,,,12,35,1,1,1,duration=0.058
13.066308678115398,service_start,,,13,34,1,1,1,service_time_sampled=0.066
13.132197750666093,service_end,,,13,34,1,1,1,duration=0.066
13.132197750666093,service_start,,,14,33,1,1,1,service_time_sampled=0.225
13.357324986740952,service_end,,,14,33,1,1,1,duration=0.225
13.357324986740952,service_start,,,15,32,1,1,1,service_time_sampled=0.064
13.421818791358689,service_end,,,15,32,1,1,1,duration=0.064
13.421818791358689,service_start,,,16,31,1,1,1,service_time_sampled=0.077
13.499099022263165,service_end,,,16,31,1,1,1,duration=0.077
13.499099022263165,service_start,,,17,30,1,1,1,service_time_sampled=0.040
13.5394313219428,service_end,,,17,30,1,1,1,duration=0.040
13.5394313219428,service_start,,,18,29,1,1,1,service_time_sampled=0.196
13.735904616418651,service_end,,,18,29,1,1,1,duration=0.196
13.735904616418651,service_start,,,19,28,1,1,1,service_time_sampled=0.059
13.79467487403523,service_end,,,19,28,1,1,1,duration=0.059
13.79467487403523,service_start,,,20,27,1,1,1,service_time_sampled=0.243
14.0,landing_end,2,1,,27,1,1,1,pad_q=1
14.037337910571843,service_end,,,20,27,1,1,1,duration=0.243
14.037337910571843,service_start,,,21,26,1,1,1,service_time_sampled=0.127
14.164509373362641,service_end,,,21,26,1,1,1,duration=0.127
14.164509373362641,service_start,,,22,25,1,1,1,service_time_sampled=0.025
14.189414471443802,service_end,,,22,25,1,1,1,duration=0.025
14.189414471443802,service_start,,,23,24,1,1,1,service_time_sampled=0.115
14.304816981431694,service_end,,,23,24,1,1,1,duration=0.115
14.304816981431694,service_start,,,24,23,1,1,1,service_time_sampled=0.020
14.32478006274098,service_end,,,24,23,1,1,1,duration=0.020
14.32478006274098,service_start,,,25,22,1,1,1,service_time_sampled=0.238
14.56317506199661,service_end,,,25,22,1,1,1,duration=0.238
14.56317506199661,service_start,,,26,21,1,1,1,service_time_sampled=0.022
14.585347811648857,service_end,,,26,21,1,1,1,duration=0.022
14.585347811648857,service_start,,,27,20,1,1,1,service_time_sampled=0.023
14.608190205677584,service_end,,,27,20,1,1,1,duration=0.023
14.608190205677584,service_start,,,28,19,1,1,1,service_time_sampled=0.010
14.618190205677584,service_end,,,28,19,1,1,1,duration=0.010
14.618190205677584,service_start,,,29,18,1,1,1,service_time_sampled=0.137
14.755156949713337,service_end,,,29,18,1,1,1,duration=0.137
14.755156949713337,service_start,,,30,17,1,1,1,service_time_sampled=0.439
15.194071391804046,service_end,,,30,17,1,1,1,duration=0.439
15.194071391804046,service_start,,,31,16,1,1,1,service_time_sampled=0.201
15.394878627668193,service_end,,,31,16,1,1,1,duration=0.201
15.394878627668193,service_start,,,32,15,1,1,1,service_time_sampled=0.319
15.71426717137383,service_end,,,32,15,1,1,1,duration=0.319
15.71426717137383,service_start,,,33,14,1,1,1,service_time_sampled=0.061
15.775575755662118,service_end,,,33,14,1,1,1,duration=0.061
15.775575755662118,service_start,,,34,13,1,1,1,service_time_sampled=0.122
15.897804118171909,service_end,,,34,13,1,1,1,duration=0.122
15.897804118171909,service_start,,,35,12,1,1,1,service_time_sampled=0.177
16.074569688290588,service_end,,,35,12,1,1,1,duration=0.177
16.074569688290588,service_start,,,36,11,1,1,1,service_time_sampled=0.010
16.08456968829059,service_end,,,36,11,1,1,1,duration=0.010
16.08456968829059,service_start,,,37,10,1,1,1,service_time_sampled=0.035
16.120046025975583,service_end,,,37,10,1,1,1,duration=0.035
16.120046025975583,service_start,,,38,9,1,1,1,service_time_sampled=0.121
16.240611538585664,service_end,,,38,9,1,1,1,duration=0.121
16.240611538585664,service_start,,,39,8,1,1,1,service_time_sampled=0.330
16.570315765507683,service_end,,,39,8,1,1,1,duration=0.330
16.570315765507683,service_start,,,40,7,1,1,1,service_time_sampled=0.156
16.72676142862059,service_end,,,40,7,1,1,1,duration=0.156
16.72676142862059,service_start,,,41,6,1,1,1,service_time_sampled=0.146
16.87306287833526,service_end,,,41,6,1,1,1,duration=0.146
16.87306287833526,service_start,,,42,5,1,1,1,service_time_sampled=0.052
16.924759231674305,service_end,,,42,5,1,1,1,duration=0.052
16.924759231674305,service_start,,,43,4,1,1,1,service_time_sampled=0.143
17.06789875322241,service_end,,,43,4,1,1,1,duration=0.143
17.06789875322241,service_start,,,44,3,1,1,1,service_time_sampled=0.098
17.165640713880094,service_end,,,44,3,1,1,1,duration=0.098
17.165640713880094,service_start,,,45,2,1,1,1,service_time_sampled=0.359
17.5244994745134,service_end,,,45,2,1,1,1,duration=0.359
17.5244994745134,service_start,,,46,1,1,1,1,service_time_sampled=0.808
18.0,plane_arrive,3,2,,1,1,1,1,air_q=1
18.332804237459406,service_end,,,46,1,1,1,1,duration=0.808
18.332804237459406,service_start,,,47,0,1,1,1,service_time_sampled=0.210
18.542933391917877,service_end,,,47,0,1,1,1,duration=0.210
21.0,unload_end,2,1,,0,1,1,1,
21.0,passengers_spawned,2,1,,0,1,1,1,count=24
21.0,passenger_queue_arrival,,,48,1,1,1,1,
21.0,passenger_queue_arrival,,,49,2,1,1,1,
21.0,passenger_queue_arrival,,,50,3,1,1,1,
21.0,passenger_queue_arrival,,,51,4,1,1,1,
21.0,passenger_queue_arrival,,,52,5,1,1,1,
21.0,passenger_queue_arrival,,,53,6,1,1,1,
21.0,passenger_queue_arrival,,,54,7,1,1,1,
21.0,passenger_queue_arrival,,,55,8,1,1,1,
21.0,passenger_queue_arrival,,,56,9,1,1,1,
21.0,passenger_queue_arrival,,,57,10,1,1,1,
21.0,passenger_queue_arrival,,,58,11,1,1,1,
21.0,passenger_queue_arrival,,,59,12,1,1,1,
21.0,passenger_queue_arrival,,,60,13,1,1,1,
21.0,passenger_queue_arrival,,,61,14,1,1,1,
21.0,passenger_queue_arrival,,,62,15,1,1,1,
21.0,passenger_queue_arrival,,,63,16,1,1,1,
21.0,passenger_queue_arrival,,,64,17,1,1,1,
21.0,passenger_queue_arrival,,,65,18,1,1,1,
21.0,passenger_queue_arrival,,,66,19,1,1,1,
21.0,passenger_queue_arrival,,,67,20,1,1,1,
21.0,passenger_queue_arrival,,,68,21,1,1,1,
21.0,passenger_queue_arrival,,,69,22,1,1,1,
21.0,passenger_queue_arrival,,,70,23,1,1,1,
21.0,passenger_queue_arrival,,,71,24,1,1,1,
21.0,landing_start,3,2,,24,1,1,1,landing_time=5
21.0,service_start,,,48,23,1,1,1,service_time_sampled=0.036
21.036383126194973,service_end,,,48,23,1,1,1,duration=0.036
21.036383126194973,service_start,,,49,22,1,1,1,service_time_sampled=0.235
21.271352503767048,service_end,,,49,22,1,1,1,duration=0.235
21.271352503767048,service_start,,,50,21,1,1,1,service_time_sampled=0.300
21.571372814766494,service_end,,,50,21,1,1,1,duration=0.300
21.571372814766494,service_start,,,51,20,1,1,1,service_time_sampled=0.157
21.728168688964338,service_end,,,51,20,1,1,1,duration=0.157
21.728168688964338,service_start,,,52,19,1,1,1,service_time_sampled=0.182
21.910235712653805,service_end,,,52,19,1,1,1,duration=0.182
21.910235712653805,service_start,,,53,18,1,1,1,service_time_sampled=0.090
22.000320802382166,service_end,,,53,18,1,1,1,duration=0.090
22.000320802382166,service_start,,,54,17,1,1,1,service_time_sampled=0.085
22.085345211332324,service_end,,,54,17,1,1,1,duration=0.085
22.085345211332324,service_start,,,55,16,1,1,1,service_time_sampled=0.109
22.19458430829866,service_end,,,55,16,1,1,1,duration=0.109
22.19458430829866,service_start,,,56,15,1,1,1,service_time_sampled=0.020
22.214486423816346,service_end,,,56,15,1,1,1,duration=0.020
22.214486423816346,service_start,,,57,14,1,1,1,service_time_sampled=0.141
22.355353513669094,service_end,,,57,14,1,1,1,duration=0.141
22.355353513669094,service_start,,,58,13,1,1,1,service_time_sampled=0.247
22.602320768911667,service_end,,,58,13,1,1,1,duration=0.247
22.602320768911667,service_start,,,59,12,1,1,1,service_time_sampled=0.022
22.624816997045965,service_end,,,59,12,1,1,1,duration=0.022
22.624816997045965,service_start,,,60,11,1,1,1,service_time_sampled=0.175
22.800057496226607,service_end,,,60,11,1,1,1,duration=0.175
22.800057496226607,service_start,,,61,10,1,1,1,service_time_sampled=0.153
22.953156865775043,service_end,,,61,10,1,1,1,duration=0.153
22.953156865775043,service_start,,,62,9,1,1,1,service_time_sampled=0.016
22.9692786165225,service_end,,,62,9,1,1,1,duration=0.016
22.9692786165225,service_start,,,63,8,1,1,1,service_time_sampled=0.010
22.979278616522503,service_end,,,63,8,1,1,1,duration=0.010
22.979278616522503,service_start,,,64,7,1,1,1,service_time_sampled=0.113
23.092374395289404,service_end,,,64,7,1,1,1,duration=0.113
23.092374395289404,service_start,,,65,6,1,1,1,service_time_sampled=0.031
23.123295382074758,service_end,,,65,6,1,1,1,duration=0.031
23.123295382074758,service_start,,,66,5,1,1,1,service_time_sampled=0.046
23.1696527373398,service_end,,,66,5,1,1,1,duration=0.046
23.1696527373398,service_start,,,67,4,1,1,1,service_time_sampled=0.121
23.29098732162464,service_end,,,67,4,1,1,1,duration=0.121
23.29098732162464,service_start,,,68,3,1,1,1,service_time_sampled=0.132
23.42251205420882,service_end,,,68,3,1,1,1,duration=0.132
23.42251205420882,service_start,,,69,2,1,1,1,service_time_sampled=0.173
23.59517495401845,service_end,,,69,2,1,1,1,duration=0.173
23.59517495401845,service_start,,,70,1,1,1,1,service_time_sampled=0.105
23.700152936476837,service_end,,,70,1,1,1,1,duration=0.105
23.700152936476837,service_start,,,71,0,1,1,1,service_time_sampled=0.051
23.75091248512247,service_end,,,71,0,1,1,1,duration=0.051
26.0,landing_end,3,2,,0,1,1,1,pad_q=1
33.0,plane_arrive,4,1,,0,1,1,1,air_q=1
33.0,unload_end,3,2,,0,1,1,1,
33.0,passengers_spawned,3,2,,0,1,1,1,count=45
33.0,passenger_queue_arrival,,,72,1,1,1,1,
33.0,passenger_queue_arrival,,,73,2,1,1,1,
33.0,passenger_queue_arrival,,,74,3,1,1,1,
33.0,passenger_queue_arrival,,,75,4,1,1,1,
33.0,passenger_queue_arrival,,,76,5,1,1,1,
33.0,passenger_queue_arrival,,,77,6,1,1,1,
33.0,passenger_queue_arrival,,,78,7,1,1,1,
33.0,passenger_queue_arrival,,,79,8,1,1,1,
33.0,passenger_queue_arrival,,,80,9,1,1,1,
33.0,passenger_queue_arrival,,,81,10,1,1,1,
33.0,passenger_queue_arrival,,,82,11,1,1,1,
33.0,passenger_queue_arrival,,,83,12,1,1,1,
33.0,passenger_queue_arrival,,,84,13,1,1,1,
33.0,passenger_queue_arrival,,,85,14,1,1,1,
33.0,passenger_queue_arrival,,,86,15,1,1,1,
33.0,passenger_queue_arrival,,,87,16,1,1,1,
33.0,passenger_queue_arrival,,,88,17,1,1,1,
33.0,passenger_queue_arrival,,,89,18,1,1,1,
33.0,passenger_queue_arrival,,,90,19,1,1,1,
33.0,passenger_queue_arrival,,,91,20,1,1,1,
33.0,passenger_queue_arrival,,,92,21,1,1,1,
33.0,passenger_queue_arrival,,,93,22,1,1,1,
33.0,passenger_queue_arrival,,,94,23,1,1,1,
33.0,passenger_queue_arrival,,,95,24,1,1,1,
33.0,passenger_queue_arrival,,,96,25,1,1,1,
33.0,passenger_queue_arrival,,,97,26,1,1,1,
33.0,passenger_queue_arrival,,,98,27,1,1,1,
33.0,passenger_queue_arrival,,,99,28,1,1,1,
33.0,passenger_queue_arrival,,,100,29,1,1,1,
33.0,passenger_queue_arrival,,,101,30,1,1,1,
33.0,passenger_queue_arrival,,,102,31,1,1,1,
33.0,passenger_queue_arrival,,,103,32,1,1,1,
33.0,passenger_queue_arrival,,,104,33,1,1,1,
33.0,passenger_queue_arrival,,,105,34,1,1,1,
33.0,passenger_queue_arrival,,,106,35,1,1,1,
33.0,passenger_queue_arrival,,,107,36,1,1,1,
33.0,passenger_queue_arrival,,,108,37,1,1,1,
33.0,passenger_queue_arrival,,,109,38,1,1,1,
33.0,passenger_queue_arrival,,,110,39,1,1,1,
33.0,passenger_queue_arrival,,,111,40,1,1,1,
33.0,passenger_queue_arrival,,,112,41,1,1,1,
33.0,passenger_queue_arrival,,,113,42,1,1,1,
33.0,passenger_queue_arrival,,,114,43,1,1,1,
33.0,passenger_queue_arrival,,,115,44,1,1,1,
33.0,passenger_queue_arrival,,,116,45,1,1,1,
33.0,landing_start,4,1,,45,1,1,1,landing_time=3
33.0,service_start,,,72,44,1,1,1,service_time_sampled=0.027
33.0267773662548,service_end,,,72,44,1,1,1,duration=0.027
33.0267773662548,service_start,,,73,43,1,1,1,service_time_sampled=0.093
33.119906977025934,service_end,,,73,43,1,1,1,duration=0.093
33.119906977025934,service_start,,,74,42,1,1,1,service_time_sampled=0.159
33.27907515450082,service_end,,,74,42,1,1,1,duration=0.159
33.27907515450082,service_start,,,75,41,1,1,1,service_time_sampled=0.029
33.30840534089982,service_end,,,75,41,1,1,1,duration=0.029
33.30840534089982,service_start,,,76,40,1,1,1,service_time_sampled=0.062
33.37016062981537,service_end,,,76,40,1,1,1,duration=0.062
33.37016062981537,service_start,,,77,39,1,1,1,service_time_sampled=0.344
33.714586360771484,service_end,,,77,39,1,1,1,duration=0.344
33.714586360771484,service_start,,,78,38,1,1,1,service_time_sampled=0.064
33.77856660243336,service_end,,,78,38,1,1,1,duration=0.064
33.77856660243336,service_start,,,79,37,1,1,1,service_time_sampled=0.156
33.93469181449919,service_end,,,79,37,1,1,1,duration=0.156
33.93469181449919,service_start,,,80,36,1,1,1,service_time_sampled=0.120
34.055142251876354,service_end,,,80,36,1,1,1,duration=0.120
34.055142251876354,service_start,,,81,35,1,1,1,service_time_sampled=0.135
34.189895805152084,service_end,,,81,35,1,1,1,duration=0.135
34.189895805152084,service_start,,,82,34,1,1,1,service_time_sampled=0.081
34.27084847060901,service_end,,,82,34,1,1,1,duration=0.081
34.27084847060901,service_start,,,83,33,1,1,1,service_time_sampled=0.098
34.36930483647882,service_end,,,83,33,1,1,1,duration=0.098
34.36930483647882,service_start,,,84,32,1,1,1,service_time_sampled=0.151
34.5201495618392,service_end,,,84,32,1,1,1,duration=0.151
34.5201495618392,service_start,,,85,31,1,1,1,service_time_sampled=0.022
34.542111564153,service_end,,,85,31,1,1,1,duration=0.022
34.542111564153,service_start,,,86,30,1,1,1,service_time_sampled=0.200
34.74251488273706,service_end,,,86,30,1,1,1,duration=0.200
34.74251488273706,service_start,,,87,29,1,1,1,service_time_sampled=0.258
35.00033911111459,service_end,,,87,29,1,1,1,duration=0.258
35.00033911111459,service_start,,,88,28,1,1,1,service_time_sampled=0.010
35.01033911111459,service_end,,,88,28,1,1,1,duration=0.010
35.01033911111459,service_start,,,89,27,1,1,1,service_time_sampled=0.028
35.03793895819268,service_end,,,89,27,1,1,1,duration=0.028
35.03793895819268,service_start,,,90,26,1,1,1,service_time_sampled=0.036
35.07369845522037,service_end,,,90,26,1,1,1,duration=0.036
35.07369845522037,service_start,,,91,25,1,1,1,service_time_sampled=0.012
35.08608484913514,service_end,,,91,25,1,1,1,duration=0.012
35.08608484913514,service_start,,,92,24,1,1,1,service_time_sampled=0.019
35.104934691486505,service_end,,,92,24,1,1,1,duration=0.019
35.104934691486505,service_start,,,93,23,1,1,1,service_time_sampled=0.128
35.23314031217632,service_end,,,93,23,1,1,1,duration=0.128
35.23314031217632,service_start,,,94,22,1,1,1,service_time_sampled=0.016
35.2495477653918,service_end,,,94,22,1,1,1,duration=0.016
35.2495477653918,service_start,,,95,21,1,1,1,service_time_sampled=0.010
35.2595477653918,service_end,,,95,21,1,1,1,duration=0.010
35.2595477653918,service_start,,,96,20,1,1,1,service_time_sampled=0.364
35.62400524162134,service_end,,,96,20,1,1,1,duration=0.364
35.62400524162134,service_start,,,97,19,1,1,1,service_time_sampled=0.064
35.688280329044666,service_end,,,97,19,1,1,1,duration=0.064
35.688280329044666,service_start,,,98,18,1,1,1,service_time_sampled=0.097
35.78549022828048,service_end,,,98,18,1,1,1,duration=0.097
35.78549022828048,service_start,,,99,17,1,1,1,service_time_sampled=0.080
35.86582681613,service_end,,,99,17,1,1,1,duration=0.080
35.86582681613,service_start,,,100,16,1,1,1,service_time_sampled=0.053
35.91846235411212,service_end,,,100,16,1,1,1,duration=0.053
35.91846235411212,service_start,,,101,15,1,1,1,service_time_sampled=0.076
35.994154297689796,service_end,,,101,15,1,1,1,duration=0.076
35.994154297689796,service_start,,,102,14,1,1,1,service_time_sampled=0.027
36.0,landing_end,4,1,,14,1,1,1,pad_q=1
36.021144658356945,service_end,,,102,14,1,1,1,duration=0.027
36.021144658356945,service_start,,,103,13,1,1,1,service_time_sampled=0.108
36.129503957579566,service_end,,,103,13,1,1,1,duration=0.108
36.129503957579566,service_start,,,104,12,1,1,1,service_time_sampled=0.036
36.165667444119826,service_end,,,104,12,1,1,1,duration=0.036
36.165667444119826,service_start,,,105,11,1,1,1,service_time_sampled=0.020
36.185297537993804,service_end,,,105,11,1,1,1,duration=0.020
36.185297537993804,service_start,,,106,10,1,1,1,service_time_sampled=0.029
36.21455429780969,service_end,,,106,10,1,1,1,duration=0.029
36.21455429780969,service_start,,,107,9,1,1,1,service_time_sampled=0.067
36.281086153387875,service_end,,,107,9,1,1,1,duration=0.067
36.281086153387875,service_start,,,108,8,1,1,1,service_time_sampled=0.333
36.61412173344162,service_end,,,108,8,1,1,1,duration=0.333
36.61412173344162,service_start,,,109,7,1,1,1,service_time_sampled=0.114
36.7279963610281,service_end,,,109,7,1,1,1,duration=0.114
36.7279963610281,service_start,,,110,6,1,1,1,service_time_sampled=0.494
37.221882220657655,service_end,,,110,6,1,1,1,duration=0.494
37.221882220657655,service_start,,,111,5,1,1,1,service_time_sampled=0.064
37.285899165210196,service_end,,,111,5,1,1,1,duration=0.064
37.285899165210196,service_start,,,112,4,1,1,1,service_time_sampled=0.038
37.32361725443443,service_end,,,112,4,1,1,1,duration=0.038
37.32361725443443,service_start,,,113,3,1,1,1,service_time_sampled=0.155
37.47864193261892,service_end,,,113,3,1,1,1,duration=0.155
37.47864193261892,service_start,,,114,2,1,1,1,service_time_sampled=0.026
37.505056023418064,service_end,,,114,2,1,1,1,duration=0.026
37.505056023418064,service_start,,,115,1,1,1,1,service_time_sampled=0.781
38.285937606518154,service_end,,,115,1,1,1,1,duration=0.781
38.285937606518154,service_start,,,116,0,1,1,1,service_time_sampled=0.062
38.34783579382015,service_end,,,116,0,1,1,1,duration=0.062
43.0,unload_end,4,1,,0,1,1,1,
43.0,passengers_spawned,4,1,,0,1,1,1,count=24
43.0,passenger_queue_arrival,,,117,1,1,1,1,
43.0,passenger_queue_arrival,,,118,2,1,1,1,
43.0,passenger_queue_arrival,,,119,3,1,1,1,
43.0,passenger_queue_arrival,,,120,4,1,1,1,
43.0,passenger_queue_arrival,,,121,5,1,1,1,
43.0,passenger_queue_arrival,,,122,6,1,1,1,
43.0,passenger_queue_arrival,,,123,7,1,1,1,
43.0,passenger_queue_arrival,,,124,8,1,1,1,
43.0,passenger_queue_arrival,,,125,9,1,1,1,
43.0,passenger_queue_arrival,,,126,10,1,1,1,
43.0,passenger_queue_arrival,,,127,11,1,1,1,
43.0,passenger_queue_arrival,,,128,12,1,1,1,
43.0,passenger_queue_arrival,,,129,13,1,1,1,
43.0,passenger_queue_arrival,,,130,14,1,1,1,
43.0,passenger_queue_arrival,,,131,15,1,1,1,
43.0,passenger_queue_arrival,,,132,16,1,1,1,
43.0,passenger_queue_arrival,,,133,17,1,1,1,
43.0,passenger_queue_arrival,,,134,18,1,1,1,
43.0,passenger_queue_arrival,,,135,19,1,1,1,
43.0,passenger_queue_arrival,,,136,20,1,1,1,
43.0,passenger_queue_arrival,,,137,21,1,1,1,
43.0,passenger_queue_arrival,,,138,22,1,1,1,
43.0,passenger_queue_arrival,,,139,23,1,1,1,
43.0,passenger_queue_arrival,,,140,24,1,1,1,
43.0,service_start,,,117,23,1,1,1,service_time_sampled=0.010
43.01,service_end,,,117,23,1,1,1,duration=0.010
43.01,service_start,,,118,22,1,1,1,service_time_sampled=0.199
43.20898046806849,service_end,,,118,22,1,1,1,duration=0.199
43.20898046806849,service_start,,,119,21,1,1,1,service_time_sampled=0.010
43.21898046806849,service_end,,,119,21,1,1,1,duration=0.010
43.21898046806849,service_start,,,120,20,1,1,1,service_time_sampled=0.010
43.228980468068485,service_end,,,120,20,1,1,1,duration=0.010
43.228980468068485,service_start,,,121,19,1,1,1,service_time_sampled=0.216
43.44518982632741,service_end,,,121,19,1,1,1,duration=0.216
43.44518982632741,service_start,,,122,18,1,1,1,service_time_sampled=0.044
43.48879907564671,service_end,,,122,18,1,1,1,duration=0.044
43.48879907564671,service_start,,,123,17,1,1,1,service_time_sampled=0.064
43.55320662594901,service_end,,,123,17,1,1,1,duration=0.064
43.55320662594901,service_start,,,124,16,1,1,1,service_time_sampled=0.133
43.68575749540243,service_end,,,124,16,1,1,1,duration=0.133
43.68575749540243,service_start,,,125,15,1,1,1,service_time_sampled=0.031
43.71676227754729,service_end,,,125,15,1,1,1,duration=0.031
43.71676227754729,service_start,,,126,14,1,1,1,service_time_sampled=0.129
43.845897744619194,service_end,,,126,14,1,1,1,duration=0.129
43.845897744619194,service_start,,,127,13,1,1,1,service_time_sampled=0.162
44.00746226792682,service_end,,,127,13,1,1,1,duration=0.162
44.00746226792682,service_start,,,128,12,1,1,1,service_time_sampled=0.010
44.01746226792682,service_end,,,128,12,1,1,1,duration=0.010
44.01746226792682,service_start,,,129,11,1,1,1,service_time_sampled=0.011
44.02881731695925,service_end,,,129,11,1,1,1,duration=0.011
44.02881731695925,service_start,,,130,10,1,1,1,service_time_sampled=0.110
44.13880210439527,service_end,,,130,10,1,1,1,duration=0.110
44.13880210439527,service_start,,,131,9,1,1,1,service_time_sampled=0.049
44.18775475038115,service_end,,,131,9,1,1,1,duration=0.049
44.18775475038115,service_start,,,132,8,1,1,1,service_time_sampled=0.277
44.46473071143407,service_end,,,132,8,1,1,1,duration=0.277
44.46473071143407,service_start,,,133,7,1,1,1,service_time_sampled=0.010
44.47473071143407,service_end,,,133,7,1,1,1,duration=0.010
44.47473071143407,service_start,,,134,6,1,1,1,service_time_sampled=0.184
44.65864608452866,service_end,,,134,6,1,1,1,duration=0.184
44.65864608452866,service_start,,,135,5,1,1,1,service_time_sampled=0.293
44.95211764261619,service_end,,,135,5,1,1,1,duration=0.293
44.95211764261619,service_start,,,136,4,1,1,1,service_time_sampled=0.011
44.96304933997096,service_end,,,136,4,1,1,1,duration=0.011
44.96304933997096,service_start,,,137,3,1,1,1,service_time_sampled=0.148
45.0,plane_arrive,5,2,,3,1,1,1,air_q=1
45.0,landing_start,5,2,,3,1,1,1,landing_time=3
45.11066574259218,service_end,,,137,3,1,1,1,duration=0.148
45.11066574259218,service_start,,,138,2,1,1,1,service_time_sampled=0.149
45.25991573198223,service_end,,,138,2,1,1,1,duration=0.149
45.25991573198223,service_start,,,139,1,1,1,1,service_time_sampled=0.143
45.40327560643091,service_end,,,139,1,1,1,1,duration=0.143
45.40327560643091,service_start,,,140,0,1,1,1,service_time_sampled=0.010
45.41327560643091,service_end,,,140,0,1,1,1,duration=0.010
47.0,plane_arrive,6,2,,0,1,1,1,air_q=1
48.0,landing_end,5,2,,0,1,1,1,pad_q=1
48.546844529287014,failure,,,,,0,1,0,element=scanner
55.0,plane_arrive,7,1,,0,0,1,0,air_q=2
55.0,unload_end,5,2,,0,0,1,0,
55.0,passengers_spawned,5,2,,0,0,1,0,count=44
55.0,passenger_queue_arrival,,,141,1,0,1,0,
55.0,passenger_queue_arrival,,,142,2,0,1,0,
55.0,passenger_queue_arrival,,,143,3,0,1,0,
55.0,passenger_queue_arrival,,,144,4,0,1,0,
55.0,passenger_queue_arrival,,,145,5,0,1,0,
55.0,passenger_queue_arrival,,,146,6,0,1,0,
55.0,passenger_queue_arrival,,,147,7,0,1,0,
55.0,passenger_queue_arrival,,,148,8,0,1,0,
55.0,passenger_queue_arrival,,,149,9,0,1,0,
55.0,passenger_queue_arrival,,,150,10,0,1,0,
55.0,passenger_queue_arrival,,,151,11,0,1,0,
55.0,passenger_queue_arrival,,,152,12,0,1,0,
55.0,passenger_queue_arrival,,,153,13,0,1,0,
55.0,passenger_queue_arrival,,,154,14,0,1,0,
55.0,passenger_queue_arrival,,,155,15,0,1,0,
55.0,passenger_queue_arrival,,,156,16,0,1,0,
55.0,passenger_queue_arrival,,,157,17,0,1,0,
55.0,passenger_queue_arrival,,,158,18,0,1,0,
55.0,passenger_queue_arrival,,,159,19,0,1,0,
55.0,passenger_queue_arrival,,,160,20,0,1,0,
55.0,passenger_queue_arrival,,,161,21,0,1,0,
55.0,passenger_queue_arrival,,,162,22,0,1,0,
55.0,passenger_queue_arrival,,,163,23,0,1,0,
55.0,passenger_queue_arrival,,,164,24,0,1,0,
55.0,passenger_queue_arrival,,,165,25,0,1,0,
55.0,passenger_queue_arrival,,,166,26,0,1,0,
55.0,passenger_queue_arrival,,,167,27,0,1,0,
55.0,passenger_queue_arrival,,,168,28,0,1,0,
55.0,passenger_queue_arrival,,,169,29,0,1,0,
55.0,passenger_queue_arrival,,,170,30,0,1,0,
55.0,passenger_queue_arrival,,,171,31,0,1,0,
55.0,passenger_queue_arrival,,,172,32,0,1,0,
55.0,passenger_queue_arrival,,,173,33,0,1,0,
55.0,passenger_queue_arrival,,,174,34,0,1,0,
55.0,passenger_queue_arrival,,,175,35,0,1,0,
55.0,passenger_queue_arrival,,,176,36,0,1,0,
55.0,passenger_queue_arrival,,,177,37,0,1,0,
55.0,passenger_queue_arrival,,,178,38,0,1,0,
55.0,passenger_queue_arrival,,,179,39,0,1,0,
55.0,passenger_queue_arrival,,,180,40,0,1,0,
55.0,passenger_queue_arrival,,,181,41,0,1,0,
55.0,passenger_queue_arrival,,,182,42,0,1,0,
55.0,passenger_queue_arrival,,,183,43,0,1,0,
55.0,passenger_queue_arrival,,,184,44,0,1,0,
55.0,landing_start,6,2,,44,0,1,0,landing_time=3
55.0,service_start,,,141,43,0,1,0,service_time_sampled=0.030
55.1244945806364,repair,,,,,1,1,1,"element=scanner, repair_time=6.578"
55.2298738141884,service_end,,,141,43,1,1,1,duration=0.230
55.2298738141884,service_start,,,142,42,1,1,1,service_time_sampled=0.231
55.460872443167176,service_end,,,142,42,1,1,1,duration=0.231
55.460872443167176,service_start,,,143,41,1,1,1,service_time_sampled=0.100
55.560574613119485,service_end,,,143,41,1,1,1,duration=0.100
55.560574613119485,service_start,,,144,40,1,1,1,service_time_sampled=0.039
55.60004949376677,service_end,,,144,40,1,1,1,duration=0.039
55.60004949376677,service_start,,,145,39,1,1,1,service_time_sampled=0.123
55.72279317915482,service_end,,,145,39,1,1,1,duration=0.123
55.72279317915482,service_start,,,146,38,1,1,1,service_time_sampled=0.125
55.8480773205327,service_end,,,146,38,1,1,1,duration=0.125
55.8480773205327,service_start,,,147,37,1,1,1,service_time_sampled=0.018
55.86635919716689,service_end,,,147,37,1,1,1,duration=0.018
55.86635919716689,service_start,,,148,36,1,1,1,service_time_sampled=0.110
55.97617371128453,service_end,,,148,36,1,1,1,duration=0.110
55.97617371128453,service_start,,,149,35,1,1,1,service_time_sampled=0.110
56.085924236494265,service_end,,,149,35,1,1,1,duration=0.110
56.085924236494265,service_start,,,150,34,1,1,1,service_time_sampled=0.015
56.10063783413715,service_end,,,150,34,1,1,1,duration=0.015
56.10063783413715,service_start,,,151,33,1,1,1,service_time_sampled=0.045
56.14536448768898,service_end,,,151,33,1,1,1,duration=0.045
56.14536448768898,service_start,,,152,32,1,1,1,service_time_sampled=0.249
56.39401168959435,service_end,,,152,32,1,1,1,duration=0.249
56.39401168959435,service_start,,,153,31,1,1,1,service_time_sampled=0.108
56.50216432893019,service_end,,,153,31,1,1,1,duration=0.108
56.50216432893019,service_start,,,154,30,1,1,1,service_time_sampled=0.032
56.533717523818346,service_end,,,154,30,1,1,1,duration=0.032
56.533717523818346,service_start,,,155,29,1,1,1,service_time_sampled=0.063
56.596229250781576,service_end,,,155,29,1,1,1,duration=0.063
56.596229250781576,service_start,,,156,28,1,1,1,service_time_sampled=0.077
56.672881268067826,service_end,,,156,28,1,1,1,duration=0.077
56.672881268067826,service_start,,,157,27,1,1,1,service_time_sampled=0.154
56.82687073519286,service_end,,,157,27,1,1,1,duration=0.154
56.82687073519286,service_start,,,158,26,1,1,1,service_time_sampled=0.246
57.07330072476631,service_end,,,158,26,1,1,1,duration=0.246
57.07330072476631,service_start,,,159,25,1,1,1,service_time_sampled=0.011
57.08473878054767,service_end,,,159,25,1,1,1,duration=0.011
57.08473878054767,service_start,,,160,24,1,1,1,service_time_sampled=0.010
57.094738780547665,service_end,,,160,24,1,1,1,duration=0.010
57.094738780547665,service_start,,,161,23,1,1,1,service_time_sampled=0.073
57.16755886477957,service_end,,,161,23,1,1,1,duration=0.073
57.16755886477957,service_start,,,162,22,1,1,1,service_time_sampled=0.010
57.17755886477957,service_end,,,162,22,1,1,1,duration=0.010
57.17755886477957,service_start,,,163,21,1,1,1,service_time_sampled=0.021
57.198509538963776,service_end,,,163,21,1,1,1,duration=0.021
57.198509538963776,service_start,,,164,20,1,1,1,service_time_sampled=0.014
57.21254673270192,service_end,,,164,20,1,1,1,duration=0.014
57.21254673270192,service_start,,,165,19,1,1,1,service_time_sampled=0.012
57.22413129272812,service_end,,,165,19,1,1,1,duration=0.012
57.22413129272812,service_start,,,166,18,1,1,1,service_time_sampled=0.123
57.346840190063205,service_end,,,166,18,1,1,1,duration=0.123
57.346840190063205,service_start,,,167,17,1,1,1,service_time_sampled=0.013
57.35938259601389,service_end,,,167,17,1,1,1,duration=0.013
57.35938259601389,service_start,,,168,16,1,1,1,service_time_sampled=0.105
57.46391175783528,service_end,,,168,16,1,1,1,duration=0.105
57.46391175783528,service_start,,,169,15,1,1,1,service_time_sampled=0.423
57.88713104089741,service_end,,,169,15,1,1,1,duration=0.423
57.88713104089741,service_start,,,170,14,1,1,1,service_time_sampled=0.019
57.90605192995954,service_end,,,170,14,1,1,1,duration=0.019
57.90605192995954,service_start,,,171,13,1,1,1,service_time_sampled=0.178
58.0,landing_end,6,2,,13,1,1,1,pad_q=1
58.083909489036,service_end,,,171,13,1,1,1,duration=0.178
58.083909489036,service_start,,,172,12,1,1,1,service_time_sampled=0.110
58.193604087654066,service_end,,,172,12,1,1,1,duration=0.110
58.193604087654066,service_start,,,173,11,1,1,1,service_time_sampled=0.023
58.216925761044756,service_end,,,173,11,1,1,1,duration=0.023
58.216925761044756,service_start,,,174,10,1,1,1,service_time_sampled=0.374
58.591013853151026,service_end,,,174,10,1,1,1,duration=0.374
58.591013853151026,service_start,,,175,9,1,1,1,service_time_sampled=0.167
58.757822266424455,service_end,,,175,9,1,1,1,duration=0.167
58.757822266424455,service_start,,,176,8,1,1,1,service_time_sampled=0.060
58.81746035649838,service_end,,,176,8,1,1,1,duration=0.060
58.81746035649838,service_start,,,177,7,1,1,1,service_time_sampled=0.274
59.09156615541157,service_end,,,177,7,1,1,1,duration=0.274
59.09156615541157,service_start,,,178,6,1,1,1,service_time_sampled=0.014
59.10531205830423,service_end,,,178,6,1,1,1,duration=0.014
59.10531205830423,service_start,,,179,5,1,1,1,service_time_sampled=0.224
59.329571339177484,service_end,,,179,5,1,1,1,duration=0.224
59.329571339177484,service_start,,,180,4,1,1,1,service_time_sampled=0.231
59.560574541967846,service_end,,,180,4,1,1,1,duration=0.231
59.560574541967846,service_start,,,181,3,1,1,1,service_time_sampled=0.015
59.575987371300556,service_end,,,181,3,1,1,1,duration=0.015
59.575987371300556,service_start,,,182,2,1,1,1,service_time_sampled=0.309
59.884663242831444,service_end,,,182,2,1,1,1,duration=0.309
59.884663242831444,service_start,,,183,1,1,1,1,service_time_sampled=0.192
60.0,plane_arrive,8,2,,1,1,1,1,air_q=2
60.076237097134175,service_end,,,183,1,1,1,1,duration=0.192
60.076237097134175,service_start,,,184,0,1,1,1,service_time_sampled=0.183
60.2593279357612,service_end,,,184,0,1,1,1,duration=0.183
63.0,plane_arrive,9,2,,0,1,1,1,air_q=3
65.0,unload_end,6,2,,0,1,1,1,
65.0,passengers_spawned,6,2,,0,1,1,1,count=30
65.0,passenger_queue_arrival,,,185,1,1,1,1,
65.0,passenger_queue_arrival,,,186,2,1,1,1,
65.0,passenger_queue_arrival,,,187,3,1,1,1,
65.0,passenger_queue_arrival,,,188,4,1,1,1,
65.0,passenger_queue_arrival,,,189,5,1,1,1,
65.0,passenger_queue_arrival,,,190,6,1,1,1,
65.0,passenger_queue_arrival,,,191,7,1,1,1,
65.0,passenger_queue_arrival,,,192,8,1,1,1,
65.0,passenger_queue_arrival,,,193,9,1,1,1,
65.0,passenger_queue_arrival,,,194,10,1,1,1,
65.0,passenger_queue_arrival,,,195,11,1,1,1,
65.0,passenger_queue_arrival,,,196,12,1,1,1,
65.0,passenger_queue_arrival,,,197,13,1,1,1,
65.0,passenger_queue_arrival,,,198,14,1,1,1,
65.0,passenger_queue_arrival,,,199,15,1,1,1,
65.0,passenger_queue_arrival,,,200,16,1,1,1,
65.0,passenger_queue_arrival,,,201,17,1,1,1,
65.0,passenger_queue_arrival,,,202,18,1,1,1,
65.0,passenger_queue_arrival,,,203,19,1,1,1,
65.0,passenger_queue_arrival,,,204,20,1,1,1,
65.0,passenger_queue_arrival,,,205,21,1,1,1,
65.0,passenger_queue_arrival,,,206,22,1,1,1,
65.0,passenger_queue_arrival,,,207,23,1,1,1,
65.0,passenger_queue_arrival,,,208,24,1,1,1,
65.0,passenger_queue_arrival,,,209,25,1,1,1,
65.0,passenger_queue_arrival,,,210,26,1,1,1,
65.0,passenger_queue_arrival,,,211,27,1,1,1,
65.0,passenger_queue_arrival,,,212,28,1,1,1,
65.0,passenger_queue_arrival,,,213,29,1,1,1,
65.0,passenger_queue_arrival,,,214,30,1,1,1,
65.0,landing_start,7,1,,30,1,1,1,landing_time=3
65.0,service_start,,,185,29,1,1,1,service_time_sampled=0.032
65.03183403282155,service_end,,,185,29,1,1,1,duration=0.032
65.03183403282155,service_start,,,186,28,1,1,1,service_time_sampled=0.015
65.0468219109339,service_end,,,186,28,1,1,1,duration=0.015
65.0468219109339,service_start,,,187,27,1,1,1,service_time_sampled=0.012
65.05846348881742,service_end,,,187,27,1,1,1,duration=0.012
65.05846348881742,service_start,,,188,26,1,1,1,service_time_sampled=0.079
65.13768394819928,service_end,,,188,26,1,1,1,duration=0.079
65.13768394819928,service_start,,,189,25,1,1,1,service_time_sampled=0.271
65.40862597996419,service_end,,,189,25,1,1,1,duration=0.271
65.40862597996419,service_start,,,190,24,1,1,1,service_time_sampled=0.167
65.5757569535297,service_end,,,190,24,1,1,1,duration=0.167
65.5757569535297,service_start,,,191,23,1,1,1,service_time_sampled=0.054
65.62962995583399,service_end,,,191,23,1,1,1,duration=0.054
65.62962995583399,service_start,,,192,22,1,1,1,service_time_sampled=0.081
65.7107623024988,service_end,,,192,22,1,1,1,duration=0.081
65.7107623024988,service_start,,,193,21,1,1,1,service_time_sampled=0.085
65.79552353978895,service_end,,,193,21,1,1,1,duration=0.085
65.79552353978895,service_start,,,194,20,1,1,1,service_time_sampled=0.388
66.0,plane_arrive,10,3,,20,1,1,1,air_q=3
66.18395710555411,service_end,,,194,20,1,1,1,duration=0.388
66.18395710555411,service_start,,,195,19,1,1,1,service_time_sampled=0.111
66.29483705180982,service_end,,,195,19,1,1,1,duration=0.111
66.29483705180982,service_start,,,196,18,1,1,1,service_time_sampled=0.010
66.30483705180983,service_end,,,196,18,1,1,1,duration=0.010
66.30483705180983,service_start,,,197,17,1,1,1,service_time_sampled=0.093
66.39797966129977,service_end,,,197,17,1,1,1,duration=0.093
66.39797966129977,service_start,,,198,16,1,1,1,service_time_sampled=0.412
66.81003331484764,service_end,,,198,16,1,1,1,duration=0.412
66.81003331484764,service_start,,,199,15,1,1,1,service_time_sampled=0.182
66.99214659796797,service_end,,,199,15,1,1,1,duration=0.182
66.99214659796797,service_start,,,200,14,1,1,1,service_time_sampled=0.146
67.13794857262756,service_end,,,200,14,1,1,1,duration=0.146
67.13794857262756,service_start,,,201,13,1,1,1,service_time_sampled=0.010
67.14794857262757,service_end,,,201,13,1,1,1,duration=0.010
67.14794857262757,service_start,,,202,12,1,1,1,service_time_sampled=0.108
67.25589344498957,service_end,,,202,12,1,1,1,duration=0.108
67.25589344498957,service_start,,,203,11,1,1,1,service_time_sampled=0.033
67.28899880172352,service_end,,,203,11,1,1,1,duration=0.033
67.28899880172352,service_start,,,204,10,1,1,1,service_time_sampled=0.538
67.82728248438346,service_end,,,204,10,1,1,1,duration=0.538
67.82728248438346,service_start,,,205,9,1,1,1,service_time_sampled=0.010
67.83728248438346,service_end,,,205,9,1,1,1,duration=0.010
67.83728248438346,service_start,,,206,8,1,1,1,service_time_sampled=0.031
67.86878096767843,service_end,,,206,8,1,1,1,duration=0.031
67.86878096767843,service_start,,,207,7,1,1,1,service_time_sampled=0.265
68.0,landing_end,7,1,,7,1,1,1,pad_q=1
68.13377896423316,service_end,,,207,7,1,1,1,duration=0.265
68.13377896423316,service_start,,,208,6,1,1,1,service_time_sampled=0.016
68.1497727141198,service_end,,,208,6,1,1,1,duration=0.016
68.1497727141198,service_start,,,209,5,1,1,1,service_time_sampled=0.045
68.19436714439816,service_end,,,209,5,1,1,1,duration=0.045
68.19436714439816,service_start,,,210,4,1,1,1,service_time_sampled=0.046
68.24010031819778,service_end,,,210,4,1,1,1,duration=0.046
68.24010031819778,service_start,,,211,3,1,1,1,service_time_sampled=0.267
68.50685799476369,service_end,,,211,3,1,1,1,duration=0.267
68.50685799476369,service_start,,,212,2,1,1,1,service_time_sampled=0.149
68.65579202845028,service_end,,,212,2,1,1,1,duration=0.149
68.65579202845028,service_start,,,213,1,1,1,1,service_time_sampled=0.340
68.99543218193513,service_end,,,213,1,1,1,1,duration=0.340
68.99543218193513,service_start,,,214,0,1,1,1,service_time_sampled=0.027
69.02208077840857,service_end,,,214,0,1,1,1,duration=0.027
69.16661069709977,failure,,,,,0,1,0,element=scanner
75.0,unload_end,7,1,,0,0,1,0,
75.0,passengers_spawned,7,1,,0,0,1,0,count=30
75.0,passenger_queue_arrival,,,215,1,0,1,0,
75.0,passenger_queue_arrival,,,216,2,0,1,0,
75.0,passenger_queue_arrival,,,217,3,0,1,0,
75.0,passenger_queue_arrival,,,218,4,0,1,0,
75.0,passenger_queue_arrival,,,219,5,0,1,0,
75.0,passenger_queue_arrival,,,220,6,0,1,0,
75.0,passenger_queue_arrival,,,221,7,0,1,0,
75.0,passenger_queue_arrival,,,222,8,0,1,0,
75.0,passenger_queue_arrival,,,223,9,0,1,0,
75.0,passenger_queue_arrival,,,224,10,0,1,0,
75.0,passenger_queue_arrival,,,225,11,0,1,0,
75.0,passenger_queue_arrival,,,226,12,0,1,0,
75.0,passenger_queue_arrival,,,227,13,0,1,0,
75.0,passenger_queue_arrival,,,228,14,0,1,0,
75.0,passenger_queue_arrival,,,229,15,0,1,0,
75.0,passenger_queue_arrival,,,230,16,0,1,0,
75.0,passenger_queue_arrival,,,231,17,0,1,0,
75.0,passenger_queue_arrival,,,232,18,0,1,0,
75.0,passenger_queue_arrival,,,233,19,0,1,0,
75.0,passenger_queue_arrival,,,234,20,0,1,0,
75.0,passenger_queue_arrival,,,235,21,0,1,0,
75.0,passenger_queue_arrival,,,236,22,0,1,0,
75.0,passenger_queue_arrival,,,237,23,0,1,0,
75.0,passenger_queue_arrival,,,238,24,0,1,0,
75.0,passenger_queue_arrival,,,239,25,0,1,0,
75.0,passenger_queue_arrival,,,240,26,0,1,0,
75.0,passenger_queue_arrival,,,241,27,0,1,0,
75.0,passenger_queue_arrival,,,242,28,0,1,0,
75.0,passenger_queue_arrival,,,243,29,0,1,0,
75.0,passenger_queue_arrival,,,244,30,0,1,0,
75.0,landing_start,8,2,,30,0,1,0,landing_time=3
75.0,service_start,,,215,29,0,1,0,service_time_sampled=0.342
75.94617451938687,repair,,,,,1,1,1,"element=scanner, repair_time=6.780"
76.34189763981738,service_end,,,215,29,1,1,1,duration=1.342
76.34189763981738,service_start,,,216,28,1,1,1,service_time_sampled=0.011
76.35257866283062,service_end,,,216,28,1,1,1,duration=0.011
76.35257866283062,service_start,,,217,27,1,1,1,service_time_sampled=0.047
76.39988827055069,service_end,,,217,27,1,1,1,duration=0.047
76.39988827055069,service_start,,,218,26,1,1,1,service_time_sampled=0.028
76.42836256717534,service_end,,,218,26,1,1,1,duration=0.028
76.42836256717534,service_start,,,219,25,1,1,1,service_time_sampled=0.039
76.46731018969095,service_end,,,219,25,1,1,1,duration=0.039
76.46731018969095,service_start,,,220,24,1,1,1,service_time_sampled=0.137
76.60458628186318,service_end,,,220,24,1,1,1,duration=0.137
76.60458628186318,service_start,,,221,23,1,1,1,service_time_sampled=0.073
76.67788288579247,service_end,,,221,23,1,1,1,duration=0.073
76.67788288579247,service_start,,,222,22,1,1,1,service_time_sampled=0.177
76.85450409002179,service_end,,,222,22,1,1,1,duration=0.177
76.85450409002179,service_start,,,223,21,1,1,1,service_time_sampled=0.010
76.8645040900218,service_end,,,223,21,1,1,1,duration=0.010
76.8645040900218,service_start,,,224,20,1,1,1,service_time_sampled=0.299
77.16379377686974,service_end,,,224,20,1,1,1,duration=0.299
77.16379377686974,service_start,,,225,19,1,1,1,service_time_sampled=0.022
77.1859271298124,service_end,,,225,19,1,1,1,duration=0.022
77.1859271298124,service_start,,,226,18,1,1,1,service_time_sampled=0.170
77.3555954938195,service_end,,,226,18,1,1,1,duration=0.170
77.3555954938195,service_start,,,227,17,1,1,1,service_time_sampled=0.233
77.58813388638228,service_end,,,227,17,1,1,1,duration=0.233
77.58813388638228,service_start,,,228,16,1,1,1,service_time_sampled=0.010
77.59813388638229,service_end,,,228,16,1,1,1,duration=0.010
77.59813388638229,service_start,,,229,15,1,1,1,service_time_sampled=0.098
77.69584334814643,service_end,,,229,15,1,1,1,duration=0.098
77.69584334814643,service_start,,,230,14,1,1,1,service_time_sampled=0.461
78.0,landing_end,8,2,,14,1,1,1,pad_q=1
78.15718071265013,service_end,,,230,14,1,1,1,duration=0.461
78.15718071265013,service_start,,,231,13,1,1,1,service_time_sampled=0.010
78.16718071265014,service_end,,,231,13,1,1,1,duration=0.010
78.16718071265014,service_start,,,232,12,1,1,1,service_time_sampled=0.086
78.25311956292119,service_end,,,232,12,1,1,1,duration=0.086
78.25311956292119,service_start,,,233,11,1,1,1,service_time_sampled=0.069
78.32235612783103,service_end,,,233,11,1,1,1,duration=0.069
78.32235612783103,service_start,,,234,10,1,1,1,service_time_sampled=0.060
78.38241487481889,service_end,,,234,10,1,1,1,duration=0.060
78.38241487481889,service_start,,,235,9,1,1,1,service_time_sampled=0.027
78.40943532957927,service_end,,,235,9,1,1,1,duration=0.027
78.40943532957927,service_start,,,236,8,1,1,1,service_time_sampled=0.025
78.43429868318552,service_end,,,236,8,1,1,1,duration=0.025
78.43429868318552,service_start,,,237,7,1,1,1,service_time_sampled=0.039
78.47294748433171,service_end,,,237,7,1,1,1,duration=0.039
78.47294748433171,service_start,,,238,6,1,1,1,service_time_sampled=0.031
78.5036078307998,service_end,,,238,6,1,1,1,duration=0.031
78.5036078307998,service_start,,,239,5,1,1,1,service_time_sampled=0.044
78.54711214562985,service_end,,,239,5,1,1,1,duration=0.044
78.54711214562985,service_start,,,240,4,1,1,1,service_time_sampled=0.290
78.83724582427288,service_end,,,240,4,1,1,1,duration=0.290
78.83724582427288,service_start,,,241,3,1,1,1,service_time_sampled=0.372
79.20927038900066,service_end,,,241,3,1,1,1,duration=0.372
79.20927038900066,service_start,,,242,2,1,1,1,service_time_sampled=0.038
79.24687761964643,service_end,,,242,2,1,1,1,duration=0.038
79.24687761964643,service_start,,,243,1,1,1,1,service_time_sampled=0.010
79.25687761964643,service_end,,,243,1,1,1,1,duration=0.010
79.25687761964643,service_start,,,244,0,1,1,1,service_time_sampled=0.039
79.2955547566899,service_end,,,244,0,1,1,1,duration=0.039
85.0,unload_end,8,2,,0,1,1,1,
85.0,passengers_spawned,8,2,,0,1,1,1,count=35
85.0,passenger_queue_arrival,,,245,1,1,1,1,
85.0,passenger_queue_arrival,,,246,2,1,1,1,
85.0,passenger_queue_arrival,,,247,3,1,1,1,
85.0,passenger_queue_arrival,,,248,4,1,1,1,
85.0,passenger_queue_arrival,,,249,5,1,1,1,
85.0,passenger_queue_arrival,,,250,6,1,1,1,
85.0,passenger_queue_arrival,,,251,7,1,1,1,
85.0,passenger_queue_arrival,,,252,8,1,1,1,
85.0,passenger_queue_arrival,,,253,9,1,1,1,
85.0,passenger_queue_arrival,,,254,10,1,1,1,
85.0,passenger_queue_arrival,,,255,11,1,1,1,
85.0,passenger_queue_arrival,,,256,12,1,1,1,
85.0,passenger_queue_arrival,,,257,13,1,1,1,
85.0,passenger_queue_arrival,,,258,14,1,1,1,
85.0,passenger_queue_arrival,,,259,15,1,1,1,
85.0,passenger_queue_arrival,,,260,16,1,1,1,
85.0,passenger_queue_arrival,,,261,17,1,1,1,
85.0,passenger_queue_arrival,,,262,18,1,1,1,
85.0,passenger_queue_arrival,,,263,19,1,1,1,
85.0,passenger_queue_arrival,,,264,20,1,1,1,
85.0,passenger_queue_arrival,,,265,21,1,1,1,
85.0,passenger_queue_arrival,,,266,22,1,1,1,
85.0,passenger_queue_arrival,,,267,23,1,1,1,
85.0,passenger_queue_arrival,,,268,24,1,1,1,
85.0,passenger_queue_arrival,,,269,25,1,1,1,
85.0,passenger_queue_arrival,,,270,26,1,1,1,
85.0,passenger_queue_arrival,,,271,27,1,1,1,
85.0,passenger_queue_arrival,,,272,28,1,1,1,
85.0,passenger_queue_arrival,,,273,29,1,1,1,
85.0,passenger_queue_arrival,,,274,30,1,1,1,
85.0,passenger_queue_arrival,,,275,31,1,1,1,
85.0,passenger_queue_arrival,,,276,32,1,1,1,
85.0,passenger_queue_arrival,,,277,33,1,1,1,
85.0,passenger_queue_arrival,,,278,34,1,1,1,
85.0,passenger_queue_arrival,,,279,35,1,1,1,
85.0,landing_start,9,2,,35,1,1,1,landing_time=2
85.0,service_start,,,245,34,1,1,1,service_time_sampled=0.136
85.1355838221083,service_end,,,245,34,1,1,1,duration=0.136
85.1355838221083,service_start,,,246,33,1,1,1,service_time_sampled=0.012
85.14776421247721,service_end,,,246,33,1,1,1,duration=0.012
85.14776421247721,service_start,,,247,32,1,1,1,service_time_sampled=0.054
85.20207726358394,service_end,,,247,32,1,1,1,duration=0.054
85.20207726358394,service_start,,,248,31,1,1,1,service_time_sampled=0.023
85.2252945615328,service_end,,,248,31,1,1,1,duration=0.023
85.2252945615328,service_start,,,249,30,1,1,1,service_time_sampled=0.120
85.34507653439073,service_end,,,249,30,1,1,1,duration=0.120
85.34507653439073,service_start,,,250,29,1,1,1,service_time_sampled=0.058
85.40288232556995,service_end,,,250,29,1,1,1,duration=0.058
85.40288232556995,service_start,,,251,28,1,1,1,service_time_sampled=0.186
85.58869234846661,service_end,,,251,28,1,1,1,duration=0.186
85.58869234846661,service_start,,,252,27,1,1,1,service_time_sampled=0.091
85.67996678044717,service_end,,,252,27,1,1,1,duration=0.091
85.67996678044717,service_start,,,253,26,1,1,1,service_time_sampled=0.065
85.74460766073273,service_end,,,253,26,1,1,1,duration=0.065
85.74460766073273,service_start,,,254,25,1,1,1,service_time_sampled=0.010
85.75460766073273,service_end,,,254,25,1,1,1,duration=0.010
85.75460766073273,service_start,,,255,24,1,1,1,service_time_sampled=0.228
85.98260791081799,service_end,,,255,24,1,1,1,duration=0.228
85.98260791081799,service_start,,,256,23,1,1,1,service_time_sampled=0.010
85.992607910818,service_end,,,256,23,1,1,1,duration=0.010
85.992607910818,service_start,,,257,22,1,1,1,service_time_sampled=0.086
86.0,plane_arrive,11,1,,22,1,1,1,air_q=2
86.07897973675695,service_end,,,257,22,1,1,1,duration=0.086
86.07897973675695,service_start,,,258,21,1,1,1,service_time_sampled=0.055
86.13389451301383,service_end,,,258,21,1,1,1,duration=0.055
86.13389451301383,service_start,,,259,20,1,1,1,service_time_sampled=0.332
86.46601278590703,service_end,,,259,20,1,1,1,duration=0.332
86.46601278590703,service_start,,,260,19,1,1,1,service_time_sampled=0.037
86.50335288171327,service_end,,,260,19,1,1,1,duration=0.037
86.50335288171327,service_start,,,261,18,1,1,1,service_time_sampled=0.109
86.61224874905477,service_end,,,261,18,1,1,1,duration=0.109
86.61224874905477,service_start,,,262,17,1,1,1,service_time_sampled=0.107
86.71930243422659,service_end,,,262,17,1,1,1,duration=0.107
86.71930243422659,service_start,,,263,16,1,1,1,service_time_sampled=0.160
86.87885096182194,service_end,,,263,16,1,1,1,duration=0.160
86.87885096182194,service_start,,,264,15,1,1,1,service_time_sampled=0.043
86.9214127064061,service_end,,,264,15,1,1,1,duration=0.043
86.9214127064061,service_start,,,265,14,1,1,1,service_time_sampled=0.063
86.98478026614582,service_end,,,265,14,1,1,1,duration=0.063
86.98478026614582,service_start,,,266,13,1,1,1,service_time_sampled=0.049
87.0,landing_end,9,2,,13,1,1,1,pad_q=1
87.03382617350688,service_end,,,266,13,1,1,1,duration=0.049
87.03382617350688,service_start,,,267,12,1,1,1,service_time_sampled=0.314
87.34759089520023,service_end,,,267,12,1,1,1,duration=0.314
87.34759089520023,service_start,,,268,11,1,1,1,service_time_sampled=0.167
87.51498655104157,service_end,,,268,11,1,1,1,duration=0.167
87.51498655104157,service_start,,,269,10,1,1,1,service_time_sampled=0.052
87.56690733809373,service_end,,,269,10,1,1,1,duration=0.052
87.56690733809373,service_start,,,270,9,1,1,1,service_time_sampled=0.186
87.75270559577565,service_end,,,270,9,1,1,1,duration=0.186
87.75270559577565,service_start,,,271,8,1,1,1,service_time_sampled=0.120
87.87290931048176,service_end,,,271,8,1,1,1,duration=0.120
87.87290931048176,service_start,,,272,7,1,1,1,service_time_sampled=0.035
87.9083528061607,service_end,,,272,7,1,1,1,duration=0.035
87.9083528061607,service_start,,,273,6,1,1,1,service_time_sampled=0.086
87.99477079372234,service_end,,,273,6,1,1,1,duration=0.086
87.99477079372234,service_start,,,274,5,1,1,1,service_time_sampled=0.013
88.00761000710565,service_end,,,274,5,1,1,1,duration=0.013
88.00761000710565,service_start,,,275,4,1,1,1,service_time_sampled=0.030
88.03729911112282,service_end,,,275,4,1,1,1,duration=0.030
88.03729911112282,service_start,,,276,3,1,1,1,service_time_sampled=0.010
88.0473179746847,service_end,,,276,3,1,1,1,duration=0.010
88.0473179746847,service_start,,,277,2,1,1,1,service_time_sampled=0.011
88.05784230797948,service_end,,,277,2,1,1,1,duration=0.011
88.05784230797948,service_start,,,278,1,1,1,1,service_time_sampled=0.119
88.17731545790532,service_end,,,278,1,1,1,1,duration=0.119
88.17731545790532,service_start,,,279,0,1,1,1,service_time_sampled=0.221
88.39873080555475,service_end,,,279,0,1,1,1,duration=0.221
94.0,unload_end,9,2,,0,1,1,1,
94.0,passengers_spawned,9,2,,0,1,1,1,count=45
94.0,passenger_queue_arrival,,,280,1,1,1,1,
94.0,passenger_queue_arrival,,,281,2,1,1,1,
94.0,passenger_queue_arrival,,,282,3,1,1,1,
94.0,passenger_queue_arrival,,,283,4,1,1,1,
94.0,passenger_queue_arrival,,,284,5,1,1,1,
94.0,passenger_queue_arrival,,,285,6,1,1,1,
94.0,passenger_queue_arrival,,,286,7,1,1,1,
94.0,passenger_queue_arrival,,,287,8,1,1,1,
94.0,passenger_queue_arrival,,,288,9,1,1,1,
94.0,passenger_queue_arrival,,,289,10,1,1,1,
94.0,passenger_queue_arrival,,,290,11,1,1,1,
94.0,passenger_queue_arrival,,,291,12,1,1,1,
94.0,passenger_queue_arrival,,,292,13,1,1,1,
94.0,passenger_queue_arrival,,,293,14,1,1,1,
94.0,passenger_queue_arrival,,,294,15,1,1,1,
94.0,passenger_queue_arrival,,,295,16,1,1,1,
94.0,passenger_queue_arrival,,,296,17,1,1,1,
94.0,passenger_queue_arrival,,,297,18,1,1,1,
94.0,passenger_queue_arrival,,,298,19,1,1,1,
94.0,passenger_queue_arrival,,,299,20,1,1,1,
94.0,passenger_queue_arrival,,,300,21,1,1,1,
94.0,passenger_queue_arrival,,,301,22,1,1,1,
94.0,passenger_queue_arrival,,,302,23,1,1,1,
94.0,passenger_queue_arrival,,,303,24,1,1,1,
94.0,passenger_queue_arrival,,,304,25,1,1,1,
94.0,passenger_queue_arrival,,,305,26,1,1,1,
94.0,passenger_queue_arrival,,,306,27,1,1,1,
94.0,passenger_queue_arrival,,,307,28,1,1,1,
94.0,passenger_queue_arrival,,,308,29,1,1,1,
94.0,passenger_queue_arrival,,,309,30,1,1,1,
94.0,passenger_queue_arrival,,,310,31,1,1,1,
94.0,passenger_queue_arrival,,,311,32,1,1,1,
94.0,passenger_queue_arrival,,,312,33,1,1,1,
94.0,passenger_queue_arrival,,,313,34,1,1,1,
94.0,passenger_queue_arrival,,,314,35,1,1,1,
94.0,passenger_queue_arrival,,,315,36,1,1,1,
94.0,passenger_queue_arrival,,,316,37,1,1,1,
94.0,passenger_queue_arrival,,,317,38,1,1,1,
94.0,passenger_queue_arrival,,,318,39,1,1,1,
94.0,passenger_queue_arrival,,,319,40,1,1,1,
94.0,passenger_queue_arrival,,,320,41,1,1,1,
94.0,passenger_queue_arrival,,,321,42,1,1,1,
94.0,passenger_queue_arrival,,,322,43,1,1,1,
94.0,passenger_queue_arrival,,,323,44,1,1,1,
94.0,passenger_queue_arrival,,,324,45,1,1,1,
94.0,landing_start,10,3,,45,1,1,1,landing_time=4
94.0,service_start,,,280,44,1,1,1,service_time_sampled=0.031
94.03092368595894,service_end,,,280,44,1,1,1,duration=0.031
94.03092368595894,service_start,,,281,43,1,1,1,service_time_sampled=0.369
94.39991487074792,service_end,,,281,43,1,1,1,duration=0.369
94.39991487074792,service_start,,,282,42,1,1,1,service_time_sampled=0.051
94.45090732168765,service_end,,,282,42,1,1,1,duration=0.051
94.45090732168765,service_start,,,283,41,1,1,1,service_time_sampled=0.147
94.59785463587997,service_end,,,283,41,1,1,1,duration=0.147
94.59785463587997,service_start,,,284,40,1,1,1,service_time_sampled=0.113
94.71100045143251,service_end,,,284,40,1,1,1,duration=0.113
94.71100045143251,service_start,,,285,39,1,1,1,service_time_sampled=0.081
94.79182253277514,service_end,,,285,39,1,1,1,duration=0.081
94.79182253277514,service_start,,,286,38,1,1,1,service_time_sampled=0.146
94.93800220994926,service_end,,,286,38,1,1,1,duration=0.146
94.93800220994926,service_start,,,287,37,1,1,1,service_time_sampled=0.277
95.21489381816205,service_end,,,287,37,1,1,1,duration=0.277
95.21489381816205,service_start,,,288,36,1,1,1,service_time_sampled=0.149
95.36371402794913,service_end,,,288,36,1,1,1,duration=0.149
95.36371402794913,service_start,,,289,35,1,1,1,service_time_sampled=0.089
95.45265803078084,service_end,,,289,35,1,1,1,duration=0.089
95.45265803078084,service_start,,,290,34,1,1,1,service_time_sampled=0.247
95.6996963702272,service_end,,,290,34,1,1,1,duration=0.247
95.6996963702272,service_start,,,291,33,1,1,1,service_time_sampled=0.171
95.87102810970067,service_end,,,291,33,1,1,1,duration=0.171
95.87102810970067,service_start,,,292,32,1,1,1,service_time_sampled=0.059
95.92966275945703,service_end,,,292,32,1,1,1,duration=0.059
95.92966275945703,service_start,,,293,31,1,1,1,service_time_sampled=0.483
96.41254431628727,service_end,,,293,31,1,1,1,duration=0.483
96.41254431628727,service_start,,,294,30,1,1,1,service_time_sampled=0.065
96.47711091117124,service_end,,,294,30,1,1,1,duration=0.065
96.47711091117124,service_start,,,295,29,1,1,1,service_time_sampled=0.010
96.48711091117124,service_end,,,295,29,1,1,1,duration=0.010
96.48711091117124,service_start,,,296,28,1,1,1,service_time_sampled=0.414
96.90136272492923,service_end,,,296,28,1,1,1,duration=0.414
96.90136272492923,service_start,,,297,27,1,1,1,service_time_sampled=0.357
97.25868656513785,service_end,,,297,27,1,1,1,duration=0.357
97.25868656513785,service_start,,,298,26,1,1,1,service_time_sampled=0.096
97.35449420419222,service_end,,,298,26,1,1,1,duration=0.096
97.35449420419222,service_start,,,299,25,1,1,1,service_time_sampled=0.173
97.52796720122547,service_end,,,299,25,1,1,1,duration=0.173
97.52796720122547,service_start,,,300,24,1,1,1,service_time_sampled=0.149
97.67681419354655,service_end,,,300,24,1,1,1,duration=0.149
97.67681419354655,service_start,,,301,23,1,1,1,service_time_sampled=0.013
97.68979483608773,service_end,,,301,23,1,1,1,duration=0.013
97.68979483608773,service_start,,,302,22,1,1,1,service_time_sampled=0.199
97.88829501478007,service_end,,,302,22,1,1,1,duration=0.199
97.88829501478007,service_start,,,303,21,1,1,1,service_time_sampled=0.124
98.0,landing_end,10,3,,21,1,1,1,pad_q=1
98.01187767794322,service_end,,,303,21,1,1,1,duration=0.124
98.01187767794322,service_start,,,304,20,1,1,1,service_time_sampled=0.420
98.43227218097304,service_end,,,304,20,1,1,1,duration=0.420
98.43227218097304,service_start,,,305,19,1,1,1,service_time_sampled=0.082
98.51380651224837,service_end,,,305,19,1,1,1,duration=0.082
98.51380651224837,service_start,,,306,18,1,1,1,service_time_sampled=0.041
98.55449421174411,service_end,,,306,18,1,1,1,duration=0.041
98.55449421174411,service_start,,,307,17,1,1,1,service_time_sampled=0.184
98.73804171860488,service_end,,,307,17,1,1,1,duration=0.184
98.73804171860488,service_start,,,308,16,1,1,1,service_time_sampled=0.101
98.83867849776993,service_end,,,308,16,1,1,1,duration=0.101
98.83867849776993,service_start,,,309,15,1,1,1,service_time_sampled=0.258
99.09618662462077,service_end,,,309,15,1,1,1,duration=0.258
99.09618662462077,service_start,,,310,14,1,1,1,service_time_sampled=0.010
99.10618662462078,service_end,,,310,14,1,1,1,duration=0.010
99.10618662462078,service_start,,,311,13,1,1,1,service_time_sampled=0.144
99.25036193648168,service_end,,,311,13,1,1,1,duration=0.144
99.25036193648168,service_start,,,312,12,1,1,1,service_time_sampled=0.301
99.55096338414083,service_end,,,312,12,1,1,1,duration=0.301
99.55096338414083,service_start,,,313,11,1,1,1,service_time_sampled=0.025
99.57612895354063,service_end,,,313,11,1,1,1,duration=0.025
99.57612895354063,service_start,,,314,10,1,1,1,service_time_sampled=0.012
99.58802272833981,service_end,,,314,10,1,1,1,duration=0.012
99.58802272833981,service_start,,,315,9,1,1,1,service_time_sampled=0.084
99.67234387259575,service_end,,,315,9,1,1,1,duration=0.084
99.67234387259575,service_start,,,316,8,1,1,1,service_time_sampled=0.132
99.80478980049074,service_end,,,316,8,1,1,1,duration=0.132
99.80478980049074,service_start,,,317,7,1,1,1,service_time_sampled=0.125
99.92952877183563,service_end,,,317,7,1,1,1,duration=0.125
99.92952877183563,service_start,,,318,6,1,1,1,service_time_sampled=0.094
100.02381635899843,service_end,,,318,6,1,1,1,duration=0.094
100.02381635899843,service_start,,,319,5,1,1,1,service_time_sampled=0.052
100.07553673000577,service_end,,,319,5,1,1,1,duration=0.052
100.07553673000577,service_start,,,320,4,1,1,1,service_time_sampled=0.155
100.23051022506287,service_end,,,320,4,1,1,1,duration=0.155
100.23051022506287,service_start,,,321,3,1,1,1,service_time_sampled=0.554
100.78499245836792,service_end,,,321,3,1,1,1,duration=0.554
100.78499245836792,service_start,,,322,2,1,1,1,service_time_sampled=0.088
100.87322437580116,service_end,,,322,2,1,1,1,duration=0.088
100.87322437580116,service_start,,,323,1,1,1,1,service_time_sampled=0.063
100.93613947255224,service_end,,,323,1,1,1,1,duration=0.063
100.93613947255224,service_start,,,324,0,1,1,1,service_time_sampled=0.434
101.36981121790484,service_end,,,324,0,1,1,1,duration=0.434
102.0,plane_arrive,12,1,,0,1,1,1,air_q=2
105.0,unload_end,10,3,,0,1,1,1,
105.0,passengers_spawned,10,3,,0,1,1,1,count=58
105.0,passenger_queue_arrival,,,325,1,1,1,1,
105.0,passenger_queue_arrival,,,326,2,1,1,1,
105.0,passenger_queue_arrival,,,327,3,1,1,1,
105.0,passenger_queue_arrival,,,328,4,1,1,1,
105.0,passenger_queue_arrival,,,329,5,1,1,1,
105.0,passenger_queue_arrival,,,330,6,1,1,1,
105.0,passenger_queue_arrival,,,331,7,1,1,1,
105.0,passenger_queue_arrival,,,332,8,1,1,1,
105.0,passenger_queue_arrival,,,333,9,1,1,1,
105.0,passenger_queue_arrival,,,334,10,1,1,1,
105.0,passenger_queue_arrival,,,335,11,1,1,1,
105.0,passenger_queue_arrival,,,336,12,1,1,1,
105.0,passenger_queue_arrival,,,337,13,1,1,1,
105.0,passenger_queue_arrival,,,338,14,1,1,1,
105.0,passenger_queue_arrival,,,339,15,1,1,1,
105.0,passenger_queue_arrival,,,340,16,1,1,1,
105.0,passenger_queue_arrival,,,341,17,1,1,1,
105.0,passenger_queue_arrival,,,342,18,1,1,1,
105.0,passenger_queue_arrival,,,343,19,1,1,1,
105.0,passenger_queue_arrival,,,344,20,1,1,1,
105.0,passenger_queue_arrival,,,345,21,1,1,1,
105.0,passenger_queue_arrival,,,346,22,1,1,1,
105.0,passenger_queue_arrival,,,347,23,1,1,1,
105.0,passenger_queue_arrival,,,348,24,1,1,1,
105.0,passenger_queue_arrival,,,349,25,1,1,1,
105.0,passenger_queue_arrival,,,350,26,1,1,1,
105.0,passenger_queue_arrival,,,351,27,1,1,1,
105.0,passenger_queue_arrival,,,352,28,1,1,1,
105.0,passenger_queue_arrival,,,353,29,1,1,1,
105.0,passenger_queue_arrival,,,354,30,1,1,1,
105.0,passenger_queue_arrival,,,355,31,1,1,1,
105.0,passenger_queue_arrival,,,356,32,1,1,1,
105.0,passenger_queue_arrival,,,357,33,1,1,1,
105.0,passenger_queue_arrival,,,358,34,1,1,1,
105.0,passenger_queue_arrival,,,359,35,1,1,1,
105.0,passenger_queue_arrival,,,360,36,1,1,1,
105.0,passenger_queue_arrival,,,361,37,1,1,1,
105.0,passenger_queue_arrival,,,362,38,1,1,1,
105.0,passenger_queue_arrival,,,363,39,1,1,1,
105.0,passenger_queue_arrival,,,364,40,1,1,1,
105.0,passenger_queue_arrival,,,365,41,1,1,1,
105.0,passenger_queue_arrival,,,366,42,1,1,1,
105.0,passenger_queue_arrival,,,367,43,1,1,1,
105.0,passenger_queue_arrival,,,368,44,1,1,1,
105.0,passenger_queue_arrival,,,369,45,1,1,1,
105.0,passenger_queue_arrival,,,370,46,1,1,1,
105.0,passenger_queue_arrival,,,371,47,1,1,1,
105.0,passenger_queue_arrival,,,372,48,1,1,1,
105.0,passenger_queue_arrival,,,373,49,1,1,1,
105.0,passenger_queue_arrival,,,374,50,1,1,1,
105.0,passenger_queue_arrival,,,375,51,1,1,1,
105.0,passenger_queue_arrival,,,376,52,1,1,1,
105.0,passenger_queue_arrival,,,377,53,1,1,1,
105.0,passenger_queue_arrival,,,378,54,1,1,1,
105.0,passenger_queue_arrival,,,379,55,1,1,1,
105.0,passenger_queue_arrival,,,380,56,1,1,1,
105.0,passenger_queue_arrival,,,381,57,1,1,1,
105.0,passenger_queue_arrival,,,382,58,1,1,1,
105.0,landing_start,11,1,,58,1,1,1,landing_time=3
105.0,service_start,,,325,57,1,1,1,service_time_sampled=0.229
105.22873132922865,service_end,,,325,57,1,1,1,duration=0.229
105.22873132922865,service_start,,,326,56,1,1,1,service_time_sampled=0.195
105.4240862005437,service_end,,,326,56,1,1,1,duration=0.195
105.4240862005437,service_start,,,327,55,1,1,1,service_time_sampled=0.172
105.59628337117873,service_end,,,327,55,1,1,1,duration=0.172
105.59628337117873,service_start,,,328,54,1,1,1,service_time_sampled=0.143
105.73929666880834,service_end,,,328,54,1,1,1,duration=0.143
105.73929666880834,service_start,,,329,53,1,1,1,service_time_sampled=0.075
105.81399767301116,service_end,,,329,53,1,1,1,duration=0.075
105.81399767301116,service_start,,,330,52,1,1,1,service_time_sampled=0.422
106.23610205195514,service_end,,,330,52,1,1,1,duration=0.422
106.23610205195514,service_start,,,331,51,1,1,1,service_time_sampled=0.010
106.24610205195515,service_end,,,331,51,1,1,1,duration=0.010
106.24610205195515,service_start,,,332,50,1,1,1,service_time_sampled=0.069
106.31495743654457,service_end,,,332,50,1,1,1,duration=0.069
106.31495743654457,service_start,,,333,49,1,1,1,service_time_sampled=0.075
106.38983218362593,service_end,,,333,49,1,1,1,duration=0.075
106.38983218362593,service_start,,,334,48,1,1,1,service_time_sampled=0.158
106.54804404268592,service_end,,,334,48,1,1,1,duration=0.158
106.54804404268592,service_start,,,335,47,1,1,1,service_time_sampled=0.042
106.59040800345224,service_end,,,335,47,1,1,1,duration=0.042
106.59040800345224,service_start,,,336,46,1,1,1,service_time_sampled=0.028
106.61795891858598,service_end,,,336,46,1,1,1,duration=0.028
106.61795891858598,service_start,,,337,45,1,1,1,service_time_sampled=0.074
106.69221179876384,service_end,,,337,45,1,1,1,duration=0.074
106.69221179876384,service_start,,,338,44,1,1,1,service_time_sampled=0.126
106.81858385381985,service_end,,,338,44,1,1,1,duration=0.126
106.81858385381985,service_start,,,339,43,1,1,1,service_time_sampled=0.094
106.91260642091306,service_end,,,339,43,1,1,1,duration=0.094
106.91260642091306,service_start,,,340,42,1,1,1,service_time_sampled=0.260
107.17231246376845,service_end,,,340,42,1,1,1,duration=0.260
107.17231246376845,service_start,,,341,41,1,1,1,service_time_sampled=0.080
107.25232707366331,service_end,,,341,41,1,1,1,duration=0.080
107.25232707366331,service_start,,,342,40,1,1,1,service_time_sampled=0.029
107.2810192499231,service_end,,,342,40,1,1,1,duration=0.029
107.2810192499231,service_start,,,343,39,1,1,1,service_time_sampled=0.128
107.40945331492456,service_end,,,343,39,1,1,1,duration=0.128
107.40945331492456,service_start,,,344,38,1,1,1,service_time_sampled=0.062
107.47112386143762,service_end,,,344,38,1,1,1,duration=0.062
107.47112386143762,service_start,,,345,37,1,1,1,service_time_sampled=0.010
107.48112386143762,service_end,,,345,37,1,1,1,duration=0.010
107.48112386143762,service_start,,,346,36,1,1,1,service_time_sampled=0.064
107.54519495502686,service_end,,,346,36,1,1,1,duration=0.064
107.54519495502686,service_start,,,347,35,1,1,1,service_time_sampled=0.015
107.55986782640517,service_end,,,347,35,1,1,1,duration=0.015
107.55986782640517,service_start,,,348,34,1,1,1,service_time_sampled=0.127
107.6873493575011,service_end,,,348,34,1,1,1,duration=0.127
107.6873493575011,service_start,,,349,33,1,1,1,service_time_sampled=0.292
107.97942178030341,service_end,,,349,33,1,1,1,duration=0.292
107.97942178030341,service_start,,,350,32,1,1,1,service_time_sampled=0.165
108.0,landing_end,11,1,,32,1,1,1,pad_q=1
108.14437451413414,service_end,,,350,32,1,1,1,duration=0.165
108.14437451413414,service_start,,,351,31,1,1,1,service_time_sampled=0.394
108.53883640148707,service_end,,,351,31,1,1,1,duration=0.394
108.53883640148707,service_start,,,352,30,1,1,1,service_time_sampled=0.019
108.55812689510614,service_end,,,352,30,1,1,1,duration=0.019
108.55812689510614,service_start,,,353,29,1,1,1,service_time_sampled=0.226
108.78374143015243,service_end,,,353,29,1,1,1,duration=0.226
108.78374143015243,service_start,,,354,28,1,1,1,service_time_sampled=0.180
108.96396741416015,service_end,,,354,28,1,1,1,duration=0.180
108.96396741416015,service_start,,,355,27,1,1,1,service_time_sampled=0.034
108.99831003845344,service_end,,,355,27,1,1,1,duration=0.034
108.99831003845344,service_start,,,356,26,1,1,1,service_time_sampled=0.080
109.07851729596061,service_end,,,356,26,1,1,1,duration=0.080
109.07851729596061,service_start,,,357,25,1,1,1,service_time_sampled=0.024
109.10225712397873,service_end,,,357,25,1,1,1,duration=0.024
109.10225712397873,service_start,,,358,24,1,1,1,service_time_sampled=0.046
109.14851263167712,service_end,,,358,24,1,1,1,duration=0.046
109.14851263167712,service_start,,,359,23,1,1,1,service_time_sampled=0.093
109.24141485283549,service_end,,,359,23,1,1,1,duration=0.093
109.24141485283549,service_start,,,360,22,1,1,1,service_time_sampled=0.061
109.3029036647442,service_end,,,360,22,1,1,1,duration=0.061
109.3029036647442,service_start,,,361,21,1,1,1,service_time_sampled=0.062
109.36451140693303,service_end,,,361,21,1,1,1,duration=0.062
109.36451140693303,service_start,,,362,20,1,1,1,service_time_sampled=0.155
109.51973090684513,service_end,,,362,20,1,1,1,duration=0.155
109.51973090684513,service_start,,,363,19,1,1,1,service_time_sampled=0.141
109.66104324601537,service_end,,,363,19,1,1,1,duration=0.141
109.66104324601537,service_start,,,364,18,1,1,1,service_time_sampled=0.015
109.67646736438512,service_end,,,364,18,1,1,1,duration=0.015
109.67646736438512,service_start,,,365,17,1,1,1,service_time_sampled=0.106
109.78214734353377,service_end,,,365,17,1,1,1,duration=0.106
109.78214734353377,service_start,,,366,16,1,1,1,service_time_sampled=0.188
109.97007153903328,service_end,,,366,16,1,1,1,duration=0.188
109.97007153903328,service_start,,,367,15,1,1,1,service_time_sampled=0.010
109.98007153903329,service_end,,,367,15,1,1,1,duration=0.010
109.98007153903329,service_start,,,368,14,1,1,1,service_time_sampled=0.172
110.15186426363269,service_end,,,368,14,1,1,1,duration=0.172
110.15186426363269,service_start,,,369,13,1,1,1,service_time_sampled=0.010
110.1618642636327,service_end,,,369,13,1,1,1,duration=0.010
110.1618642636327,service_start,,,370,12,1,1,1,service_time_sampled=0.070
110.23171071200758,service_end,,,370,12,1,1,1,duration=0.070
110.23171071200758,service_start,,,371,11,1,1,1,service_time_sampled=0.060
110.291902247281,service_end,,,371,11,1,1,1,duration=0.060
110.291902247281,service_start,,,372,10,1,1,1,service_time_sampled=0.010
110.301902247281,service_end,,,372,10,1,1,1,duration=0.010
110.301902247281,service_start,,,373,9,1,1,1,service_time_sampled=0.010
110.31190224728101,service_end,,,373,9,1,1,1,duration=0.010
110.31190224728101,service_start,,,374,8,1,1,1,service_time_sampled=0.139
110.45051968757905,service_end,,,374,8,1,1,1,duration=0.139
110.45051968757905,service_start,,,375,7,1,1,1,service_time_sampled=0.039
110.48937471956978,service_end,,,375,7,1,1,1,duration=0.039
110.48937471956978,service_start,,,376,6,1,1,1,service_time_sampled=0.092
110.58088853742099,service_end,,,376,6,1,1,1,duration=0.092
110.58088853742099,service_start,,,377,5,1,1,1,service_time_sampled=0.022
110.603096919537,service_end,,,377,5,1,1,1,duration=0.022
110.603096919537,service_start,,,378,4,1,1,1,service_time_sampled=0.120
110.72263070376309,service_end,,,378,4,1,1,1,duration=0.120
110.72263070376309,service_start,,,379,3,1,1,1,service_time_sampled=0.342
111.06438732897331,service_end,,,379,3,1,1,1,duration=0.342
111.06438732897331,service_start,,,380,2,1,1,1,service_time_sampled=0.175
111.23899561526488,service_end,,,380,2,1,1,1,duration=0.175
111.23899561526488,service_start,,,381,1,1,1,1,service_time_sampled=0.057
111.29609817824404,service_end,,,381,1,1,1,1,duration=0.057
111.29609817824404,service_start,,,382,0,1,1,1,service_time_sampled=0.396
111.6920340532473,service_end,,,382,0,1,1,1,duration=0.396
115.0,unload_end,11,1,,0,1,1,1,
115.0,passengers_spawned,11,1,,0,1,1,1,count=25
115.0,passenger_queue_arrival,,,383,1,1,1,1,
115.0,passenger_queue_arrival,,,384,2,1,1,1,
115.0,passenger_queue_arrival,,,385,3,1,1,1,
115.0,passenger_queue_arrival,,,386,4,1,1,1,
115.0,passenger_queue_arrival,,,387,5,1,1,1,
115.0,passenger_queue_arrival,,,388,6,1,1,1,
115.0,passenger_queue_arrival,,,389,7,1,1,1,
115.0,passenger_queue_arrival,,,390,8,1,1,1,
115.0,passenger_queue_arrival,,,391,9,1,1,1,
115.0,passenger_queue_arrival,,,392,10,1,1,1,
115.0,passenger_queue_arrival,,,393,11,1,1,1,
115.0,passenger_queue_arrival,,,394,12,1,1,1,
115.0,passenger_queue_arrival,,,395,13,1,1,1,
115.0,passenger_queue_arrival,,,396,14,1,1,1,
115.0,passenger_queue_arrival,,,397,15,1,1,1,
115.0,passenger_queue_arrival,,,398,16,1,1,1,
115.0,passenger_queue_arrival,,,399,17,1,1,1,
115.0,passenger_queue_arrival,,,400,18,1,1,1,
115.0,passenger_queue_arrival,,,401,19,1,1,1,
115.0,passenger_queue_arrival,,,402,20,1,1,1,
115.0,passenger_queue_arrival,,,403,21,1,1,1,
115.0,passenger_queue_arrival,,,404,22,1,1,1,
115.0,passenger_queue_arrival,,,405,23,1,1,1,
115.0,passenger_queue_arrival,,,406,24,1,1,1,
115.0,passenger_queue_arrival,,,407,25,1,1,1,
115.0,landing_start,12,1,,25,1,1,1,landing_time=3
115.0,service_start,,,383,24,1,1,1,service_time_sampled=0.065
115.06547496244804,service_end,,,383,24,1,1,1,duration=0.065
115.06547496244804,service_start,,,384,23,1,1,1,service_time_sampled=0.010
115.07547496244804,service_end,,,384,23,1,1,1,duration=0.010
115.07547496244804,service_start,,,385,22,1,1,1,service_time_sampled=0.033
115.10850654474721,service_end,,,385,22,1,1,1,duration=0.033
115.10850654474721,service_start,,,386,21,1,1,1,service_time_sampled=0.217
115.32513894239898,service_end,,,386,21,1,1,1,duration=0.217
115.32513894239898,service_start,,,387,20,1,1,1,service_time_sampled=0.010
115.33513894239898,service_end,,,387,20,1,1,1,duration=0.010
115.33513894239898,service_start,,,388,19,1,1,1,service_time_sampled=0.488
115.82292885861655,service_end,,,388,19,1,1,1,duration=0.488
115.82292885861655,service_start,,,389,18,1,1,1,service_time_sampled=0.010
115.83292885861655,service_end,,,389,18,1,1,1,duration=0.010
115.83292885861655,service_start,,,390,17,1,1,1,service_time_sampled=0.058
115.89121687932297,service_end,,,390,17,1,1,1,duration=0.058
115.89121687932297,service_start,,,391,16,1,1,1,service_time_sampled=0.226
116.11757764928105,service_end,,,391,16,1,1,1,duration=0.226
116.11757764928105,service_start,,,392,15,1,1,1,service_time_sampled=0.134
116.25176527416579,service_end,,,392,15,1,1,1,duration=0.134
116.25176527416579,service_start,,,393,14,1,1,1,service_time_sampled=0.082
116.33356633034548,service_end,,,393,14,1,1,1,duration=0.082
116.33356633034548,service_start,,,394,13,1,1,1,service_time_sampled=0.037
116.37026567153148,service_end,,,394,13,1,1,1,duration=0.037
116.37026567153148,service_start,,,395,12,1,1,1,service_time_sampled=0.019
116.38883337870534,service_end,,,395,12,1,1,1,duration=0.019
116.38883337870534,service_start,,,396,11,1,1,1,service_time_sampled=0.152
116.54060567594725,service_end,,,396,11,1,1,1,duration=0.152
116.54060567594725,service_start,,,397,10,1,1,1,service_time_sampled=0.122
116.66263842072068,service_end,,,397,10,1,1,1,duration=0.122
116.66263842072068,service_start,,,398,9,1,1,1,service_time_sampled=0.113
116.77546328664401,service_end,,,398,9,1,1,1,duration=0.113
116.77546328664401,service_start,,,399,8,1,1,1,service_time_sampled=0.043
116.81859902524988,service_end,,,399,8,1,1,1,duration=0.043
116.81859902524988,service_start,,,400,7,1,1,1,service_time_sampled=0.010
116.82859902524989,service_end,,,400,7,1,1,1,duration=0.010
116.82859902524989,service_start,,,401,6,1,1,1,service_time_sampled=0.016
116.84497602776197,service_end,,,401,6,1,1,1,duration=0.016
116.84497602776197,service_start,,,402,5,1,1,1,service_time_sampled=0.198
117.04323611123387,service_end,,,402,5,1,1,1,duration=0.198
117.04323611123387,service_start,,,403,4,1,1,1,service_time_sampled=0.268
117.31090693771758,service_end,,,403,4,1,1,1,duration=0.268
117.31090693771758,service_start,,,404,3,1,1,1,service_time_sampled=0.136
117.44642194002425,service_end,,,404,3,1,1,1,duration=0.136
117.44642194002425,service_start,,,405,2,1,1,1,service_time_sampled=0.039
117.48576695615101,service_end,,,405,2,1,1,1,duration=0.039
117.48576695615101,service_start,,,406,1,1,1,1,service_time_sampled=0.010
117.49576695615102,service_end,,,406,1,1,1,1,duration=0.010
117.49576695615102,service_start,,,407,0,1,1,1,service_time_sampled=0.012
117.50792025001034,service_end,,,407,0,1,1,1,duration=0.012
118.0,landing_end,12,1,,0,1,1,1,pad_q=1
119.0,plane_arrive,13,3,,0,1,1,1,air_q=1
125.0,unload_end,12,1,,0,1,1,1,
125.0,passengers_spawned,12,1,,0,1,1,1,count=27
125.0,passenger_queue_arrival,,,408,1,1,1,1,
125.0,passenger_queue_arrival,,,409,2,1,1,1,
125.0,passenger_queue_arrival,,,410,3,1,1,1,
125.0,passenger_queue_arrival,,,411,4,1,1,1,
125.0,passenger_queue_arrival,,,412,5,1,1,1,
125.0,passenger_queue_arrival,,,413,6,1,1,1,
125.0,passenger_queue_arrival,,,414,7,1,1,1,
125.0,passenger_queue_arrival,,,415,8,1,1,1,
125.0,passenger_queue_arrival,,,416,9,1,1,1,
125.0,passenger_queue_arrival,,,417,10,1,1,1,
125.0,passenger_queue_arrival,,,418,11,1,1,1,
125.0,passenger_queue_arrival,,,419,12,1,1,1,
125.0,passenger_queue_arrival,,,420,13,1,1,1,
125.0,passenger_queue_arrival,,,421,14,1,1,1,
125.0,passenger_queue_arrival,,,422,15,1,1,1,
125.0,passenger_queue_arrival,,,423,16,1,1,1,
125.0,passenger_queue_arrival,,,424,17,1,1,1,
125.0,passenger_queue_arrival,,,425,18,1,1,1,
125.0,passenger_queue_arrival,,,426,19,1,1,1,
125.0,passenger_queue_arrival,,,427,20,1,1,1,
125.0,passenger_queue_arrival,,,428,21,1,1,1,
125.0,passenger_queue_arrival,,,429,22,1,1,1,
125.0,passenger_queue_arrival,,,430,23,1,1,1,
125.0,passenger_queue_arrival,,,431,24,1,1,1,
125.0,passenger_queue_arrival,,,432,25,1,1,1,
125.0,passenger_queue_arrival,,,433,26,1,1,1,
125.0,passenger_queue_arrival,,,434,27,1,1,1,
125.0,landing_start,13,3,,27,1,1,1,landing_time=4
125.0,service_start,,,408,26,1,1,1,service_time_sampled=0.307
125.30657017037495,service_end,,,408,26,1,1,1,duration=0.307
125.30657017037495,service_start,,,409,25,1,1,1,service_time_sampled=0.214
125.52101075353492,service_end,,,409,25,1,1,1,duration=0.214
125.52101075353492,service_start,,,410,24,1,1,1,service_time_sampled=0.283
125.80382352461241,service_end,,,410,24,1,1,1,duration=0.283
125.80382352461241,service_start,,,411,23,1,1,1,service_time_sampled=0.053
125.85731614177658,service_end,,,411,23,1,1,1,duration=0.053
125.85731614177658,service_start,,,412,22,1,1,1,service_time_sampled=0.707
126.56425744642917,service_end,,,412,22,1,1,1,duration=0.707
126.56425744642917,service_start,,,413,21,1,1,1,service_time_sampled=0.279
126.84366274019537,service_end,,,413,21,1,1,1,duration=0.279
126.84366274019537,service_start,,,414,20,1,1,1,service_time_sampled=0.209
127.0531536594236,service_end,,,414,20,1,1,1,duration=0.209
127.0531536594236,service_start,,,415,19,1,1,1,service_time_sampled=0.237
127.28973760842453,service_end,,,415,19,1,1,1,duration=0.237
127.28973760842453,service_start,,,416,18,1,1,1,service_time_sampled=0.172
127.4612472557784,service_end,,,416,18,1,1,1,duration=0.172
127.4612472557784,service_start,,,417,17,1,1,1,service_time_sampled=0.107
127.56798802633053,service_end,,,417,17,1,1,1,duration=0.107
127.56798802633053,service_start,,,418,16,1,1,1,service_time_sampled=0.091
127.65923846961367,service_end,,,418,16,1,1,1,duration=0.091
127.65923846961367,service_start,,,419,15,1,1,1,service_time_sampled=0.335
127.99376042769971,service_end,,,419,15,1,1,1,duration=0.335
127.99376042769971,service_start,,,420,14,1,1,1,service_time_sampled=0.042
128.0360182544978,service_end,,,420,14,1,1,1,duration=0.042
128.0360182544978,service_start,,,421,13,1,1,1,service_time_sampled=0.129
128.16541459516844,service_end,,,421,13,1,1,1,duration=0.129
128.16541459516844,service_start,,,422,12,1,1,1,service_time_sampled=0.340
128.50513780403543,service_end,,,422,12,1,1,1,duration=0.340
128.50513780403543,service_start,,,423,11,1,1,1,service_time_sampled=0.039
128.5437091914078,service_end,,,423,11,1,1,1,duration=0.039
128.5437091914078,service_start,,,424,10,1,1,1,service_time_sampled=0.021
128.56502270453666,service_end,,,424,10,1,1,1,duration=0.021
128.56502270453666,service_start,,,425,9,1,1,1,service_time_sampled=0.046
128.61150920082937,service_end,,,425,9,1,1,1,duration=0.046
128.61150920082937,service_start,,,426,8,1,1,1,service_time_sampled=0.073
128.6844122537388,service_end,,,426,8,1,1,1,duration=0.073
128.6844122537388,service_start,,,427,7,1,1,1,service_time_sampled=0.089
128.77295599207562,service_end,,,427,7,1,1,1,duration=0.089
128.77295599207562,service_start,,,428,6,1,1,1,service_time_sampled=0.033
128.80616048839585,service_end,,,428,6,1,1,1,duration=0.033
128.80616048839585,service_start,,,429,5,1,1,1,service_time_sampled=0.035
128.84077523596187,service_end,,,429,5,1,1,1,duration=0.035
128.84077523596187,service_start,,,430,4,1,1,1,service_time_sampled=0.020
128.86057760561405,service_end,,,430,4,1,1,1,duration=0.020
128.86057760561405,service_start,,,431,3,1,1,1,service_time_sampled=0.080
128.9401229313256,service_end,,,431,3,1,1,1,duration=0.080
128.9401229313256,service_start,,,432,2,1,1,1,service_time_sampled=0.019
128.9592177171449,service_end,,,432,2,1,1,1,duration=0.019
128.9592177171449,service_start,,,433,1,1,1,1,service_time_sampled=0.054
129.0,landing_end,13,3,,1,1,1,1,pad_q=1
129.01357857639175,service_end,,,433,1,1,1,1,duration=0.054
129.01357857639175,service_start,,,434,0,1,1,1,service_time_sampled=0.024
129.0372254992049,service_end,,,434,0,1,1,1,duration=0.024
136.0,unload_end,13,3,,0,1,1,1,
136.0,passengers_spawned,13,3,,0,1,1,1,count=52
136.0,passenger_queue_arrival,,,435,1,1,1,1,
136.0,passenger_queue_arrival,,,436,2,1,1,1,
136.0,passenger_queue_arrival,,,437,3,1,1,1,
136.0,passenger_queue_arrival,,,438,4,1,1,1,
136.0,passenger_queue_arrival,,,439,5,1,1,1,
136.0,passenger_queue_arrival,,,440,6,1,1,1,
136.0,passenger_queue_arrival,,,441,7,1,1,1,
136.0,passenger_queue_arrival,,,442,8,1,1,1,
136.0,passenger_queue_arrival,,,443,9,1,1,1,
136.0,passenger_queue_arrival,,,444,10,1,1,1,
136.0,passenger_queue_arrival,,,445,11,1,1,1,
136.0,passenger_queue_arrival,,,446,12,1,1,1,
136.0,passenger_queue_arrival,,,447,13,1,1,1,
136.0,passenger_queue_arrival,,,448,14,1,1,1,
136.0,passenger_queue_arrival,,,449,15,1,1,1,
136.0,passenger_queue_arrival,,,450,16,1,1,1,
136.0,passenger_queue_arrival,,,451,17,1,1,1,
136.0,passenger_queue_arrival,,,452,18,1,1,1,
136.0,passenger_queue_arrival,,,453,19,1,1,1,
136.0,passenger_queue_arrival,,,454,20,1,1,1,
136.0,passenger_queue_arrival,,,455,21,1,1,1,
136.0,passenger_queue_arrival,,,456,22,1,1,1,
136.0,passenger_queue_arrival,,,457,23,1,1,1,
136.0,passenger_queue_arrival,,,458,24,1,1,1,
136.0,passenger_queue_arrival,,,459,25,1,1,1,
136.0,passenger_queue_arrival,,,460,26,1,1,1,
136.0,passenger_queue_arrival,,,461,27,1,1,1,
136.0,passenger_queue_arrival,,,462,28,1,1,1,
136.0,passenger_queue_arrival,,,463,29,1,1,1,
136.0,passenger_queue_arrival,,,464,30,1,1,1,
136.0,passenger_queue_arrival,,,465,31,1,1,1,
136.0,passenger_queue_arrival,,,466,32,1,1,1,
136.0,passenger_queue_arrival,,,467,33,1,1,1,
136.0,passenger_queue_arrival,,,468,34,1,1,1,
136.0,passenger_queue_arrival,,,469,35,1,1,1,
136.0,passenger_queue_arrival,,,470,36,1,1,1,
136.0,passenger_queue_arrival,,,471,37,1,1,1,
136.0,passenger_queue_arrival,,,472,38,1,1,1,
136.0,passenger_queue_arrival,,,473,39,1,1,1,
136.0,passenger_queue_arrival,,,474,40,1,1,1,
136.0,passenger_queue_arrival,,,475,41,1,1,1,
136.0,passenger_queue_arrival,,,476,42,1,1,1,
136.0,passenger_queue_arrival,,,477,43,1,1,1,
136.0,passenger_queue_arrival,,,478,44,1,1,1,
136.0,passenger_queue_arrival,,,479,45,1,1,1,
136.0,passenger_queue_arrival,,,480,46,1,1,1,
136.0,passenger_queue_arrival,,,481,47,1,1,1,
136.0,passenger_queue_arrival,,,482,48,1,1,1,
136.0,passenger_queue_arrival,,,483,49,1,1,1,
136.0,passenger_queue_arrival,,,484,50,1,1,1,
136.0,passenger_queue_arrival,,,485,51,1,1,1,
136.0,passenger_queue_arrival,,,486,52,1,1,1,
136.0,service_start,,,435,51,1,1,1,service_time_sampled=0.121
136.12099361829345,service_end,,,435,51,1,1,1,duration=0.121
136.12099361829345,service_start,,,436,50,1,1,1,service_time_sampled=0.033
136.1536187025269,service_end,,,436,50,1,1,1,duration=0.033
136.1536187025269,service_start,,,437,49,1,1,1,service_time_sampled=0.894
137.04811248826172,service_end,,,437,49,1,1,1,duration=0.894
137.04811248826172,service_start,,,438,48,1,1,1,service_time_sampled=0.042
137.0899238965751,service_end,,,438,48,1,1,1,duration=0.042
137.0899238965751,service_start,,,439,47,1,1,1,service_time_sampled=0.297
137.38645697066434,service_end,,,439,47,1,1,1,duration=0.297
137.38645697066434,service_start,,,440,46,1,1,1,service_time_sampled=0.045
137.43098965373613,service_end,,,440,46,1,1,1,duration=0.045
137.43098965373613,service_start,,,441,45,1,1,1,service_time_sampled=0.103
137.5340124848565,service_end,,,441,45,1,1,1,duration=0.103
137.5340124848565,service_start,,,442,44,1,1,1,service_time_sampled=0.111
137.64548834487906,service_end,,,442,44,1,1,1,duration=0.111
137.64548834487906,service_start,,,443,43,1,1,1,service_time_sampled=0.108
137.75343651773596,service_end,,,443,43,1,1,1,duration=0.108
137.75343651773596,service_start,,,444,42,1,1,1,service_time_sampled=0.052
137.80511095127505,service_end,,,444,42,1,1,1,duration=0.052
137.80511095127505,service_start,,,445,41,1,1,1,service_time_sampled=0.196
138.0007003202504,service_end,,,445,41,1,1,1,duration=0.196
138.0007003202504,service_start,,,446,40,1,1,1,service_time_sampled=0.122
138.12257414027673,service_end,,,446,40,1,1,1,duration=0.122
138.12257414027673,service_start,,,447,39,1,1,1,service_time_sampled=0.103
138.22538355521695,service_end,,,447,39,1,1,1,duration=0.103
138.22538355521695,service_start,,,448,38,1,1,1,service_time_sampled=0.082
138.3075968600842,service_end,,,448,38,1,1,1,duration=0.082
138.3075968600842,service_start,,,449,37,1,1,1,service_time_sampled=0.042
138.3492298583447,service_end,,,449,37,1,1,1,duration=0.042
138.3492298583447,service_start,,,450,36,1,1,1,service_time_sampled=0.066
138.4147419012073,service_end,,,450,36,1,1,1,duration=0.066
138.4147419012073,service_start,,,451,35,1,1,1,service_time_sampled=0.166
138.58053695254466,service_end,,,451,35,1,1,1,duration=0.166
138.58053695254466,service_start,,,452,34,1,1,1,service_time_sampled=0.155
138.7352117132459,service_end,,,452,34,1,1,1,duration=0.155
138.7352117132459,service_start,,,453,33,1,1,1,service_time_sampled=0.661
139.0,plane_arrive,14,3,,33,1,1,1,air_q=1
139.0,landing_start,14,3,,33,1,1,1,landing_time=1
139.3961919436123,service_end,,,453,33,1,1,1,duration=0.661
139.3961919436123,service_start,,,454,32,1,1,1,service_time_sampled=0.555
139.95162958603987,service_end,,,454,32,1,1,1,duration=0.555
139.95162958603987,service_start,,,455,31,1,1,1,service_time_sampled=0.113
140.0,landing_end,14,3,,31,1,1,1,pad_q=1
140.0643538050921,service_end,,,455,31,1,1,1,duration=0.113
140.0643538050921,service_start,,,456,30,1,1,1,service_time_sampled=0.054
140.11809132392557,service_end,,,456,30,1,1,1,duration=0.054
140.11809132392557,service_start,,,457,29,1,1,1,service_time_sampled=0.059
140.1768395788237,service_end,,,457,29,1,1,1,duration=0.059
140.1768395788237,service_start,,,458,28,1,1,1,service_time_sampled=0.016
140.1926706014014,service_end,,,458,28,1,1,1,duration=0.016
140.1926706014014,service_start,,,459,27,1,1,1,service_time_sampled=0.025
140.21789125695543,service_end,,,459,27,1,1,1,duration=0.025
140.21789125695543,service_start,,,460,26,1,1,1,service_time_sampled=0.168
140.38621069695242,service_end,,,460,26,1,1,1,duration=0.168
140.38621069695242,service_start,,,461,25,1,1,1,service_time_sampled=0.154
140.54044159008217,service_end,,,461,25,1,1,1,duration=0.154
140.54044159008217,service_start,,,462,24,1,1,1,service_time_sampled=0.011
140.5511184362453,service_end,,,462,24,1,1,1,duration=0.011
140.5511184362453,service_start,,,463,23,1,1,1,service_time_sampled=0.021
140.57229890769,service_end,,,463,23,1,1,1,duration=0.021
140.57229890769,service_start,,,464,22,1,1,1,service_time_sampled=0.024
140.595826074807,service_end,,,464,22,1,1,1,duration=0.024
140.595826074807,service_start,,,465,21,1,1,1,service_time_sampled=0.102
140.69810589222675,service_end,,,465,21,1,1,1,duration=0.102
140.69810589222675,service_start,,,466,20,1,1,1,service_time_sampled=0.178
140.87625972505955,service_end,,,466,20,1,1,1,duration=0.178
140.87625972505955,service_start,,,467,19,1,1,1,service_time_sampled=0.082
140.95873199536123,service_end,,,467,19,1,1,1,duration=0.082
140.95873199536123,service_start,,,468,18,1,1,1,service_time_sampled=0.154
141.0,plane_arrive,15,3,,18,1,1,1,air_q=1
141.11284042970144,service_end,,,468,18,1,1,1,duration=0.154
141.11284042970144,service_start,,,469,17,1,1,1,service_time_sampled=0.063
141.17585717144422,service_end,,,469,17,1,1,1,duration=0.063
141.17585717144422,service_start,,,470,16,1,1,1,service_time_sampled=0.051
141.226850191088,service_end,,,470,16,1,1,1,duration=0.051
141.226850191088,service_start,,,471,15,1,1,1,service_time_sampled=0.129
141.3560026833878,service_end,,,471,15,1,1,1,duration=0.129
141.3560026833878,service_start,,,472,14,1,1,1,service_time_sampled=0.077
141.43267068209582,service_end,,,472,14,1,1,1,duration=0.077
141.43267068209582,service_start,,,473,13,1,1,1,service_time_sampled=0.108
141.54058366822767,service_end,,,473,13,1,1,1,duration=0.108
141.54058366822767,service_start,,,474,12,1,1,1,service_time_sampled=0.100
141.64014088269525,service_end,,,474,12,1,1,1,duration=0.100
141.64014088269525,service_start,,,475,11,1,1,1,service_time_sampled=0.105
141.74520087928474,service_end,,,475,11,1,1,1,duration=0.105
141.74520087928474,service_start,,,476,10,1,1,1,service_time_sampled=0.010
141.75520087928473,service_end,,,476,10,1,1,1,duration=0.010
141.75520087928473,service_start,,,477,9,1,1,1,service_time_sampled=0.189
141.94456639683676,service_end,,,477,9,1,1,1,duration=0.189
141.94456639683676,service_start,,,478,8,1,1,1,service_time_sampled=0.299
142.24375780567053,service_end,,,478,8,1,1,1,duration=0.299
142.24375780567053,service_start,,,479,7,1,1,1,service_time_sampled=0.010
142.25375780567052,service_end,,,479,7,1,1,1,duration=0.010
142.25375780567052,service_start,,,480,6,1,1,1,service_time_sampled=0.170
142.42336806516008,service_end,,,480,6,1,1,1,duration=0.170
142.42336806516008,service_start,,,481,5,1,1,1,service_time_sampled=0.106
142.5291735850161,service_end,,,481,5,1,1,1,duration=0.106
142.5291735850161,service_start,,,482,4,1,1,1,service_time_sampled=0.169
142.6979209557139,service_end,,,482,4,1,1,1,duration=0.169
142.6979209557139,service_start,,,483,3,1,1,1,service_time_sampled=0.010
142.7079209557139,service_end,,,483,3,1,1,1,duration=0.010
142.7079209557139,service_start,,,484,2,1,1,1,service_time_sampled=0.010
142.71792095571388,service_end,,,484,2,1,1,1,duration=0.010
142.71792095571388,service_start,,,485,1,1,1,1,service_time_sampled=0.098
142.8163140443449,service_end,,,485,1,1,1,1,duration=0.098
142.8163140443449,service_start,,,486,0,1,1,1,service_time_sampled=0.101
142.9172721617849,service_end,,,486,0,1,1,1,duration=0.101
145.0,plane_arrive,16,1,,0,1,1,1,air_q=2
147.0,unload_end,14,3,,0,1,1,1,
147.0,passengers_spawned,14,3,,0,1,1,1,count=48
147.0,passenger_queue_arrival,,,487,1,1,1,1,
147.0,passenger_queue_arrival,,,488,2,1,1,1,
147.0,passenger_queue_arrival,,,489,3,1,1,1,
147.0,passenger_queue_arrival,,,490,4,1,1,1,
147.0,passenger_queue_arrival,,,491,5,1,1,1,
147.0,passenger_queue_arrival,,,492,6,1,1,1,
147.0,passenger_queue_arrival,,,493,7,1,1,1,
147.0,passenger_queue_arrival,,,494,8,1,1,1,
147.0,passenger_queue_arrival,,,495,9,1,1,1,
147.0,passenger_queue_arrival,,,496,10,1,1,1,
147.0,passenger_queue_arrival,,,497,11,1,1,1,
147.0,passenger_queue_arrival,,,498,12,1,1,1,
147.0,passenger_queue_arrival,,,499,13,1,1,1,
147.0,passenger_queue_arrival,,,500,14,1,1,1,
147.0,passenger_queue_arrival,,,501,15,1,1,1,
147.0,passenger_queue_arrival,,,502,16,1,1,1,
147.0,passenger_queue_arrival,,,503,17,1,1,1,
147.0,passenger_queue_arrival,,,504,18,1,1,1,
147.0,passenger_queue_arrival,,,505,19,1,1,1,
147.0,passenger_queue_arrival,,,506,20,1,1,1,
147.0,passenger_queue_arrival,,,507,21,1,1,1,
147.0,passenger_queue_arrival,,,508,22,1,1,1,
147.0,passenger_queue_arrival,,,509,23,1,1,1,
147.0,passenger_queue_arrival,,,510,24,1,1,1,
147.0,passenger_queue_arrival,,,511,25,1,1,1,
147.0,passenger_queue_arrival,,,512,26,1,1,1,
147.0,passenger_queue_arrival,,,513,27,1,1,1,
147.0,passenger_queue_arrival,,,514,28,1,1,1,
147.0,passenger_queue_arrival,,,515,29,1,1,1,
147.0,passenger_queue_arrival,,,516,30,1,1,1,
147.0,passenger_queue_arrival,,,517,31,1,1,1,
147.0,passenger_queue_arrival,,,518,32,1,1,1,
147.0,passenger_queue_arrival,,,519,33,1,1,1,
147.0,passenger_queue_arrival,,,520,34,1,1,1,
147.0,passenger_queue_arrival,,,521,35,1,1,1,
147.0,passenger_queue_arrival,,,522,36,1,1,1,
147.0,passenger_queue_arrival,,,523,37,1,1,1,
147.0,passenger_queue_arrival,,,524,38,1,1,1,
147.0,passenger_queue_arrival,,,525,39,1,1,1,
147.0,passenger_queue_arrival,,,526,40,1,1,1,
147.0,passenger_queue_arrival,,,527,41,1,1,1,
147.0,passenger_queue_arrival,,,528,42,1,1,1,
147.0,passenger_queue_arrival,,,529,43,1,1,1,
147.0,passenger_queue_arrival,,,530,44,1,1,1,
147.0,passenger_queue_arrival,,,531,45,1,1,1,
147.0,passenger_queue_arrival,,,532,46,1,1,1,
147.0,passenger_queue_arrival,,,533,47,1,1,1,
147.0,passenger_queue_arrival,,,534,48,1,1,1,
147.0,landing_start,15,3,,48,1,1,1,landing_time=5
147.0,service_start,,,487,47,1,1,1,service_time_sampled=0.072
147.07184097904445,service_end,,,487,47,1,1,1,duration=0.072
147.07184097904445,service_start,,,488,46,1,1,1,service_time_sampled=0.100
147.17162252242304,service_end,,,488,46,1,1,1,duration=0.100
147.17162252242304,service_start,,,489,45,1,1,1,service_time_sampled=0.013
147.18509112308007,service_end,,,489,45,1,1,1,duration=0.013
147.18509112308007,service_start,,,490,44,1,1,1,service_time_sampled=0.010
147.19509112308006,service_end,,,490,44,1,1,1,duration=0.010
147.19509112308006,service_start,,,491,43,1,1,1,service_time_sampled=0.052
147.24699018091547,service_end,,,491,43,1,1,1,duration=0.052
147.24699018091547,service_start,,,492,42,1,1,1,service_time_sampled=0.076
147.3089640699617,failure,,,,,1,0,0,element=door
147.3089640699617,service_interrupted,,,492,42,1,0,0,remaining=0.014
152.0,landing_end,15,3,,42,1,0,0,pad_q=1
153.0,plane_arrive,17,1,,42,1,0,0,air_q=2
156.06442477469315,repair,,,,,1,1,1,"element=door, repair_time=8.755"
156.12319268014735,service_end,,,492,42,1,1,1,duration=8.876
156.12319268014735,service_start,,,493,41,1,1,1,service_time_sampled=0.068
156.19107212629825,service_end,,,493,41,1,1,1,duration=0.068
156.19107212629825,service_start,,,494,40,1,1,1,service_time_sampled=0.168
156.35925994864675,service_end,,,494,40,1,1,1,duration=0.168
156.35925994864675,service_start,,,495,39,1,1,1,service_time_sampled=0.131
156.49019311380178,service_end,,,495,39,1,1,1,duration=0.131
156.49019311380178,service_start,,,496,38,1,1,1,service_time_sampled=0.167
156.65751333952758,service_end,,,496,38,1,1,1,duration=0.167
156.65751333952758,service_start,,,497,37,1,1,1,service_time_sampled=0.125
156.78228852161126,service_end,,,497,37,1,1,1,duration=0.125
156.78228852161126,service_start,,,498,36,1,1,1,service_time_sampled=0.052
156.83386598793402,service_end,,,498,36,1,1,1,duration=0.052
156.83386598793402,service_start,,,499,35,1,1,1,service_time_sampled=0.038
156.8714009293579,service_end,,,499,35,1,1,1,duration=0.038
156.8714009293579,service_start,,,500,34,1,1,1,service_time_sampled=0.172
157.0437826214418,service_end,,,500,34,1,1,1,duration=0.172
157.0437826214418,service_start,,,501,33,1,1,1,service_time_sampled=0.012
157.05590784333225,service_end,,,501,33,1,1,1,duration=0.012
157.05590784333225,service_start,,,502,32,1,1,1,service_time_sampled=0.274
157.32999294978148,service_end,,,502,32,1,1,1,duration=0.274
157.32999294978148,service_start,,,503,31,1,1,1,service_time_sampled=0.257
157.58665276356948,service_end,,,503,31,1,1,1,duration=0.257
157.58665276356948,service_start,,,504,30,1,1,1,service_time_sampled=0.076
157.6626965392983,service_end,,,504,30,1,1,1,duration=0.076
157.6626965392983,service_start,,,505,29,1,1,1,service_time_sampled=0.118
157.78109710802616,service_end,,,505,29,1,1,1,duration=0.118
157.78109710802616,service_start,,,506,28,1,1,1,service_time_sampled=0.224
158.00518757893204,service_end,,,506,28,1,1,1,duration=0.224
158.00518757893204,service_start,,,507,27,1,1,1,service_time_sampled=0.155
158.16015313986637,service_end,,,507,27,1,1,1,duration=0.155
158.16015313986637,service_start,,,508,26,1,1,1,service_time_sampled=0.062
158.22203810826082,service_end,,,508,26,1,1,1,duration=0.062
158.22203810826082,service_start,,,509,25,1,1,1,service_time_sampled=0.101
158.3227925392921,service_end,,,509,25,1,1,1,duration=0.101
158.3227925392921,service_start,,,510,24,1,1,1,service_time_sampled=0.175
158.49742426045773,service_end,,,510,24,1,1,1,duration=0.175
158.49742426045773,service_start,,,511,23,1,1,1,service_time_sampled=0.010
158.50742426045773,service_end,,,511,23,1,1,1,duration=0.010
158.50742426045773,service_start,,,512,22,1,1,1,service_time_sampled=0.041
158.5483884975708,service_end,,,512,22,1,1,1,duration=0.041
158.5483884975708,service_start,,,513,21,1,1,1,service_time_sampled=0.146
158.69452867494323,service_end,,,513,21,1,1,1,duration=0.146
158.69452867494323,service_start,,,514,20,1,1,1,service_time_sampled=0.215
158.90984071584523,service_end,,,514,20,1,1,1,duration=0.215
158.90984071584523,service_start,,,515,19,1,1,1,service_time_sampled=0.026
158.93553438373135,service_end,,,515,19,1,1,1,duration=0.026
158.93553438373135,service_start,,,516,18,1,1,1,service_time_sampled=0.067
159.0,unload_end,15,3,,18,1,1,1,
159.0,passengers_spawned,15,3,,18,1,1,1,count=51
159.0,passenger_queue_arrival,,,535,19,1,1,1,
159.0,passenger_queue_arrival,,,536,20,1,1,1,
159.0,passenger_queue_arrival,,,537,21,1,1,1,
159.0,passenger_queue_arrival,,,538,22,1,1,1,
159.0,passenger_queue_arrival,,,539,23,1,1,1,
159.0,passenger_queue_arrival,,,540,24,1,1,1,
159.0,passenger_queue_arrival,,,541,25,1,1,1,
159.0,passenger_queue_arrival,,,542,26,1,1,1,
159.0,passenger_queue_arrival,,,543,27,1,1,1,
159.0,passenger_queue_arrival,,,544,28,1,1,1,
159.0,passenger_queue_arrival,,,545,29,1,1,1,
159.0,passenger_queue_arrival,,,546,30,1,1,1,
159.0,passenger_queue_arrival,,,547,31,1,1,1,
159.0,passenger_queue_arrival,,,548,32,1,1,1,
159.0,passenger_queue_arrival,,,549,33,1,1,1,
159.0,passenger_queue_arrival,,,550,34,1,1,1,
159.0,passenger_queue_arrival,,,551,35,1,1,1,
159.0,passenger_queue_arrival,,,552,36,1,1,1,
159.0,passenger_queue_arrival,,,553,37,1,1,1,
159.0,passenger_queue_arrival,,,554,38,1,1,1,
159.0,passenger_queue_arrival,,,555,39,1,1,1,
159.0,passenger_queue_arrival,,,556,40,1,1,1,
159.0,passenger_queue_arrival,,,557,41,1,1,1,
159.0,passenger_queue_arrival,,,558,42,1,1,1,
159.0,passenger_queue_arrival,,,559,43,1,1,1,
159.0,passenger_queue_arrival,,,560,44,1,1,1,
159.0,passenger_queue_arrival,,,561,45,1,1,1,
159.0,passenger_queue_arrival,,,562,46,1,1,1,
159.0,passenger_queue_arrival,,,563,47,1,1,1,
159.0,passenger_queue_arrival,,,564,48,1,1,1,
159.0,passenger_queue_arrival,,,565,49,1,1,1,
159.0,passenger_queue_arrival,,,566,50,1,1,1,
159.0,passenger_queue_arrival,,,567,51,1,1,1,
159.0,passenger_queue_arrival,,,568,52,1,1,1,
159.0,passenger_queue_arrival,,,569,53,1,1,1,
159.0,passenger_queue_arrival,,,570,54,1,1,1,
159.0,passenger_queue_arrival,,,571,55,1,1,1,
159.0,passenger_queue_arrival,,,572,56,1,1,1,
159.0,passenger_queue_arrival,,,573,57,1,1,1,
159.0,passenger_queue_arrival,,,574,58,1,1,1,
159.0,passenger_queue_arrival,,,575,59,1,1,1,
159.0,passenger_queue_arrival,,,576,60,1,1,1,
159.0,passenger_queue_arrival,,,577,61,1,1,1,
159.0,passenger_queue_arrival,,,578,62,1,1,1,
159.0,passenger_queue_arrival,,,579,63,1,1,1,
159.0,passenger_queue_arrival,,,580,64,1,1,1,
159.0,passenger_queue_arrival,,,581,65,1,1,1,
159.0,passenger_queue_arrival,,,582,66,1,1,1,
159.0,passenger_queue_arrival,,,583,67,1,1,1,
159.0,passenger_queue_arrival,,,584,68,1,1,1,
159.0,passenger_queue_arrival,,,585,69,1,1,1,
159.0,landing_start,16,1,,69,1,1,1,landing_time=3
159.0026899472438,service_end,,,516,69,1,1,1,duration=0.067
159.0026899472438,service_start,,,517,68,1,1,1,service_time_sampled=0.047
159.04921098478857,service_end,,,517,68,1,1,1,duration=0.047
159.04921098478857,service_start,,,518,67,1,1,1,service_time_sampled=0.010
159.05921098478856,service_end,,,518,67,1,1,1,duration=0.010
159.05921098478856,service_start,,,519,66,1,1,1,service_time_sampled=0.124
159.18347551685315,service_end,,,519,66,1,1,1,duration=0.124
159.18347551685315,service_start,,,520,65,1,1,1,service_time_sampled=0.010
159.19347551685314,service_end,,,520,65,1,1,1,duration=0.010
159.19347551685314,service_start,,,521,64,1,1,1,service_time_sampled=0.051
159.24417135895212,service_end,,,521,64,1,1,1,duration=0.051
159.24417135895212,service_start,,,522,63,1,1,1,service_time_sampled=0.768
160.0118097569258,service_end,,,522,63,1,1,1,duration=0.768
160.0118097569258,service_start,,,523,62,1,1,1,service_time_sampled=0.221
160.23243456180614,service_end,,,523,62,1,1,1,duration=0.221
160.23243456180614,service_start,,,524,61,1,1,1,service_time_sampled=0.155
160.3871646879893,service_end,,,524,61,1,1,1,duration=0.155
160.3871646879893,service_start,,,525,60,1,1,1,service_time_sampled=0.110
160.49680503618416,service_end,,,525,60,1,1,1,duration=0.110
160.49680503618416,service_start,,,526,59,1,1,1,service_time_sampled=0.121
160.61733173682677,service_end,,,526,59,1,1,1,duration=0.121
160.61733173682677,service_start,,,527,58,1,1,1,service_time_sampled=0.171
160.78803840095426,service_end,,,527,58,1,1,1,duration=0.171
160.78803840095426,service_start,,,528,57,1,1,1,service_time_sampled=0.261
161.04940777709004,service_end,,,528,57,1,1,1,duration=0.261
161.04940777709004,service_start,,,529,56,1,1,1,service_time_sampled=0.013
161.0623460807207,service_end,,,529,56,1,1,1,duration=0.013
161.0623460807207,service_start,,,530,55,1,1,1,service_time_sampled=0.282
161.34473666122884,service_end,,,530,55,1,1,1,duration=0.282
161.34473666122884,service_start,,,531,54,1,1,1,service_time_sampled=0.467
161.81137131704767,service_end,,,531,54,1,1,1,duration=0.467
161.81137131704767,service_start,,,532,53,1,1,1,service_time_sampled=0.109
161.92067254130114,service_end,,,532,53,1,1,1,duration=0.109
161.92067254130114,service_start,,,533,52,1,1,1,service_time_sampled=0.050
161.97092506603488,service_end,,,533,52,1,1,1,duration=0.050
161.97092506603488,service_start,,,534,51,1,1,1,service_time_sampled=0.010
161.98092506603487,service_end,,,534,51,1,1,1,duration=0.010
161.98092506603487,service_start,,,535,50,1,1,1,service_time_sampled=0.053
162.0,landing_end,16,1,,50,1,1,1,pad_q=1
162.03364789819327,service_end,,,535,50,1,1,1,duration=0.053
162.03364789819327,service_start,,,536,49,1,1,1,service_time_sampled=0.010
162.04364789819326,service_end,,,536,49,1,1,1,duration=0.010
162.04364789819326,service_start,,,537,48,1,1,1,service_time_sampled=0.141
162.18513028719516,service_end,,,537,48,1,1,1,duration=0.141
162.18513028719516,service_start,,,538,47,1,1,1,service_time_sampled=0.113
162.2980742801696,service_end,,,538,47,1,1,1,duration=0.113
162.2980742801696,service_start,,,539,46,1,1,1,service_time_sampled=0.164
162.46225531719224,service_end,,,539,46,1,1,1,duration=0.164
162.46225531719224,service_start,,,540,45,1,1,1,service_time_sampled=0.255
162.7167873257634,service_end,,,540,45,1,1,1,duration=0.255
162.7167873257634,service_start,,,541,44,1,1,1,service_time_sampled=0.047
162.76411082666968,service_end,,,541,44,1,1,1,duration=0.047
162.76411082666968,service_start,,,542,43,1,1,1,service_time_sampled=0.173
162.9373705766697,service_end,,,542,43,1,1,1,duration=0.173
162.9373705766697,service_start,,,543,42,1,1,1,service_time_sampled=0.168
163.1054637130662,service_end,,,543,42,1,1,1,duration=0.168
163.1054637130662,service_start,,,544,41,1,1,1,service_time_sampled=0.102
163.20762517957718,service_end,,,544,41,1,1,1,duration=0.102
163.20762517957718,service_start,,,545,40,1,1,1,service_time_sampled=0.010
163.21762517957717,service_end,,,545,40,1,1,1,duration=0.010
163.21762517957717,service_start,,,546,39,1,1,1,service_time_sampled=0.250
163.46778794699807,service_end,,,546,39,1,1,1,duration=0.250
163.46778794699807,service_start,,,547,38,1,1,1,service_time_sampled=0.100
163.56772157477346,service_end,,,547,38,1,1,1,duration=0.100
163.56772157477346,service_start,,,548,37,1,1,1,service_time_sampled=0.078
163.64590790310194,service_end,,,548,37,1,1,1,duration=0.078
163.64590790310194,service_start,,,549,36,1,1,1,service_time_sampled=0.239
163.88511859616193,service_end,,,549,36,1,1,1,duration=0.239
163.88511859616193,service_start,,,550,35,1,1,1,service_time_sampled=0.015
163.90053625324427,service_end,,,550,35,1,1,1,duration=0.015
163.90053625324427,service_start,,,551,34,1,1,1,service_time_sampled=0.010
163.91053625324426,service_end,,,551,34,1,1,1,duration=0.010
163.91053625324426,service_start,,,552,33,1,1,1,service_time_sampled=0.137
164.0473999141256,service_end,,,552,33,1,1,1,duration=0.137
164.0473999141256,service_start,,,553,32,1,1,1,service_time_sampled=0.157
164.20466460445434,service_end,,,553,32,1,1,1,duration=0.157
164.20466460445434,service_start,,,554,31,1,1,1,service_time_sampled=0.094
164.2989469962841,service_end,,,554,31,1,1,1,duration=0.094
164.2989469962841,service_start,,,555,30,1,1,1,service_time_sampled=0.102
164.40107351718413,service_end,,,555,30,1,1,1,duration=0.102
164.40107351718413,service_start,,,556,29,1,1,1,service_time_sampled=0.185
164.58577491918044,service_end,,,556,29,1,1,1,duration=0.185
164.58577491918044,service_start,,,557,28,1,1,1,service_time_sampled=0.218
164.80380266462674,service_end,,,557,28,1,1,1,duration=0.218
164.80380266462674,service_start,,,558,27,1,1,1,service_time_sampled=0.131
164.93436729005546,service_end,,,558,27,1,1,1,duration=0.131
164.93436729005546,service_start,,,559,26,1,1,1,service_time_sampled=0.165
165.09937740760043,service_end,,,559,26,1,1,1,duration=0.165
165.09937740760043,service_start,,,560,25,1,1,1,service_time_sampled=0.089
165.18826706479783,service_end,,,560,25,1,1,1,duration=0.089
165.18826706479783,service_start,,,561,24,1,1,1,service_time_sampled=0.023
165.21085250582962,service_end,,,561,24,1,1,1,duration=0.023
165.21085250582962,service_start,,,562,23,1,1,1,service_time_sampled=0.201
165.41192337439824,service_end,,,562,23,1,1,1,duration=0.201
165.41192337439824,service_start,,,563,22,1,1,1,service_time_sampled=0.010
165.42192337439823,service_end,,,563,22,1,1,1,duration=0.010
165.42192337439823,service_start,,,564,21,1,1,1,service_time_sampled=0.023
165.444980237683,service_end,,,564,21,1,1,1,duration=0.023
165.444980237683,service_start,,,565,20,1,1,1,service_time_sampled=0.106
165.5507762868398,service_end,,,565,20,1,1,1,duration=0.106
165.5507762868398,service_start,,,566,19,1,1,1,service_time_sampled=0.057
165.60801548281702,service_end,,,566,19,1,1,1,duration=0.057
165.60801548281702,service_start,,,567,18,1,1,1,service_time_sampled=0.274
165.8822962152484,service_end,,,567,18,1,1,1,duration=0.274
165.8822962152484,service_start,,,568,17,1,1,1,service_time_sampled=0.045
165.92695810678853,service_end,,,568,17,1,1,1,duration=0.045
165.92695810678853,service_start,,,569,16,1,1,1,service_time_sampled=0.085
166.01150646678315,service_end,,,569,16,1,1,1,duration=0.085
166.01150646678315,service_start,,,570,15,1,1,1,service_time_sampled=0.026
166.03767457501738,service_end,,,570,15,1,1,1,duration=0.026
166.03767457501738,service_start,,,571,14,1,1,1,service_time_sampled=0.231
166.2689856463252,service_end,,,571,14,1,1,1,duration=0.231
166.2689856463252,service_start,,,572,13,1,1,1,service_time_sampled=0.056
166.32492667834674,service_end,,,572,13,1,1,1,duration=0.056
166.32492667834674,service_start,,,573,12,1,1,1,service_time_sampled=0.158
166.4826914544583,service_end,,,573,12,1,1,1,duration=0.158
166.4826914544583,service_start,,,574,11,1,1,1,service_time_sampled=0.166
166.64899834223854,service_end,,,574,11,1,1,1,duration=0.166
166.64899834223854,service_start,,,575,10,1,1,1,service_time_sampled=0.075
166.72367966559315,service_end,,,575,10,1,1,1,duration=0.075
166.72367966559315,service_start,,,576,9,1,1,1,service_time_sampled=0.015
166.738939336866,service_end,,,576,9,1,1,1,duration=0.015
166.738939336866,service_start,,,577,8,1,1,1,service_time_sampled=0.418
167.0,plane_arrive,18,1,,8,1,1,1,air_q=2
167.15678160607163,service_end,,,577,8,1,1,1,duration=0.418
167.15678160607163,service_start,,,578,7,1,1,1,service_time_sampled=0.503
167.66023849194613,service_end,,,578,7,1,1,1,duration=0.503
167.66023849194613,service_start,,,579,6,1,1,1,service_time_sampled=0.192
167.85242836295396,service_end,,,579,6,1,1,1,duration=0.192
167.85242836295396,service_start,,,580,5,1,1,1,service_time_sampled=0.078
167.9300299334396,service_end,,,580,5,1,1,1,duration=0.078
167.9300299334396,service_start,,,581,4,1,1,1,service_time_sampled=0.149
168.07914244681814,service_end,,,581,4,1,1,1,duration=0.149
168.07914244681814,service_start,,,582,3,1,1,1,service_time_sampled=0.083
168.1623158919053,service_end,,,582,3,1,1,1,duration=0.083
168.1623158919053,service_start,,,583,2,1,1,1,service_time_sampled=0.175
168.33752843217297,service_end,,,583,2,1,1,1,duration=0.175
168.33752843217297,service_start,,,584,1,1,1,1,service_time_sampled=0.037
168.37427061107462,service_end,,,584,1,1,1,1,duration=0.037
168.37427061107462,service_start,,,585,0,1,1,1,service_time_sampled=0.086
168.45982928453293,service_end,,,585,0,1,1,1,duration=0.086
169.0,unload_end,16,1,,0,1,1,1,
169.0,passengers_spawned,16,1,,0,1,1,1,count=24
169.0,passenger_queue_arrival,,,586,1,1,1,1,
169.0,passenger_queue_arrival,,,587,2,1,1,1,
169.0,passenger_queue_arrival,,,588,3,1,1,1,
169.0,passenger_queue_arrival,,,589,4,1,1,1,
169.0,passenger_queue_arrival,,,590,5,1,1,1,
169.0,passenger_queue_arrival,,,591,6,1,1,1,
169.0,passenger_queue_arrival,,,592,7,1,1,1,
169.0,passenger_queue_arrival,,,593,8,1,1,1,
169.0,passenger_queue_arrival,,,594,9,1,1,1,
169.0,passenger_queue_arrival,,,595,10,1,1,1,
169.0,passenger_queue_arrival,,,596,11,1,1,1,
169.0,passenger_queue_arrival,,,597,12,1,1,1,
169.0,passenger_queue_arrival,,,598,13,1,1,1,
169.0,passenger_queue_arrival,,,599,14,1,1,1,
169.0,passenger_queue_arrival,,,600,15,1,1,1,
169.0,passenger_queue_arrival,,,601,16,1,1,1,
169.0,passenger_queue_arrival,,,602,17,1,1,1,
169.0,passenger_queue_arrival,,,603,18,1,1,1,
169.0,passenger_queue_arrival,,,604,19,1,1,1,
169.0,passenger_queue_arrival,,,605,20,1,1,1,
169.0,passenger_queue_arrival,,,606,21,1,1,1,
169.0,passenger_queue_arrival,,,607,22,1,1,1,
169.0,passenger_queue_arrival,,,608,23,1,1,1,
169.0,passenger_queue_arrival,,,609,24,1,1,1,
169.0,landing_start,17,1,,24,1,1,1,landing_time=3
169.0,service_start,,,586,23,1,1,1,service_time_sampled=0.058
169.0579389927154,service_end,,,586,23,1,1,1,duration=0.058
169.0579389927154,service_start,,,587,22,1,1,1,service_time_sampled=0.026
169.08421139786168,service_end,,,587,22,1,1,1,duration=0.026
169.08421139786168,service_start,,,588,21,1,1,1,service_time_sampled=0.430
169.51463659478205,service_end,,,588,21,1,1,1,duration=0.430
169.51463659478205,service_start,,,589,20,1,1,1,service_time_sampled=0.097
169.61179282701903,service_end,,,589,20,1,1,1,duration=0.097
169.61179282701903,service_start,,,590,19,1,1,1,service_time_sampled=0.573
170.1848966524539,service_end,,,590,19,1,1,1,duration=0.573
170.1848966524539,service_start,,,591,18,1,1,1,service_time_sampled=0.030
170.21442665620697,service_end,,,591,18,1,1,1,duration=0.030
170.21442665620697,service_start,,,592,17,1,1,1,service_time_sampled=0.145
170.35893130042618,service_end,,,592,17,1,1,1,duration=0.145
170.35893130042618,service_start,,,593,16,1,1,1,service_time_sampled=0.092
170.45080043358465,service_end,,,593,16,1,1,1,duration=0.092
170.45080043358465,service_start,,,594,15,1,1,1,service_time_sampled=0.050
170.50081335742408,service_end,,,594,15,1,1,1,duration=0.050
170.50081335742408,service_start,,,595,14,1,1,1,service_time_sampled=0.026
170.52726091827066,service_end,,,595,14,1,1,1,duration=0.026
170.52726091827066,service_start,,,596,13,1,1,1,service_time_sampled=0.116
170.64320071836312,service_end,,,596,13,1,1,1,duration=0.116
170.64320071836312,service_start,,,597,12,1,1,1,service_time_sampled=0.275
170.91852636469144,service_end,,,597,12,1,1,1,duration=0.275
170.91852636469144,service_start,,,598,11,1,1,1,service_time_sampled=0.085
171.00361641822715,service_end,,,598,11,1,1,1,duration=0.085
171.00361641822715,service_start,,,599,10,1,1,1,service_time_sampled=0.091
171.0946222304841,service_end,,,599,10,1,1,1,duration=0.091
171.0946222304841,service_start,,,600,9,1,1,1,service_time_sampled=0.363
171.458067483599,service_end,,,600,9,1,1,1,duration=0.363
171.458067483599,service_start,,,601,8,1,1,1,service_time_sampled=0.037
171.4955612485224,service_end,,,601,8,1,1,1,duration=0.037
171.4955612485224,service_start,,,602,7,1,1,1,service_time_sampled=0.054
171.54992022587348,service_end,,,602,7,1,1,1,duration=0.054
171.54992022587348,service_start,,,603,6,1,1,1,service_time_sampled=0.268
171.8174732493469,service_end,,,603,6,1,1,1,duration=0.268
171.8174732493469,service_start,,,604,5,1,1,1,service_time_sampled=0.010
171.82787863699974,service_end,,,604,5,1,1,1,duration=0.010
171.82787863699974,service_start,,,605,4,1,1,1,service_time_sampled=0.010
171.83787863699973,service_end,,,605,4,1,1,1,duration=0.010
171.83787863699973,service_start,,,606,3,1,1,1,service_time_sampled=0.136
171.97390951948302,service_end,,,606,3,1,1,1,duration=0.136
171.97390951948302,service_start,,,607,2,1,1,1,service_time_sampled=0.082
172.0,landing_end,17,1,,2,1,1,1,pad_q=1
172.0560508096719,service_end,,,607,2,1,1,1,duration=0.082
172.0560508096719,service_start,,,608,1,1,1,1,service_time_sampled=0.296
172.35253687707453,service_end,,,608,1,1,1,1,duration=0.296
172.35253687707453,service_start,,,609,0,1,1,1,service_time_sampled=0.105
172.45792701345485,service_end,,,609,0,1,1,1,duration=0.105
174.0,plane_arrive,19,2,,0,1,1,1,air_q=2
175.77023533483592,failure,,,,,0,1,0,element=scanner
176.0,plane_arrive,20,2,,0,0,1,0,air_q=3
179.0,unload_end,17,1,,0,0,1,0,
179.0,passengers_spawned,17,1,,0,0,1,0,count=21
179.0,passenger_queue_arrival,,,610,1,0,1,0,
179.0,passenger_queue_arrival,,,611,2,0,1,0,
179.0,passenger_queue_arrival,,,612,3,0,1,0,
179.0,passenger_queue_arrival,,,613,4,0,1,0,
179.0,passenger_queue_arrival,,,614,5,0,1,0,
179.0,passenger_queue_arrival,,,615,6,0,1,0,
179.0,passenger_queue_arrival,,,616,7,0,1,0,
179.0,passenger_queue_arrival,,,617,8,0,1,0,
179.0,passenger_queue_arrival,,,618,9,0,1,0,
179.0,passenger_queue_arrival,,,619,10,0,1,0,
179.0,passenger_queue_arrival,,,620,11,0,1,0,
179.0,passenger_queue_arrival,,,621,12,0,1,0,
179.0,passenger_queue_arrival,,,622,13,0,1,0,
179.0,passenger_queue_arrival,,,623,14,0,1,0,
179.0,passenger_queue_arrival,,,624,15,0,1,0,
179.0,passenger_queue_arrival,,,625,16,0,1,0,
179.0,passenger_queue_arrival,,,626,17,0,1,0,
179.0,passenger_queue_arrival,,,627,18,0,1,0,
179.0,passenger_queue_arrival,,,628,19,0,1,0,
179.0,passenger_queue_arrival,,,629,20,0,1,0,
179.0,passenger_queue_arrival,,,630,21,0,1,0,
179.0,landing_start,18,1,,21,0,1,0,landing_time=3
179.0,service_start,,,610,20,0,1,0,service_time_sampled=0.127
179.0,plane_arrive,21,2,,20,0,1,0,air_q=3
181.6870359943366,repair,,,,,1,1,1,"element=scanner, repair_time=5.917"
181.82651755524938,service_end,,,610,20,1,1,1,duration=2.827
181.82651755524938,service_start,,,611,19,1,1,1,service_time_sampled=0.014
181.84062292108823,service_end,,,611,19,1,1,1,duration=0.014
181.84062292108823,service_start,,,612,18,1,1,1,service_time_sampled=0.220
182.0,landing_end,18,1,,18,1,1,1,pad_q=1
182.06074913710873,service_end,,,612,18,1,1,1,duration=0.220
182.06074913710873,service_start,,,613,17,1,1,1,service_time_sampled=0.154
182.21485620816446,service_end,,,613,17,1,1,1,duration=0.154
182.21485620816446,service_start,,,614,16,1,1,1,service_time_sampled=0.074
182.289282362539,service_end,,,614,16,1,1,1,duration=0.074
182.289282362539,service_start,,,615,15,1,1,1,service_time_sampled=0.236
182.5251919758608,service_end,,,615,15,1,1,1,duration=0.236
182.5251919758608,service_start,,,616,14,1,1,1,service_time_sampled=0.212
182.73754574032932,service_end,,,616,14,1,1,1,duration=0.212
182.73754574032932,service_start,,,617,13,1,1,1,service_time_sampled=0.217
182.95437406006684,service_end,,,617,13,1,1,1,duration=0.217
182.95437406006684,service_start,,,618,12,1,1,1,service_time_sampled=0.307
183.26105987598993,service_end,,,618,12,1,1,1,duration=0.307
183.26105987598993,service_start,,,619,11,1,1,1,service_time_sampled=0.207
183.4681316391466,service_end,,,619,11,1,1,1,duration=0.207
183.4681316391466,service_start,,,620,10,1,1,1,service_time_sampled=0.010
183.4781316391466,service_end,,,620,10,1,1,1,duration=0.010
183.4781316391466,service_start,,,621,9,1,1,1,service_time_sampled=0.128
183.60582818582176,service_end,,,621,9,1,1,1,duration=0.128
183.60582818582176,service_start,,,622,8,1,1,1,service_time_sampled=0.012
183.61821919863846,service_end,,,622,8,1,1,1,duration=0.012
183.61821919863846,service_start,,,623,7,1,1,1,service_time_sampled=0.281
183.89939301692579,service_end,,,623,7,1,1,1,duration=0.281
183.89939301692579,service_start,,,624,6,1,1,1,service_time_sampled=0.217
184.1162291751817,service_end,,,624,6,1,1,1,duration=0.217
184.1162291751817,service_start,,,625,5,1,1,1,service_time_sampled=0.117
184.2327869299931,service_end,,,625,5,1,1,1,duration=0.117
184.2327869299931,service_start,,,626,4,1,1,1,service_time_sampled=0.072
184.30463951757878,service_end,,,626,4,1,1,1,duration=0.072
184.30463951757878,service_start,,,627,3,1,1,1,service_time_sampled=0.145
184.4499401422357,service_end,,,627,3,1,1,1,duration=0.145
184.4499401422357,service_start,,,628,2,1,1,1,service_time_sampled=0.044
184.49389990839293,service_end,,,628,2,1,1,1,duration=0.044
184.49389990839293,service_start,,,629,1,1,1,1,service_time_sampled=0.146
184.63992561111,service_end,,,629,1,1,1,1,duration=0.146
184.63992561111,service_start,,,630,0,1,1,1,service_time_sampled=0.408
185.0483407885719,service_end,,,630,0,1,1,1,duration=0.408
189.0,unload_end,18,1,,0,1,1,1,
189.0,passengers_spawned,18,1,,0,1,1,1,count=20
189.0,passenger_queue_arrival,,,631,1,1,1,1,
189.0,passenger_queue_arrival,,,632,2,1,1,1,
189.0,passenger_queue_arrival,,,633,3,1,1,1,
189.0,passenger_queue_arrival,,,634,4,1,1,1,
189.0,passenger_queue_arrival,,,635,5,1,1,1,
189.0,passenger_queue_arrival,,,636,6,1,1,1,
189.0,passenger_queue_arrival,,,637,7,1,1,1,
189.0,passenger_queue_arrival,,,638,8,1,1,1,
189.0,passenger_queue_arrival,,,639,9,1,1,1,
189.0,passenger_queue_arrival,,,640,10,1,1,1,
189.0,passenger_queue_arrival,,,641,11,1,1,1,
189.0,passenger_queue_arrival,,,642,12,1,1,1,
189.0,passenger_queue_arrival,,,643,13,1,1,1,
189.0,passenger_queue_arrival,,,644,14,1,1,1,
189.0,passenger_queue_arrival,,,645,15,1,1,1,
189.0,passenger_queue_arrival,,,646,16,1,1,1,
189.0,passenger_queue_arrival,,,647,17,1,1,1,
189.0,passenger_queue_arrival,,,648,18,1,1,1,
189.0,passenger_queue_arrival,,,649,19,1,1,1,
189.0,passenger_queue_arrival,,,650,20,1,1,1,
189.0,landing_start,19,2,,20,1,1,1,landing_time=4
189.0,service_start,,,631,19,1,1,1,service_time_sampled=0.062
189.06187308189232,service_end,,,631,19,1,1,1,duration=0.062
189.06187308189232,service_start,,,632,18,1,1,1,service_time_sampled=0.205
189.26687908619925,service_end,,,632,18,1,1,1,duration=0.205
189.26687908619925,service_start,,,633,17,1,1,1,service_time_sampled=0.025
189.2916648108375,service_end,,,633,17,1,1,1,duration=0.025
189.2916648108375,service_start,,,634,16,1,1,1,service_time_sampled=0.054
189.3458061820889,service_end,,,634,16,1,1,1,duration=0.054
189.3458061820889,service_start,,,635,15,1,1,1,service_time_sampled=0.212
189.5581662905829,service_end,,,635,15,1,1,1,duration=0.212
189.5581662905829,service_start,,,636,14,1,1,1,service_time_sampled=0.106
189.66410201712628,service_end,,,636,14,1,1,1,duration=0.106
189.66410201712628,service_start,,,637,13,1,1,1,service_time_sampled=0.038
189.7021616365761,service_end,,,637,13,1,1,1,duration=0.038
189.7021616365761,service_start,,,638,12,1,1,1,service_time_sampled=0.064
189.76614233033402,service_end,,,638,12,1,1,1,duration=0.064
189.76614233033402,service_start,,,639,11,1,1,1,service_time_sampled=0.057
189.82282505365248,service_end,,,639,11,1,1,1,duration=0.057
189.82282505365248,service_start,,,640,10,1,1,1,service_time_sampled=0.089
189.9118379886973,service_end,,,640,10,1,1,1,duration=0.089
189.9118379886973,service_start,,,641,9,1,1,1,service_time_sampled=0.620
190.5321619295088,service_end,,,641,9,1,1,1,duration=0.620
190.5321619295088,service_start,,,642,8,1,1,1,service_time_sampled=0.036
190.56779907713963,service_end,,,642,8,1,1,1,duration=0.036
190.56779907713963,service_start,,,643,7,1,1,1,service_time_sampled=0.049
190.61652097564536,service_end,,,643,7,1,1,1,duration=0.049
190.61652097564536,service_start,,,644,6,1,1,1,service_time_sampled=0.277
190.8930959258095,service_end,,,644,6,1,1,1,duration=0.277
190.8930959258095,service_start,,,645,5,1,1,1,service_time_sampled=0.084
190.97666118910828,service_end,,,645,5,1,1,1,duration=0.084
190.97666118910828,service_start,,,646,4,1,1,1,service_time_sampled=0.130
191.10649431368205,service_end,,,646,4,1,1,1,duration=0.130
191.10649431368205,service_start,,,647,3,1,1,1,service_time_sampled=0.253
191.35904374889697,service_end,,,647,3,1,1,1,duration=0.253
191.35904374889697,service_start,,,648,2,1,1,1,service_time_sampled=0.013
191.3723102146814,service_end,,,648,2,1,1,1,duration=0.013
191.3723102146814,service_start,,,649,1,1,1,1,service_time_sampled=0.024
191.3967366823653,service_end,,,649,1,1,1,1,duration=0.024
191.3967366823653,service_start,,,650,0,1,1,1,service_time_sampled=0.019
191.4158734324493,service_end,,,650,0,1,1,1,duration=0.019
193.0,landing_end,19,2,,0,1,1,1,pad_q=1
194.73390017964743,failure,,,,,0,1,0,element=scanner
198.0,plane_arrive,22,1,,0,0,1,0,air_q=3
200.0,unload_end,19,2,,0,0,1,0,
200.0,passengers_spawned,19,2,,0,0,1,0,count=31
200.0,passenger_queue_arrival,,,651,1,0,1,0,
200.0,passenger_queue_arrival,,,652,2,0,1,0,
200.0,passenger_queue_arrival,,,653,3,0,1,0,
200.0,passenger_queue_arrival,,,654,4,0,1,0,
200.0,passenger_queue_arrival,,,655,5,0,1,0,
200.0,passenger_queue_arrival,,,656,6,0,1,0,
200.0,passenger_queue_arrival,,,657,7,0,1,0,
200.0,passenger_queue_arrival,,,658,8,0,1,0,
200.0,passenger_queue_arrival,,,659,9,0,1,0,
200.0,passenger_queue_arrival,,,660,10,0,1,0,
200.0,passenger_queue_arrival,,,661,11,0,1,0,
200.0,passenger_queue_arrival,,,662,12,0,1,0,
200.0,passenger_queue_arrival,,,663,13,0,1,0,
200.0,passenger_queue_arrival,,,664,14,0,1,0,
200.0,passenger_queue_arrival,,,665,15,0,1,0,
200.0,passenger_queue_arrival,,,666,16,0,1,0,
200.0,passenger_queue_arrival,,,667,17,0,1,0,
200.0,passenger_queue_arrival,,,668,18,0,1,0,
200.0,passenger_queue_arrival,,,669,19,0,1,0,
200.0,passenger_queue_arrival,,,670,20,0,1,0,
200.0,passenger_queue_arrival,,,671,21,0,1,0,
200.0,passenger_queue_arrival,,,672,22,0,1,0,
200.0,passenger_queue_arrival,,,673,23,0,1,0,
200.0,passenger_queue_arrival,,,674,24,0,1,0,
200.0,passenger_queue_arrival,,,675,25,0,1,0,
200.0,passenger_queue_arrival,,,676,26,0,1,0,
200.0,passenger_queue_arrival,,,677,27,0,1,0,
200.0,passenger_queue_arrival,,,678,28,0,1,0,
200.0,passenger_queue_arrival,,,679,29,0,1,0,
200.0,passenger_queue_arrival,,,680,30,0,1,0,
200.0,passenger_queue_arrival,,,681,31,0,1,0,
200.0,landing_start,20,2,,31,0,1,0,landing_time=3
200.0,service_start,,,651,30,0,1,0,service_time_sampled=0.014
200.5580662574313,repair,,,,,1,1,1,"element=scanner, repair_time=5.824"
200.61371143334532,service_end,,,651,30,1,1,1,duration=0.614
200.61371143334532,service_start,,,652,29,1,1,1,service_time_sampled=0.155
200.7685547362706,service_end,,,652,29,1,1,1,duration=0.155
200.7685547362706,service_start,,,653,28,1,1,1,service_time_sampled=0.062
200.83092727660906,service_end,,,653,28,1,1,1,duration=0.062
200.83092727660906,service_start,,,654,27,1,1,1,service_time_sampled=0.081
200.9119194370162,service_end,,,654,27,1,1,1,duration=0.081
200.9119194370162,service_start,,,655,26,1,1,1,service_time_sampled=0.116
201.0283684263604,service_end,,,655,26,1,1,1,duration=0.116
201.0283684263604,service_start,,,656,25,1,1,1,service_time_sampled=0.101
201.12938331881443,service_end,,,656,25,1,1,1,duration=0.101
201.12938331881443,service_start,,,657,24,1,1,1,service_time_sampled=0.140
201.26937539379088,service_end,,,657,24,1,1,1,duration=0.140
201.26937539379088,service_start,,,658,23,1,1,1,service_time_sampled=0.086
201.3555645792107,service_end,,,658,23,1,1,1,duration=0.086
201.3555645792107,service_start,,,659,22,1,1,1,service_time_sampled=0.132
201.4873939348449,service_end,,,659,22,1,1,1,duration=0.132
201.4873939348449,service_start,,,660,21,1,1,1,service_time_sampled=0.063
201.5504243896881,service_end,,,660,21,1,1,1,duration=0.063
201.5504243896881,service_start,,,661,20,1,1,1,service_time_sampled=0.013
201.5629349824489,service_end,,,661,20,1,1,1,duration=0.013
201.5629349824489,service_start,,,662,19,1,1,1,service_time_sampled=0.010
201.57293498244888,service_end,,,662,19,1,1,1,duration=0.010
201.57293498244888,service_start,,,663,18,1,1,1,service_time_sampled=0.044
201.61722847522722,service_end,,,663,18,1,1,1,duration=0.044
201.61722847522722,service_start,,,664,17,1,1,1,service_time_sampled=0.221
201.8379509707898,service_end,,,664,17,1,1,1,duration=0.221
201.8379509707898,service_start,,,665,16,1,1,1,service_time_sampled=0.010
201.84795097078978,service_end,,,665,16,1,1,1,duration=0.010
201.84795097078978,service_start,,,666,15,1,1,1,service_time_sampled=0.060
201.90833439020977,service_end,,,666,15,1,1,1,duration=0.060
201.90833439020977,service_start,,,667,14,1,1,1,service_time_sampled=0.026
201.93447741579232,service_end,,,667,14,1,1,1,duration=0.026
201.93447741579232,service_start,,,668,13,1,1,1,service_time_sampled=0.173
202.10717794693952,service_end,,,668,13,1,1,1,duration=0.173
202.10717794693952,service_start,,,669,12,1,1,1,service_time_sampled=0.022
202.12940271764208,service_end,,,669,12,1,1,1,duration=0.022
202.12940271764208,service_start,,,670,11,1,1,1,service_time_sampled=0.297
202.42605708925655,service_end,,,670,11,1,1,1,duration=0.297
202.42605708925655,service_start,,,671,10,1,1,1,service_time_sampled=0.228
202.653735720982,service_end,,,671,10,1,1,1,duration=0.228
202.653735720982,service_start,,,672,9,1,1,1,service_time_sampled=0.274
202.92764578095952,service_end,,,672,9,1,1,1,duration=0.274
202.92764578095952,service_start,,,673,8,1,1,1,service_time_sampled=0.124
203.0,landing_end,20,2,,8,1,1,1,pad_q=1
203.0516887333773,service_end,,,673,8,1,1,1,duration=0.124
203.0516887333773,service_start,,,674,7,1,1,1,service_time_sampled=0.023
203.07506005069186,service_end,,,674,7,1,1,1,duration=0.023
203.07506005069186,service_start,,,675,6,1,1,1,service_time_sampled=0.068
203.1434862631407,service_end,,,675,6,1,1,1,duration=0.068
203.1434862631407,service_start,,,676,5,1,1,1,service_time_sampled=0.016
203.1599849397838,service_end,,,676,5,1,1,1,duration=0.016
203.1599849397838,service_start,,,677,4,1,1,1,service_time_sampled=0.083
203.24299762069697,service_end,,,677,4,1,1,1,duration=0.083
203.24299762069697,service_start,,,678,3,1,1,1,service_time_sampled=0.238
203.4805508310812,service_end,,,678,3,1,1,1,duration=0.238
203.4805508310812,service_start,,,679,2,1,1,1,service_time_sampled=0.023
203.50325309788334,service_end,,,679,2,1,1,1,duration=0.023
203.50325309788334,service_start,,,680,1,1,1,1,service_time_sampled=0.080
203.5834196875055,service_end,,,680,1,1,1,1,duration=0.080
203.5834196875055,service_start,,,681,0,1,1,1,service_time_sampled=0.273
203.8567278086753,service_end,,,681,0,1,1,1,duration=0.273
210.0,unload_end,20,2,,0,1,1,1,
210.0,passengers_spawned,20,2,,0,1,1,1,count=41
210.0,passenger_queue_arrival,,,682,1,1,1,1,
210.0,passenger_queue_arrival,,,683,2,1,1,1,
210.0,passenger_queue_arrival,,,684,3,1,1,1,
210.0,passenger_queue_arrival,,,685,4,1,1,1,
210.0,passenger_queue_arrival,,,686,5,1,1,1,
210.0,passenger_queue_arrival,,,687,6,1,1,1,
210.0,passenger_queue_arrival,,,688,7,1,1,1,
210.0,passenger_queue_arrival,,,689,8,1,1,1,
210.0,passenger_queue_arrival,,,690,9,1,1,1,
210.0,passenger_queue_arrival,,,691,10,1,1,1,
210.0,passenger_queue_arrival,,,692,11,1,1,1,
210.0,passenger_queue_arrival,,,693,12,1,1,1,
210.0,passenger_queue_arrival,,,694,13,1,1,1,
210.0,passenger_queue_arrival,,,695,14,1,1,1,
210.0,passenger_queue_arrival,,,696,15,1,1,1,
210.0,passenger_queue_arrival,,,697,16,1,1,1,
210.0,passenger_queue_arrival,,,698,17,1,1,1,
210.0,passenger_queue_arrival,,,699,18,1,1,1,
210.0,passenger_queue_arrival,,,700,19,1,1,1,
210.0,passenger_queue_arrival,,,701,20,1,1,1,
210.0,passenger_queue_arrival,,,702,21,1,1,1,
210.0,passenger_queue_arrival,,,703,22,1,1,1,
210.0,passenger_queue_arrival,,,704,23,1,1,1,
210.0,passenger_queue_arrival,,,705,24,1,1,1,
210.0,passenger_queue_arrival,,,706,25,1,1,1,
210.0,passenger_queue_arrival,,,707,26,1,1,1,
210.0,passenger_queue_arrival,,,708,27,1,1,1,
210.0,passenger_queue_arrival,,,709,28,1,1,1,
210.0,passenger_queue_arrival,,,710,29,1,1,1,
210.0,passenger_queue_arrival,,,711,30,1,1,1,
210.0,passenger_queue_arrival,,,712,31,1,1,1,
210.0,passenger_queue_arrival,,,713,32,1,1,1,
210.0,passenger_queue_arrival,,,714,33,1,1,1,
210.0,passenger_queue_arrival,,,715,34,1,1,1,
210.0,passenger_queue_arrival,,,716,35,1,1,1,
210.0,passenger_queue_arrival,,,717,36,1,1,1,
210.0,passenger_queue_arrival,,,718,37,1,1,1,
210.0,passenger_queue_arrival,,,719,38,1,1,1,
210.0,passenger_queue_arrival,,,720,39,1,1,1,
210.0,passenger_queue_arrival,,,721,40,1,1,1,
210.0,passenger_queue_arrival,,,722,41,1,1,1,
210.0,landing_start,21,2,,41,1,1,1,landing_time=3
210.0,service_start,,,682,40,1,1,1,service_time_sampled=0.170
210.17025838377208,service_end,,,682,40,1,1,1,duration=0.170
210.17025838377208,service_start,,,683,39,1,1,1,service_time_sampled=0.083
210.25330344504292,service_end,,,683,39,1,1,1,duration=0.083
210.25330344504292,service_start,,,684,38,1,1,1,service_time_sampled=0.413
210.66606849309082,service_end,,,684,38,1,1,1,duration=0.413
210.66606849309082,service_start,,,685,37,1,1,1,service_time_sampled=0.017
210.6834418892951,service_end,,,685,37,1,1,1,duration=0.017
210.6834418892951,service_start,,,686,36,1,1,1,service_time_sampled=0.010
210.6934418892951,service_end,,,686,36,1,1,1,duration=0.010
210.6934418892951,service_start,,,687,35,1,1,1,service_time_sampled=0.327
211.02093665408654,service_end,,,687,35,1,1,1,duration=0.327
211.02093665408654,service_start,,,688,34,1,1,1,service_time_sampled=0.098
211.11881513066385,service_end,,,688,34,1,1,1,duration=0.098
211.11881513066385,service_start,,,689,33,1,1,1,service_time_sampled=0.097
211.2162220355223,service_end,,,689,33,1,1,1,duration=0.097
211.2162220355223,service_start,,,690,32,1,1,1,service_time_sampled=0.091
211.30705468226284,service_end,,,690,32,1,1,1,duration=0.091
211.30705468226284,service_start,,,691,31,1,1,1,service_time_sampled=0.158
211.46481579686971,service_end,,,691,31,1,1,1,duration=0.158
211.46481579686971,service_start,,,692,30,1,1,1,service_time_sampled=0.136
211.6007678060277,service_end,,,692,30,1,1,1,duration=0.136
211.6007678060277,service_start,,,693,29,1,1,1,service_time_sampled=0.169
211.76989171710287,service_end,,,693,29,1,1,1,duration=0.169
211.76989171710287,service_start,,,694,28,1,1,1,service_time_sampled=0.090
211.8600038939321,service_end,,,694,28,1,1,1,duration=0.090
211.8600038939321,service_start,,,695,27,1,1,1,service_time_sampled=0.194
212.05391435854708,service_end,,,695,27,1,1,1,duration=0.194
212.05391435854708,service_start,,,696,26,1,1,1,service_time_sampled=0.136
212.19005551541275,service_end,,,696,26,1,1,1,duration=0.136
212.19005551541275,service_start,,,697,25,1,1,1,service_time_sampled=0.223
212.41299235772362,service_end,,,697,25,1,1,1,duration=0.223
212.41299235772362,service_start,,,698,24,1,1,1,service_time_sampled=0.186
212.59916656771117,service_end,,,698,24,1,1,1,duration=0.186
212.59916656771117,service_start,,,699,23,1,1,1,service_time_sampled=0.017
212.616271384633,service_end,,,699,23,1,1,1,duration=0.017
212.616271384633,service_start,,,700,22,1,1,1,service_time_sampled=0.074
212.68980161741658,service_end,,,700,22,1,1,1,duration=0.074
212.68980161741658,service_start,,,701,21,1,1,1,service_time_sampled=0.139
212.82901614136227,service_end,,,701,21,1,1,1,duration=0.139
212.82901614136227,service_start,,,702,20,1,1,1,service_time_sampled=0.157
212.98585132690727,service_end,,,702,20,1,1,1,duration=0.157
212.98585132690727,service_start,,,703,19,1,1,1,service_time_sampled=0.073
213.0,landing_end,21,2,,19,1,1,1,pad_q=1
213.05918868622283,service_end,,,703,19,1,1,1,duration=0.073
213.05918868622283,service_start,,,704,18,1,1,1,service_time_sampled=0.112
213.17160953023713,service_end,,,704,18,1,1,1,duration=0.112
213.17160953023713,service_start,,,705,17,1,1,1,service_time_sampled=0.270
213.44201058708626,service_end,,,705,17,1,1,1,duration=0.270
213.44201058708626,service_start,,,706,16,1,1,1,service_time_sampled=0.031
213.47316753215802,service_end,,,706,16,1,1,1,duration=0.031
213.47316753215802,service_start,,,707,15,1,1,1,service_time_sampled=0.039
213.51223991086337,service_end,,,707,15,1,1,1,duration=0.039
213.51223991086337,service_start,,,708,14,1,1,1,service_time_sampled=0.045
213.5574789803866,service_end,,,708,14,1,1,1,duration=0.045
213.5574789803866,service_start,,,709,13,1,1,1,service_time_sampled=0.020
213.57746268390397,service_end,,,709,13,1,1,1,duration=0.020
213.57746268390397,service_start,,,710,12,1,1,1,service_time_sampled=0.114
213.69157297842136,service_end,,,710,12,1,1,1,duration=0.114
213.69157297842136,service_start,,,711,11,1,1,1,service_time_sampled=0.110
213.80131926897621,service_end,,,711,11,1,1,1,duration=0.110
213.80131926897621,service_start,,,712,10,1,1,1,service_time_sampled=0.537
214.33846962543774,service_end,,,712,10,1,1,1,duration=0.537
214.33846962543774,service_start,,,713,9,1,1,1,service_time_sampled=0.094
214.43273018310475,service_end,,,713,9,1,1,1,duration=0.094
214.43273018310475,service_start,,,714,8,1,1,1,service_time_sampled=0.034
214.46656204507707,service_end,,,714,8,1,1,1,duration=0.034
214.46656204507707,service_start,,,715,7,1,1,1,service_time_sampled=0.014
214.48031394309743,service_end,,,715,7,1,1,1,duration=0.014
214.48031394309743,service_start,,,716,6,1,1,1,service_time_sampled=0.113
214.5938025608573,service_end,,,716,6,1,1,1,duration=0.113
214.5938025608573,service_start,,,717,5,1,1,1,service_time_sampled=0.019
214.61305877081315,service_end,,,717,5,1,1,1,duration=0.019
214.61305877081315,service_start,,,718,4,1,1,1,service_time_sampled=0.018
214.6308776920007,service_end,,,718,4,1,1,1,duration=0.018
214.6308776920007,service_start,,,719,3,1,1,1,service_time_sampled=0.078
214.70902043542287,service_end,,,719,3,1,1,1,duration=0.078
214.70902043542287,service_start,,,720,2,1,1,1,service_time_sampled=0.209
214.9176756856609,service_end,,,720,2,1,1,1,duration=0.209
214.9176756856609,service_start,,,721,1,1,1,1,service_time_sampled=0.043
214.96087964965676,service_end,,,721,1,1,1,1,duration=0.043
214.96087964965676,service_start,,,722,0,1,1,1,service_time_sampled=0.040
215.00043073975758,service_end,,,722,0,1,1,1,duration=0.040
218.0,plane_arrive,23,1,,0,1,1,1,air_q=2
220.0,unload_end,21,2,,0,1,1,1,
220.0,passengers_spawned,21,2,,0,1,1,1,count=32
220.0,passenger_queue_arrival,,,723,1,1,1,1,
220.0,passenger_queue_arrival,,,724,2,1,1,1,
220.0,passenger_queue_arrival,,,725,3,1,1,1,
220.0,passenger_queue_arrival,,,726,4,1,1,1,
220.0,passenger_queue_arrival,,,727,5,1,1,1,
220.0,passenger_queue_arrival,,,728,6,1,1,1,
220.0,passenger_queue_arrival,,,729,7,1,1,1,
220.0,passenger_queue_arrival,,,730,8,1,1,1,
220.0,passenger_queue_arrival,,,731,9,1,1,1,
220.0,passenger_queue_arrival,,,732,10,1,1,1,
220.0,passenger_queue_arrival,,,733,11,1,1,1,
220.0,passenger_queue_arrival,,,734,12,1,1,1,
220.0,passenger_queue_arrival,,,735,13,1,1,1,
220.0,passenger_queue_arrival,,,736,14,1,1,1,
220.0,passenger_queue_arrival,,,737,15,1,1,1,
220.0,passenger_queue_arrival,,,738,16,1,1,1,
220.0,passenger_queue_arrival,,,739,17,1,1,1,
220.0,passenger_queue_arrival,,,740,18,1,1,1,
220.0,passenger_queue_arrival,,,741,19,1,1,1,
220.0,passenger_queue_arrival,,,742,20,1,1,1,
220.0,passenger_queue_arrival,,,743,21,1,1,1,
220.0,passenger_queue_arrival,,,744,22,1,1,1,
220.0,passenger_queue_arrival,,,745,23,1,1,1,
220.0,passenger_queue_arrival,,,746,24,1,1,1,
220.0,passenger_queue_arrival,,,747,25,1,1,1,
220.0,passenger_queue_arrival,,,748,26,1,1,1,
220.0,passenger_queue_arrival,,,749,27,1,1,1,
220.0,passenger_queue_arrival,,,750,28,1,1,1,
220.0,passenger_queue_arrival,,,751,29,1,1,1,
220.0,passenger_queue_arrival,,,752,30,1,1,1,
220.0,passenger_queue_arrival,,,753,31,1,1,1,
220.0,passenger_queue_arrival,,,754,32,1,1,1,
220.0,landing_start,22,1,,32,1,1,1,landing_time=3
220.0,service_start,,,723,31,1,1,1,service_time_sampled=0.277
220.0,plane_arrive,24,3,,31,1,1,1,air_q=2
220.27675317339342,service_end,,,723,31,1,1,1,duration=0.277
220.27675317339342,service_start,,,724,30,1,1,1,service_time_sampled=0.102
220.37863397117673,service_end,,,724,30,1,1,1,duration=0.102
220.37863397117673,service_start,,,725,29,1,1,1,service_time_sampled=0.031
220.40976087232633,service_end,,,725,29,1,1,1,duration=0.031
220.40976087232633,service_start,,,726,28,1,1,1,service_time_sampled=0.173
220.58293979017392,service_end,,,726,28,1,1,1,duration=0.173
220.58293979017392,service_start,,,727,27,1,1,1,service_time_sampled=0.093
220.67617262629642,service_end,,,727,27,1,1,1,duration=0.093
220.67617262629642,service_start,,,728,26,1,1,1,service_time_sampled=0.055
220.73105479851614,service_end,,,728,26,1,1,1,duration=0.055
220.73105479851614,service_start,,,729,25,1,1,1,service_time_sampled=0.095
220.82629131579145,service_end,,,729,25,1,1,1,duration=0.095
220.82629131579145,service_start,,,730,24,1,1,1,service_time_sampled=0.034
220.8602388724879,service_end,,,730,24,1,1,1,duration=0.034
220.8602388724879,service_start,,,731,23,1,1,1,service_time_sampled=0.062
220.92265373786603,service_end,,,731,23,1,1,1,duration=0.062
220.92265373786603,service_start,,,732,22,1,1,1,service_time_sampled=0.361
221.28367349134055,service_end,,,732,22,1,1,1,duration=0.361
221.28367349134055,service_start,,,733,21,1,1,1,service_time_sampled=0.123
221.40653862511394,service_end,,,733,21,1,1,1,duration=0.123
221.40653862511394,service_start,,,734,20,1,1,1,service_time_sampled=0.085
221.49198793464117,service_end,,,734,20,1,1,1,duration=0.085
221.49198793464117,service_start,,,735,19,1,1,1,service_time_sampled=0.010
221.50198793464116,service_end,,,735,19,1,1,1,duration=0.010
221.50198793464116,service_start,,,736,18,1,1,1,service_time_sampled=0.199
221.7012386418541,service_end,,,736,18,1,1,1,duration=0.199
221.7012386418541,service_start,,,737,17,1,1,1,service_time_sampled=0.036
221.73731977132155,service_end,,,737,17,1,1,1,duration=0.036
221.73731977132155,service_start,,,738,16,1,1,1,service_time_sampled=0.035
221.77228443049717,service_end,,,738,16,1,1,1,duration=0.035
221.77228443049717,service_start,,,739,15,1,1,1,service_time_sampled=0.036
221.8081698361431,service_end,,,739,15,1,1,1,duration=0.036
221.8081698361431,service_start,,,740,14,1,1,1,service_time_sampled=0.055
221.8636004265017,service_end,,,740,14,1,1,1,duration=0.055
221.8636004265017,service_start,,,741,13,1,1,1,service_time_sampled=0.124
221.9878246840829,service_end,,,741,13,1,1,1,duration=0.124
221.9878246840829,service_start,,,742,12,1,1,1,service_time_sampled=0.017
222.00445877822938,service_end,,,742,12,1,1,1,duration=0.017
222.00445877822938,service_start,,,743,11,1,1,1,service_time_sampled=0.010
222.01445877822937,service_end,,,743,11,1,1,1,duration=0.010
222.01445877822937,service_start,,,744,10,1,1,1,service_time_sampled=0.040
222.05449207783343,service_end,,,744,10,1,1,1,duration=0.040
222.05449207783343,service_start,,,745,9,1,1,1,service_time_sampled=0.123
222.17725308405792,service_end,,,745,9,1,1,1,duration=0.123
222.17725308405792,service_start,,,746,8,1,1,1,service_time_sampled=0.079
222.25640032854227,service_end,,,746,8,1,1,1,duration=0.079
222.25640032854227,service_start,,,747,7,1,1,1,service_time_sampled=0.035
222.29099869733994,service_end,,,747,7,1,1,1,duration=0.035
222.29099869733994,service_start,,,748,6,1,1,1,service_time_sampled=0.046
222.33743663181215,service_end,,,748,6,1,1,1,duration=0.046
222.33743663181215,service_start,,,749,5,1,1,1,service_time_sampled=0.014
222.35189245523082,service_end,,,749,5,1,1,1,duration=0.014
222.35189245523082,service_start,,,750,4,1,1,1,service_time_sampled=0.010
222.36192755081512,service_end,,,750,4,1,1,1,duration=0.010
222.36192755081512,service_start,,,751,3,1,1,1,service_time_sampled=0.027
222.38849173514762,service_end,,,751,3,1,1,1,duration=0.027
222.38849173514762,service_start,,,752,2,1,1,1,service_time_sampled=0.031
222.41914031375137,service_end,,,752,2,1,1,1,duration=0.031
222.41914031375137,service_start,,,753,1,1,1,1,service_time_sampled=0.023
222.44245435125748,service_end,,,753,1,1,1,1,duration=0.023
222.44245435125748,service_start,,,754,0,1,1,1,service_time_sampled=0.281
222.723690478403,service_end,,,754,0,1,1,1,duration=0.281
223.0,landing_end,22,1,,0,1,1,1,pad_q=1
230.0,unload_end,22,1,,0,1,1,1,
230.0,passengers_spawned,22,1,,0,1,1,1,count=22
230.0,passenger_queue_arrival,,,755,1,1,1,1,
230.0,passenger_queue_arrival,,,756,2,1,1,1,
230.0,passenger_queue_arrival,,,757,3,1,1,1,
230.0,passenger_queue_arrival,,,758,4,1,1,1,
230.0,passenger_queue_arrival,,,759,5,1,1,1,
230.0,passenger_queue_arrival,,,760,6,1,1,1,
230.0,passenger_queue_arrival,,,761,7,1,1,1,
230.0,passenger_queue_arrival,,,762,8,1,1,1,
230.0,passenger_queue_arrival,,,763,9,1,1,1,
230.0,passenger_queue_arrival,,,764,10,1,1,1,
230.0,passenger_queue_arrival,,,765,11,1,1,1,
230.0,passenger_queue_arrival,,,766,12,1,1,1,
230.0,passenger_queue_arrival,,,767,13,1,1,1,
230.0,passenger_queue_arrival,,,768,14,1,1,1,
230.0,passenger_queue_arrival,,,769,15,1,1,1,
230.0,passenger_queue_arrival,,,770,16,1,1,1,
230.0,passenger_queue_arrival,,,771,17,1,1,1,
230.0,passenger_queue_arrival,,,772,18,1,1,1,
230.0,passenger_queue_arrival,,,773,19,1,1,1,
230.0,passenger_queue_arrival,,,774,20,1,1,1,
230.0,passenger_queue_arrival,,,775,21,1,1,1,
230.0,passenger_queue_arrival,,,776,22,1,1,1,
230.0,landing_start,23,1,,22,1,1,1,landing_time=3
230.0,service_start,,,755,21,1,1,1,service_time_sampled=0.010
230.01,service_end,,,755,21,1,1,1,duration=0.010
230.01,service_start,,,756,20,1,1,1,service_time_sampled=0.122
230.13225704509506,service_end,,,756,20,1,1,1,duration=0.122
230.13225704509506,service_start,,,757,19,1,1,1,service_time_sampled=0.194
230.32590879880416,service_end,,,757,19,1,1,1,duration=0.194
230.32590879880416,service_start,,,758,18,1,1,1,service_time_sampled=0.030
230.35595633814535,service_end,,,758,18,1,1,1,duration=0.030
230.35595633814535,service_start,,,759,17,1,1,1,service_time_sampled=0.266
230.6220536890661,service_end,,,759,17,1,1,1,duration=0.266
230.6220536890661,service_start,,,760,16,1,1,1,service_time_sampled=0.234
230.85612675357496,service_end,,,760,16,1,1,1,duration=0.234
230.85612675357496,service_start,,,761,15,1,1,1,service_time_sampled=0.010
230.86612675357495,service_end,,,761,15,1,1,1,duration=0.010
230.86612675357495,service_start,,,762,14,1,1,1,service_time_sampled=0.178
231.04369780650174,service_end,,,762,14,1,1,1,duration=0.178
231.04369780650174,service_start,,,763,13,1,1,1,service_time_sampled=0.189
231.23236534443865,service_end,,,763,13,1,1,1,duration=0.189
231.23236534443865,service_start,,,764,12,1,1,1,service_time_sampled=0.113
231.34537741392185,service_end,,,764,12,1,1,1,duration=0.113
231.34537741392185,service_start,,,765,11,1,1,1,service_time_sampled=0.032
231.37747243743996,service_end,,,765,11,1,1,1,duration=0.032
231.37747243743996,service_start,,,766,10,1,1,1,service_time_sampled=0.082
231.45918479828464,service_end,,,766,10,1,1,1,duration=0.082
231.45918479828464,service_start,,,767,9,1,1,1,service_time_sampled=0.376
231.83565038023212,service_end,,,767,9,1,1,1,duration=0.376
231.83565038023212,service_start,,,768,8,1,1,1,service_time_sampled=0.116
231.95150809086894,service_end,,,768,8,1,1,1,duration=0.116
231.95150809086894,service_start,,,769,7,1,1,1,service_time_sampled=0.406
232.35716520722644,service_end,,,769,7,1,1,1,duration=0.406
232.35716520722644,service_start,,,770,6,1,1,1,service_time_sampled=0.212
232.56960086334695,service_end,,,770,6,1,1,1,duration=0.212
232.56960086334695,service_start,,,771,5,1,1,1,service_time_sampled=0.114
232.6837936025248,service_end,,,771,5,1,1,1,duration=0.114
232.6837936025248,service_start,,,772,4,1,1,1,service_time_sampled=0.215
232.898433338091,service_end,,,772,4,1,1,1,duration=0.215
232.898433338091,service_start,,,773,3,1,1,1,service_time_sampled=0.080
232.97804875357141,service_end,,,773,3,1,1,1,duration=0.080
232.97804875357141,service_start,,,774,2,1,1,1,service_time_sampled=0.019
232.9968512752904,service_end,,,774,2,1,1,1,duration=0.019
232.9968512752904,service_start,,,775,1,1,1,1,service_time_sampled=0.100
233.0,landing_end,23,1,,1,1,1,1,pad_q=1
233.0966582798884,service_end,,,775,1,1,1,1,duration=0.100
233.0966582798884,service_start,,,776,0,1,1,1,service_time_sampled=0.028
233.12445290338488,service_end,,,776,0,1,1,1,duration=0.028
234.0,plane_arrive,25,2,,0,1,1,1,air_q=2
236.0,plane_arrive,26,1,,0,1,1,1,air_q=3
240.0,unload_end,23,1,,0,1,1,1,
240.0,passengers_spawned,23,1,,0,1,1,1,count=27
240.0,passenger_queue_arrival,,,777,1,1,1,1,
240.0,passenger_queue_arrival,,,778,2,1,1,1,
240.0,passenger_queue_arrival,,,779,3,1,1,1,
240.0,passenger_queue_arrival,,,780,4,1,1,1,
240.0,passenger_queue_arrival,,,781,5,1,1,1,
240.0,passenger_queue_arrival,,,782,6,1,1,1,
240.0,passenger_queue_arrival,,,783,7,1,1,1,
240.0,passenger_queue_arrival,,,784,8,1,1,1,
240.0,passenger_queue_arrival,,,785,9,1,1,1,
240.0,passenger_queue_arrival,,,786,10,1,1,1,
240.0,passenger_queue_arrival,,,787,11,1,1,1,
240.0,passenger_queue_arrival,,,788,12,1,1,1,
240.0,passenger_queue_arrival,,,789,13,1,1,1,
240.0,passenger_queue_arrival,,,790,14,1,1,1,
240.0,passenger_queue_arrival,,,791,15,1,1,1,
240.0,passenger_queue_arrival,,,792,16,1,1,1,
240.0,passenger_queue_arrival,,,793,17,1,1,1,
240.0,passenger_queue_arrival,,,794,18,1,1,1,
240.0,passenger_queue_arrival,,,795,19,1,1,1,
240.0,passenger_queue_arrival,,,796,20,1,1,1,
240.0,passenger_queue_arrival,,,797,21,1,1,1,
240.0,passenger_queue_arrival,,,798,22,1,1,1,
240.0,passenger_queue_arrival,,,799,23,1,1,1,
240.0,passenger_queue_arrival,,,800,24,1,1,1,
240.0,passenger_queue_arrival,,,801,25,1,1,1,
240.0,passenger_queue_arrival,,,802,26,1,1,1,
240.0,passenger_queue_arrival,,,803,27,1,1,1,
240.0,landing_start,24,3,,27,1,1,1,landing_time=6
240.0,service_start,,,777,26,1,1,1,service_time_sampled=0.157
240.15732511010415,service_end,,,777,26,1,1,1,duration=0.157
240.15732511010415,service_start,,,778,25,1,1,1,service_time_sampled=0.180
240.33689264641913,service_end,,,778,25,1,1,1,duration=0.180
240.33689264641913,service_start,,,779,24,1,1,1,service_time_sampled=0.033
240.3699351372089,service_end,,,779,24,1,1,1,duration=0.033
240.3699351372089,service_start,,,780,23,1,1,1,service_time_sampled=0.119
240.48905239032348,service_end,,,780,23,1,1,1,duration=0.119
240.48905239032348,service_start,,,781,22,1,1,1,service_time_sampled=0.304
240.79297384247755,service_end,,,781,22,1,1,1,duration=0.304
240.79297384247755,service_start,,,782,21,1,1,1,service_time_sampled=0.134
240.9273915197082,service_end,,,782,21,1,1,1,duration=0.134
240.9273915197082,service_start,,,783,20,1,1,1,service_time_sampled=0.061
240.98841453895398,service_end,,,783,20,1,1,1,duration=0.061
240.98841453895398,service_start,,,784,19,1,1,1,service_time_sampled=0.164
241.15217774024697,service_end,,,784,19,1,1,1,duration=0.164
241.15217774024697,service_start,,,785,18,1,1,1,service_time_sampled=0.267
241.41897088531385,service_end,,,785,18,1,1,1,duration=0.267
241.41897088531385,service_start,,,786,17,1,1,1,service_time_sampled=0.069
241.48786580342596,service_end,,,786,17,1,1,1,duration=0.069
241.48786580342596,service_start,,,787,16,1,1,1,service_time_sampled=0.032
241.51993086654272,service_end,,,787,16,1,1,1,duration=0.032
241.51993086654272,service_start,,,788,15,1,1,1,service_time_sampled=0.053
241.57337831366831,service_end,,,788,15,1,1,1,duration=0.053
241.57337831366831,service_start,,,789,14,1,1,1,service_time_sampled=0.163
241.73602735992978,service_end,,,789,14,1,1,1,duration=0.163
241.73602735992978,service_start,,,790,13,1,1,1,service_time_sampled=0.029
241.7646191565514,service_end,,,790,13,1,1,1,duration=0.029
241.7646191565514,service_start,,,791,12,1,1,1,service_time_sampled=0.030
241.79426825784066,service_end,,,791,12,1,1,1,duration=0.030
241.79426825784066,service_start,,,792,11,1,1,1,service_time_sampled=0.408
242.20181728829343,service_end,,,792,11,1,1,1,duration=0.408
242.20181728829343,service_start,,,793,10,1,1,1,service_time_sampled=0.010
242.21181728829342,service_end,,,793,10,1,1,1,duration=0.010
242.21181728829342,service_start,,,794,9,1,1,1,service_time_sampled=0.013
242.22531461875695,service_end,,,794,9,1,1,1,duration=0.013
242.22531461875695,service_start,,,795,8,1,1,1,service_time_sampled=0.204
242.4295271694442,service_end,,,795,8,1,1,1,duration=0.204
242.4295271694442,service_start,,,796,7,1,1,1,service_time_sampled=0.135
242.56472013583806,service_end,,,796,7,1,1,1,duration=0.135
242.56472013583806,service_start,,,797,6,1,1,1,service_time_sampled=0.265
242.82980506865104,service_end,,,797,6,1,1,1,duration=0.265
242.82980506865104,service_start,,,798,5,1,1,1,service_time_sampled=0.329
243.15926983253996,service_end,,,798,5,1,1,1,duration=0.329
243.15926983253996,service_start,,,799,4,1,1,1,service_time_sampled=0.025
243.18427301603438,service_end,,,799,4,1,1,1,duration=0.025
243.18427301603438,service_start,,,800,3,1,1,1,service_time_sampled=0.166
243.3505021593798,service_end,,,800,3,1,1,1,duration=0.166
243.3505021593798,service_start,,,801,2,1,1,1,service_time_sampled=0.039
243.38977802996112,service_end,,,801,2,1,1,1,duration=0.039
243.38977802996112,service_start,,,802,1,1,1,1,service_time_sampled=0.139
243.5292110642251,service_end,,,802,1,1,1,1,duration=0.139
243.5292110642251,service_start,,,803,0,1,1,1,service_time_sampled=0.010
243.5392110642251,service_end,,,803,0,1,1,1,duration=0.010
244.0,plane_arrive,27,3,,0,1,1,1,air_q=3
246.0,landing_end,24,3,,0,1,1,1,pad_q=1
247.0,plane_arrive,28,3,,0,1,1,1,air_q=4
253.0,unload_end,24,3,,0,1,1,1,
253.0,passengers_spawned,24,3,,0,1,1,1,count=45
253.0,passenger_queue_arrival,,,804,1,1,1,1,
253.0,passenger_queue_arrival,,,805,2,1,1,1,
253.0,passenger_queue_arrival,,,806,3,1,1,1,
253.0,passenger_queue_arrival,,,807,4,1,1,1,
253.0,passenger_queue_arrival,,,808,5,1,1,1,
253.0,passenger_queue_arrival,,,809,6,1,1,1,
253.0,passenger_queue_arrival,,,810,7,1,1,1,
253.0,passenger_queue_arrival,,,811,8,1,1,1,
253.0,passenger_queue_arrival,,,812,9,1,1,1,
253.0,passenger_queue_arrival,,,813,10,1,1,1,
253.0,passenger_queue_arrival,,,814,11,1,1,1,
253.0,passenger_queue_arrival,,,815,12,1,1,1,
253.0,passenger_queue_arrival,,,816,13,1,1,1,
253.0,passenger_queue_arrival,,,817,14,1,1,1,
253.0,passenger_queue_arrival,,,818,15,1,1,1,
253.0,passenger_queue_arrival,,,819,16,1,1,1,
253.0,passenger_queue_arrival,,,820,17,1,1,1,
253.0,passenger_queue_arrival,,,821,18,1,1,1,
253.0,passenger_queue_arrival,,,822,19,1,1,1,
253.0,passenger_queue_arrival,,,823,20,1,1,1,
253.0,passenger_queue_arrival,,,824,21,1,1,1,
253.0,passenger_queue_arrival,,,825,22,1,1,1,
253.0,passenger_queue_arrival,,,826,23,1,1,1,
253.0,passenger_queue_arrival,,,827,24,1,1,1,
253.0,passenger_queue_arrival,,,828,25,1,1,1,
253.0,passenger_queue_arrival,,,829,26,1,1,1,
253.0,passenger_queue_arrival,,,830,27,1,1,1,
253.0,passenger_queue_arrival,,,831,28,1,1,1,
253.0,passenger_queue_arrival,,,832,29,1,1,1,
253.0,passenger_queue_arrival,,,833,30,1,1,1,
253.0,passenger_queue_arrival,,,834,31,1,1,1,
253.0,passenger_queue_arrival,,,835,32,1,1,1,
253.0,passenger_queue_arrival,,,836,33,1,1,1,
253.0,passenger_queue_arrival,,,837,34,1,1,1,
253.0,passenger_queue_arrival,,,838,35,1,1,1,
253.0,passenger_queue_arrival,,,839,36,1,1,1,
253.0,passenger_queue_arrival,,,840,37,1,1,1,
253.0,passenger_queue_arrival,,,841,38,1,1,1,
253.0,passenger_queue_arrival,,,842,39,1,1,1,
253.0,passenger_queue_arrival,,,843,40,1,1,1,
253.0,passenger_queue_arrival,,,844,41,1,1,1,
253.0,passenger_queue_arrival,,,845,42,1,1,1,
253.0,passenger_queue_arrival,,,846,43,1,1,1,
253.0,passenger_queue_arrival,,,847,44,1,1,1,
253.0,passenger_queue_arrival,,,848,45,1,1,1,
253.0,landing_start,25,2,,45,1,1,1,landing_time=5
253.0,service_start,,,804,44,1,1,1,service_time_sampled=0.082
253.08230842277874,service_end,,,804,44,1,1,1,duration=0.082
253.08230842277874,service_start,,,805,43,1,1,1,service_time_sampled=0.092
253.17405022306974,service_end,,,805,43,1,1,1,duration=0.092
253.17405022306974,service_start,,,806,42,1,1,1,service_time_sampled=0.235
253.4089549334241,service_end,,,806,42,1,1,1,duration=0.235
253.4089549334241,service_start,,,807,41,1,1,1,service_time_sampled=0.052
253.46118406195862,service_end,,,807,41,1,1,1,duration=0.052
253.46118406195862,service_start,,,808,40,1,1,1,service_time_sampled=0.149
253.61056911089173,service_end,,,808,40,1,1,1,duration=0.149
253.61056911089173,service_start,,,809,39,1,1,1,service_time_sampled=0.068
253.67872676777196,service_end,,,809,39,1,1,1,duration=0.068
253.67872676777196,service_start,,,810,38,1,1,1,service_time_sampled=0.071
253.7496423343371,service_end,,,810,38,1,1,1,duration=0.071
253.7496423343371,service_start,,,811,37,1,1,1,service_time_sampled=0.078
253.82813530220548,service_end,,,811,37,1,1,1,duration=0.078
253.82813530220548,service_start,,,812,36,1,1,1,service_time_sampled=0.044
253.87164617575553,service_end,,,812,36,1,1,1,duration=0.044
253.87164617575553,service_start,,,813,35,1,1,1,service_time_sampled=0.040
253.9116288362462,service_end,,,813,35,1,1,1,duration=0.040
253.9116288362462,service_start,,,814,34,1,1,1,service_time_sampled=0.058
253.96952898535287,service_end,,,814,34,1,1,1,duration=0.058
253.96952898535287,service_start,,,815,33,1,1,1,service_time_sampled=0.123
254.0922940817623,service_end,,,815,33,1,1,1,duration=0.123
254.0922940817623,service_start,,,816,32,1,1,1,service_time_sampled=0.137
254.2292898114329,service_end,,,816,32,1,1,1,duration=0.137
254.2292898114329,service_start,,,817,31,1,1,1,service_time_sampled=0.060
254.2892299092213,service_end,,,817,31,1,1,1,duration=0.060
254.2892299092213,service_start,,,818,30,1,1,1,service_time_sampled=0.229
254.517846384926,service_end,,,818,30,1,1,1,duration=0.229
254.517846384926,service_start,,,819,29,1,1,1,service_time_sampled=0.239
254.75690867075383,service_end,,,819,29,1,1,1,duration=0.239
254.75690867075383,service_start,,,820,28,1,1,1,service_time_sampled=0.297
255.05432092585417,service_end,,,820,28,1,1,1,duration=0.297
255.05432092585417,service_start,,,821,27,1,1,1,service_time_sampled=0.025
255.07911430578108,service_end,,,821,27,1,1,1,duration=0.025
255.07911430578108,service_start,,,822,26,1,1,1,service_time_sampled=0.056
255.13499368151557,service_end,,,822,26,1,1,1,duration=0.056
255.13499368151557,service_start,,,823,25,1,1,1,service_time_sampled=0.045
255.17971743940714,service_end,,,823,25,1,1,1,duration=0.045
255.17971743940714,service_start,,,824,24,1,1,1,service_time_sampled=0.072
255.2520107630561,service_end,,,824,24,1,1,1,duration=0.072
255.2520107630561,service_start,,,825,23,1,1,1,service_time_sampled=0.015
255.2673274577381,service_end,,,825,23,1,1,1,duration=0.015
255.2673274577381,service_start,,,826,22,1,1,1,service_time_sampled=0.184
255.45112796852075,service_end,,,826,22,1,1,1,duration=0.184
255.45112796852075,service_start,,,827,21,1,1,1,service_time_sampled=0.043
255.49404868821566,service_end,,,827,21,1,1,1,duration=0.043
255.49404868821566,service_start,,,828,20,1,1,1,service_time_sampled=0.036
255.53027415909577,service_end,,,828,20,1,1,1,duration=0.036
255.53027415909577,service_start,,,829,19,1,1,1,service_time_sampled=0.104
255.6343212403827,service_end,,,829,19,1,1,1,duration=0.104
255.6343212403827,service_start,,,830,18,1,1,1,service_time_sampled=0.018
255.65200376016608,service_end,,,830,18,1,1,1,duration=0.018
255.65200376016608,service_start,,,831,17,1,1,1,service_time_sampled=0.010
255.66200376016607,service_end,,,831,17,1,1,1,duration=0.010
255.66200376016607,service_start,,,832,16,1,1,1,service_time_sampled=0.019
255.68073438229717,service_end,,,832,16,1,1,1,duration=0.019
255.68073438229717,service_start,,,833,15,1,1,1,service_time_sampled=0.151
255.8313572243442,service_end,,,833,15,1,1,1,duration=0.151
255.8313572243442,service_start,,,834,14,1,1,1,service_time_sampled=0.168
255.9991298300209,service_end,,,834,14,1,1,1,duration=0.168
255.9991298300209,service_start,,,835,13,1,1,1,service_time_sampled=0.071
256.06970794004167,service_end,,,835,13,1,1,1,duration=0.071
256.06970794004167,service_start,,,836,12,1,1,1,service_time_sampled=0.027
256.09711874278946,service_end,,,836,12,1,1,1,duration=0.027
256.09711874278946,service_start,,,837,11,1,1,1,service_time_sampled=0.071
256.16854198340803,service_end,,,837,11,1,1,1,duration=0.071
256.16854198340803,service_start,,,838,10,1,1,1,service_time_sampled=0.010
256.178541983408,service_end,,,838,10,1,1,1,duration=0.010
256.178541983408,service_start,,,839,9,1,1,1,service_time_sampled=0.026
256.20487077822304,service_end,,,839,9,1,1,1,duration=0.026
256.20487077822304,service_start,,,840,8,1,1,1,service_time_sampled=0.327
256.5316893397191,service_end,,,840,8,1,1,1,duration=0.327
256.5316893397191,service_start,,,841,7,1,1,1,service_time_sampled=0.016
256.5472258801287,service_end,,,841,7,1,1,1,duration=0.016
256.5472258801287,service_start,,,842,6,1,1,1,service_time_sampled=0.048
256.59481326462395,service_end,,,842,6,1,1,1,duration=0.048
256.59481326462395,service_start,,,843,5,1,1,1,service_time_sampled=0.082
256.6764678521652,service_end,,,843,5,1,1,1,duration=0.082
256.6764678521652,service_start,,,844,4,1,1,1,service_time_sampled=0.242
256.91815235810634,service_end,,,844,4,1,1,1,duration=0.242
256.91815235810634,service_start,,,845,3,1,1,1,service_time_sampled=0.284
257.20238136068923,service_end,,,845,3,1,1,1,duration=0.284
257.20238136068923,service_start,,,846,2,1,1,1,service_time_sampled=0.012
257.214226937352,service_end,,,846,2,1,1,1,duration=0.012
257.214226937352,service_start,,,847,1,1,1,1,service_time_sampled=0.120
257.3341281269717,service_end,,,847,1,1,1,1,duration=0.120
257.3341281269717,service_start,,,848,0,1,1,1,service_time_sampled=0.014
257.34773324037576,service_end,,,848,0,1,1,1,duration=0.014
258.0,landing_end,25,2,,0,1,1,1,pad_q=1
265.0,plane_arrive,29,2,,0,1,1,1,air_q=4
265.0,unload_end,25,2,,0,1,1,1,
265.0,passengers_spawned,25,2,,0,1,1,1,count=39
265.0,passenger_queue_arrival,,,849,1,1,1,1,
265.0,passenger_queue_arrival,,,850,2,1,1,1,
265.0,passenger_queue_arrival,,,851,3,1,1,1,
265.0,passenger_queue_arrival,,,852,4,1,1,1,
265.0,passenger_queue_arrival,,,853,5,1,1,1,
265.0,passenger_queue_arrival,,,854,6,1,1,1,
265.0,passenger_queue_arrival,,,855,7,1,1,1,
265.0,passenger_queue_arrival,,,856,8,1,1,1,
265.0,passenger_queue_arrival,,,857,9,1,1,1,
265.0,passenger_queue_arrival,,,858,10,1,1,1,
265.0,passenger_queue_arrival,,,859,11,1,1,1,
265.0,passenger_queue_arrival,,,860,12,1,1,1,
265.0,passenger_queue_arrival,,,861,13,1,1,1,
265.0,passenger_queue_arrival,,,862,14,1,1,1,
265.0,passenger_queue_arrival,,,863,15,1,1,1,
265.0,passenger_queue_arrival,,,864,16,1,1,1,
265.0,passenger_queue_arrival,,,865,17,1,1,1,
265.0,passenger_queue_arrival,,,866,18,1,1,1,
265.0,passenger_queue_arrival,,,867,19,1,1,1,
265.0,passenger_queue_arrival,,,868,20,1,1,1,
265.0,passenger_queue_arrival,,,869,21,1,1,1,
265.0,passenger_queue_arrival,,,870,22,1,1,1,
265.0,passenger_queue_arrival,,,871,23,1,1,1,
265.0,passenger_queue_arrival,,,872,24,1,1,1,
265.0,passenger_queue_arrival,,,873,25,1,1,1,
265.0,passenger_queue_arrival,,,874,26,1,1,1,
265.0,passenger_queue_arrival,,,875,27,1,1,1,
265.0,passenger_queue_arrival,,,876,28,1,1,1,
265.0,passenger_queue_arrival,,,877,29,1,1,1,
265.0,passenger_queue_arrival,,,878,30,1,1,1,
265.0,passenger_queue_arrival,,,879,31,1,1,1,
265.0,passenger_queue_arrival,,,880,32,1,1,1,
265.0,passenger_queue_arrival,,,881,33,1,1,1,
265.0,passenger_queue_arrival,,,882,34,1,1,1,
265.0,passenger_queue_arrival,,,883,35,1,1,1,
265.0,passenger_queue_arrival,,,884,36,1,1,1,
265.0,passenger_queue_arrival,,,885,37,1,1,1,
265.0,passenger_queue_arrival,,,886,38,1,1,1,
265.0,passenger_queue_arrival,,,887,39,1,1,1,
265.0,landing_start,26,1,,39,1,1,1,landing_time=3
265.0,service_start,,,849,38,1,1,1,service_time_sampled=0.546
265.54579404040703,service_end,,,849,38,1,1,1,duration=0.546
265.54579404040703,service_start,,,850,37,1,1,1,service_time_sampled=0.040
265.5858716280023,service_end,,,850,37,1,1,1,duration=0.040
265.5858716280023,service_start,,,851,36,1,1,1,service_time_sampled=0.235
265.82104279705214,service_end,,,851,36,1,1,1,duration=0.235
265.82104279705214,service_start,,,852,35,1,1,1,service_time_sampled=0.010
265.83104279705213,service_end,,,852,35,1,1,1,duration=0.010
265.83104279705213,service_start,,,853,34,1,1,1,service_time_sampled=0.351
266.18202267598843,service_end,,,853,34,1,1,1,duration=0.351
266.18202267598843,service_start,,,854,33,1,1,1,service_time_sampled=0.010
266.1920226759884,service_end,,,854,33,1,1,1,duration=0.010
266.1920226759884,service_start,,,855,32,1,1,1,service_time_sampled=0.050
266.2417746523494,service_end,,,855,32,1,1,1,duration=0.050
266.2417746523494,service_start,,,856,31,1,1,1,service_time_sampled=0.032
266.27380837036344,service_end,,,856,31,1,1,1,duration=0.032
266.27380837036344,service_start,,,857,30,1,1,1,service_time_sampled=0.041
266.31484570253286,service_end,,,857,30,1,1,1,duration=0.041
266.31484570253286,service_start,,,858,29,1,1,1,service_time_sampled=0.267
266.5815765945576,service_end,,,858,29,1,1,1,duration=0.267
266.5815765945576,service_start,,,859,28,1,1,1,service_time_sampled=0.030
266.6111628112156,service_end,,,859,28,1,1,1,duration=0.030
266.6111628112156,service_start,,,860,27,1,1,1,service_time_sampled=0.109
266.72023464366885,service_end,,,860,27,1,1,1,duration=0.109
266.72023464366885,service_start,,,861,26,1,1,1,service_time_sampled=0.115
266.83514021657993,service_end,,,861,26,1,1,1,duration=0.115
266.83514021657993,service_start,,,862,25,1,1,1,service_time_sampled=0.010
266.8451402165799,service_end,,,862,25,1,1,1,duration=0.010
266.8451402165799,service_start,,,863,24,1,1,1,service_time_sampled=0.181
267.02603800889534,service_end,,,863,24,1,1,1,duration=0.181
267.02603800889534,service_start,,,864,23,1,1,1,service_time_sampled=0.424
267.4504384946822,service_end,,,864,23,1,1,1,duration=0.424
267.4504384946822,service_start,,,865,22,1,1,1,service_time_sampled=0.092
267.5419796864114,service_end,,,865,22,1,1,1,duration=0.092
267.5419796864114,service_start,,,866,21,1,1,1,service_time_sampled=0.028
267.5698745062395,service_end,,,866,21,1,1,1,duration=0.028
267.5698745062395,service_start,,,867,20,1,1,1,service_time_sampled=0.045
267.6147838479757,service_end,,,867,20,1,1,1,duration=0.045
267.6147838479757,service_start,,,868,19,1,1,1,service_time_sampled=0.107
267.7219027529261,service_end,,,868,19,1,1,1,duration=0.107
267.7219027529261,service_start,,,869,18,1,1,1,service_time_sampled=0.416
268.0,landing_end,26,1,,18,1,1,1,pad_q=1
268.1375289495228,service_end,,,869,18,1,1,1,duration=0.416
268.1375289495228,service_start,,,870,17,1,1,1,service_time_sampled=0.172
268.30978906395546,service_end,,,870,17,1,1,1,duration=0.172
268.30978906395546,service_start,,,871,16,1,1,1,service_time_sampled=0.042
268.35198611525146,service_end,,,871,16,1,1,1,duration=0.042
268.35198611525146,service_start,,,872,15,1,1,1,service_time_sampled=0.019
268.37096875414124,service_end,,,872,15,1,1,1,duration=0.019
268.37096875414124,service_start,,,873,14,1,1,1,service_time_sampled=0.165
268.53574824201934,service_end,,,873,14,1,1,1,duration=0.165
268.53574824201934,service_start,,,874,13,1,1,1,service_time_sampled=0.085
268.6203735437396,service_end,,,874,13,1,1,1,duration=0.085
268.6203735437396,service_start,,,875,12,1,1,1,service_time_sampled=0.048
268.6687922808121,service_end,,,875,12,1,1,1,duration=0.048
268.6687922808121,service_start,,,876,11,1,1,1,service_time_sampled=0.211
268.8797837394705,service_end,,,876,11,1,1,1,duration=0.211
268.8797837394705,service_start,,,877,10,1,1,1,service_time_sampled=0.046
268.9260600120549,service_end,,,877,10,1,1,1,duration=0.046
268.9260600120549,service_start,,,878,9,1,1,1,service_time_sampled=0.180
269.1063361525812,service_end,,,878,9,1,1,1,duration=0.180
269.1063361525812,service_start,,,879,8,1,1,1,service_time_sampled=0.182
269.288183695588,service_end,,,879,8,1,1,1,duration=0.182
269.288183695588,service_start,,,880,7,1,1,1,service_time_sampled=0.194
269.4822958163899,service_end,,,880,7,1,1,1,duration=0.194
269.4822958163899,service_start,,,881,6,1,1,1,service_time_sampled=0.035
269.51761271372663,service_end,,,881,6,1,1,1,duration=0.035
269.51761271372663,service_start,,,882,5,1,1,1,service_time_sampled=0.084
269.6020580443043,service_end,,,882,5,1,1,1,duration=0.084
269.6020580443043,service_start,,,883,4,1,1,1,service_time_sampled=0.277
269.87882884128385,service_end,,,883,4,1,1,1,duration=0.277
269.87882884128385,service_start,,,884,3,1,1,1,service_time_sampled=0.042
269.920466515475,service_end,,,884,3,1,1,1,duration=0.042
269.920466515475,service_start,,,885,2,1,1,1,service_time_sampled=0.012
269.9323518496116,service_end,,,885,2,1,1,1,duration=0.012
269.9323518496116,service_start,,,886,1,1,1,1,service_time_sampled=0.010
269.9423518496116,service_end,,,886,1,1,1,1,duration=0.010
269.9423518496116,service_start,,,887,0,1,1,1,service_time_sampled=0.125
270.0676266601395,service_end,,,887,0,1,1,1,duration=0.125
275.0,unload_end,26,1,,0,1,1,1,
275.0,passengers_spawned,26,1,,0,1,1,1,count=27
275.0,passenger_queue_arrival,,,888,1,1,1,1,
275.0,passenger_queue_arrival,,,889,2,1,1,1,
275.0,passenger_queue_arrival,,,890,3,1,1,1,
275.0,passenger_queue_arrival,,,891,4,1,1,1,
275.0,passenger_queue_arrival,,,892,5,1,1,1,
275.0,passenger_queue_arrival,,,893,6,1,1,1,
275.0,passenger_queue_arrival,,,894,7,1,1,1,
275.0,passenger_queue_arrival,,,895,8,1,1,1,
275.0,passenger_queue_arrival,,,896,9,1,1,1,
275.0,passenger_queue_arrival,,,897,10,1,1,1,
275.0,passenger_queue_arrival,,,898,11,1,1,1,
275.0,passenger_queue_arrival,,,899,12,1,1,1,
275.0,passenger_queue_arrival,,,900,13,1,1,1,
275.0,passenger_queue_arrival,,,901,14,1,1,1,
275.0,passenger_queue_arrival,,,902,15,1,1,1,
275.0,passenger_queue_arrival,,,903,16,1,1,1,
275.0,passenger_queue_arrival,,,904,17,1,1,1,
275.0,passenger_queue_arrival,,,905,18,1,1,1,
275.0,passenger_queue_arrival,,,906,19,1,1,1,
275.0,passenger_queue_arrival,,,907,20,1,1,1,
275.0,passenger_queue_arrival,,,908,21,1,1,1,
275.0,passenger_queue_arrival,,,909,22,1,1,1,
275.0,passenger_queue_arrival,,,910,23,1,1,1,
275.0,passenger_queue_arrival,,,911,24,1,1,1,
275.0,passenger_queue_arrival,,,912,25,1,1,1,
275.0,passenger_queue_arrival,,,913,26,1,1,1,
275.0,passenger_queue_arrival,,,914,27,1,1,1,
275.0,landing_start,27,3,,27,1,1,1,landing_time=3
275.0,service_start,,,888,26,1,1,1,service_time_sampled=0.221
275.22103143829304,service_end,,,888,26,1,1,1,duration=0.221
275.22103143829304,service_start,,,889,25,1,1,1,service_time_sampled=0.527
275.74827746634264,service_end,,,889,25,1,1,1,duration=0.527
275.74827746634264,service_start,,,890,24,1,1,1,service_time_sampled=0.025
275.7734148052718,service_end,,,890,24,1,1,1,duration=0.025
275.7734148052718,service_start,,,891,23,1,1,1,service_time_sampled=0.025
275.7984790358512,service_end,,,891,23,1,1,1,duration=0.025
275.7984790358512,service_start,,,892,22,1,1,1,service_time_sampled=0.038
275.83662362277687,service_end,,,892,22,1,1,1,duration=0.038
275.83662362277687,service_start,,,893,21,1,1,1,service_time_sampled=0.070
275.90705301611786,service_end,,,893,21,1,1,1,duration=0.070
275.90705301611786,service_start,,,894,20,1,1,1,service_time_sampled=0.010
275.91705301611785,service_end,,,894,20,1,1,1,duration=0.010
275.91705301611785,service_start,,,895,19,1,1,1,service_time_sampled=0.010
275.92705301611784,service_end,,,895,19,1,1,1,duration=0.010
275.92705301611784,service_start,,,896,18,1,1,1,service_time_sampled=0.061
275.9880402065834,service_end,,,896,18,1,1,1,duration=0.061
275.9880402065834,service_start,,,897,17,1,1,1,service_time_sampled=0.010
275.99804020658337,service_end,,,897,17,1,1,1,duration=0.010
275.99804020658337,service_start,,,898,16,1,1,1,service_time_sampled=0.146
276.14354370092644,service_end,,,898,16,1,1,1,duration=0.146
276.14354370092644,service_start,,,899,15,1,1,1,service_time_sampled=0.104
276.24704464898724,service_end,,,899,15,1,1,1,duration=0.104
276.24704464898724,service_start,,,900,14,1,1,1,service_time_sampled=0.186
276.43254757895363,service_end,,,900,14,1,1,1,duration=0.186
276.43254757895363,service_start,,,901,13,1,1,1,service_time_sampled=0.459
276.8911165321844,service_end,,,901,13,1,1,1,duration=0.459
276.8911165321844,service_start,,,902,12,1,1,1,service_time_sampled=0.179
277.0700605766889,service_end,,,902,12,1,1,1,duration=0.179
277.0700605766889,service_start,,,903,11,1,1,1,service_time_sampled=0.142
277.21228915833785,service_end,,,903,11,1,1,1,duration=0.142
277.21228915833785,service_start,,,904,10,1,1,1,service_time_sampled=0.024
277.23580985195844,service_end,,,904,10,1,1,1,duration=0.024
277.23580985195844,service_start,,,905,9,1,1,1,service_time_sampled=0.016
277.2519348571237,service_end,,,905,9,1,1,1,duration=0.016
277.2519348571237,service_start,,,906,8,1,1,1,service_time_sampled=0.010
277.26193485712366,service_end,,,906,8,1,1,1,duration=0.010
277.26193485712366,service_start,,,907,7,1,1,1,service_time_sampled=0.242
277.50373263337104,service_end,,,907,7,1,1,1,duration=0.242
277.50373263337104,service_start,,,908,6,1,1,1,service_time_sampled=0.175
277.6790819283817,service_end,,,908,6,1,1,1,duration=0.175
277.6790819283817,service_start,,,909,5,1,1,1,service_time_sampled=0.153
277.8322997197515,service_end,,,909,5,1,1,1,duration=0.153
277.8322997197515,service_start,,,910,4,1,1,1,service_time_sampled=0.378
278.0,landing_end,27,3,,4,1,1,1,pad_q=1
278.209521344927,failure,,,,,1,0,0,element=door
278.209521344927,service_interrupted,,,910,4,1,0,0,remaining=0.001
278.48049082495686,failure,,,,,0,0,0,element=scanner
279.0,plane_arrive,30,3,,4,0,0,0,air_q=3
283.63461623333325,repair,,,,,1,0,0,"element=scanner, repair_time=5.154"
285.0,unload_end,27,3,,4,1,0,0,
285.0,passengers_spawned,27,3,,4,1,0,0,count=47
285.0,passenger_queue_arrival,,,915,5,1,0,0,
285.0,passenger_queue_arrival,,,916,6,1,0,0,
285.0,passenger_queue_arrival,,,917,7,1,0,0,
285.0,passenger_queue_arrival,,,918,8,1,0,0,
285.0,passenger_queue_arrival,,,919,9,1,0,0,
285.0,passenger_queue_arrival,,,920,10,1,0,0,
285.0,passenger_queue_arrival,,,921,11,1,0,0,
285.0,passenger_queue_arrival,,,922,12,1,0,0,
285.0,passenger_queue_arrival,,,923,13,1,0,0,
285.0,passenger_queue_arrival,,,924,14,1,0,0,
285.0,passenger_queue_arrival,,,925,15,1,0,0,
285.0,passenger_queue_arrival,,,926,16,1,0,0,
285.0,passenger_queue_arrival,,,927,17,1,0,0,
285.0,passenger_queue_arrival,,,928,18,1,0,0,
285.0,passenger_queue_arrival,,,929,19,1,0,0,
285.0,passenger_queue_arrival,,,930,20,1,0,0,
285.0,passenger_queue_arrival,,,931,21,1,0,0,
285.0,passenger_queue_arrival,,,932,22,1,0,0,
285.0,passenger_queue_arrival,,,933,23,1,0,0,
285.0,passenger_queue_arrival,,,934,24,1,0,0,
285.0,passenger_queue_arrival,,,935,25,1,0,0,
285.0,passenger_queue_arrival,,,936,26,1,0,0,
285.0,passenger_queue_arrival,,,937,27,1,0,0,
285.0,passenger_queue_arrival,,,938,28,1,0,0,
285.0,passenger_queue_arrival,,,939,29,1,0,0,
285.0,passenger_queue_arrival,,,940,30,1,0,0,
285.0,passenger_queue_arrival,,,941,31,1,0,0,
285.0,passenger_queue_arrival,,,942,32,1,0,0,
285.0,passenger_queue_arrival,,,943,33,1,0,0,
285.0,passenger_queue_arrival,,,944,34,1,0,0,
285.0,passenger_queue_arrival,,,945,35,1,0,0,
285.0,passenger_queue_arrival,,,946,36,1,0,0,
285.0,passenger_queue_arrival,,,947,37,1,0,0,
285.0,passenger_queue_arrival,,,948,38,1,0,0,
285.0,passenger_queue_arrival,,,949,39,1,0,0,
285.0,passenger_queue_arrival,,,950,40,1,0,0,
285.0,passenger_queue_arrival,,,951,41,1,0,0,
285.0,passenger_queue_arrival,,,952,42,1,0,0,
285.0,passenger_queue_arrival,,,953,43,1,0,0,
285.0,passenger_queue_arrival,,,954,44,1,0,0,
285.0,passenger_queue_arrival,,,955,45,1,0,0,
285.0,passenger_queue_arrival,,,956,46,1,0,0,
285.0,passenger_queue_arrival,,,957,47,1,0,0,
285.0,passenger_queue_arrival,,,958,48,1,0,0,
285.0,passenger_queue_arrival,,,959,49,1,0,0,
285.0,passenger_queue_arrival,,,960,50,1,0,0,
285.0,passenger_queue_arrival,,,961,51,1,0,0,
285.0,landing_start,28,3,,51,1,0,0,landing_time=4
289.0,landing_end,28,3,,51,1,0,0,pad_q=1
289.1578600607982,repair,,,,,1,1,1,"element=door, repair_time=10.948"
289.18141021638996,service_end,,,910,51,1,1,1,duration=11.349
289.18141021638996,service_start,,,911,50,1,1,1,service_time_sampled=0.010
289.19141021638995,service_end,,,911,50,1,1,1,duration=0.010
289.19141021638995,service_start,,,912,49,1,1,1,service_time_sampled=0.165
289.35681452628893,service_end,,,912,49,1,1,1,duration=0.165
289.35681452628893,service_start,,,913,48,1,1,1,service_time_sampled=0.035
289.3917313491629,service_end,,,913,48,1,1,1,duration=0.035
289.3917313491629,service_start,,,914,47,1,1,1,service_time_sampled=0.140
289.5314493050823,service_end,,,914,47,1,1,1,duration=0.140
289.5314493050823,service_start,,,915,46,1,1,1,service_time_sampled=0.343
289.8740954588454,service_end,,,915,46,1,1,1,duration=0.343
289.8740954588454,service_start,,,916,45,1,1,1,service_time_sampled=0.036
289.9099030071215,service_end,,,916,45,1,1,1,duration=0.036
289.9099030071215,service_start,,,917,44,1,1,1,service_time_sampled=0.188
290.098154056756,service_end,,,917,44,1,1,1,duration=0.188
290.098154056756,service_start,,,918,43,1,1,1,service_time_sampled=0.223
290.3213909487541,service_end,,,918,43,1,1,1,duration=0.223
290.3213909487541,service_start,,,919,42,1,1,1,service_time_sampled=0.100
290.4216187011527,service_end,,,919,42,1,1,1,duration=0.100
290.4216187011527,service_start,,,920,41,1,1,1,service_time_sampled=0.340
290.762043015503,service_end,,,920,41,1,1,1,duration=0.340
290.762043015503,service_start,,,921,40,1,1,1,service_time_sampled=0.086
290.84822781832577,service_end,,,921,40,1,1,1,duration=0.086
290.84822781832577,service_start,,,922,39,1,1,1,service_time_sampled=0.070
290.91817484057253,service_end,,,922,39,1,1,1,duration=0.070
290.91817484057253,service_start,,,923,38,1,1,1,service_time_sampled=0.198
291.1161843556052,service_end,,,923,38,1,1,1,duration=0.198
291.1161843556052,service_start,,,924,37,1,1,1,service_time_sampled=0.180
291.2961552997175,service_end,,,924,37,1,1,1,duration=0.180
291.2961552997175,service_start,,,925,36,1,1,1,service_time_sampled=0.055
291.35073986816707,service_end,,,925,36,1,1,1,duration=0.055
291.35073986816707,service_start,,,926,35,1,1,1,service_time_sampled=0.050
291.40110412056316,service_end,,,926,35,1,1,1,duration=0.050
291.40110412056316,service_start,,,927,34,1,1,1,service_time_sampled=0.121
291.52202402407045,service_end,,,927,34,1,1,1,duration=0.121
291.52202402407045,service_start,,,928,33,1,1,1,service_time_sampled=0.024
291.5456887465588,service_end,,,928,33,1,1,1,duration=0.024
291.5456887465588,service_start,,,929,32,1,1,1,service_time_sampled=0.079
291.6245649959305,service_end,,,929,32,1,1,1,duration=0.079
291.6245649959305,service_start,,,930,31,1,1,1,service_time_sampled=0.306
291.93042964780034,service_end,,,930,31,1,1,1,duration=0.306
291.93042964780034,service_start,,,931,30,1,1,1,service_time_sampled=0.159
292.0,plane_arrive,31,3,,30,1,1,1,air_q=3
292.0897780226747,service_end,,,931,30,1,1,1,duration=0.159
292.0897780226747,service_start,,,932,29,1,1,1,service_time_sampled=0.130
292.2199888687671,service_end,,,932,29,1,1,1,duration=0.130
292.2199888687671,service_start,,,933,28,1,1,1,service_time_sampled=0.082
292.302097656162,service_end,,,933,28,1,1,1,duration=0.082
292.302097656162,service_start,,,934,27,1,1,1,service_time_sampled=0.048
292.35003831485835,service_end,,,934,27,1,1,1,duration=0.048
292.35003831485835,service_start,,,935,26,1,1,1,service_time_sampled=0.147
292.49746439541,service_end,,,935,26,1,1,1,duration=0.147
292.49746439541,service_start,,,936,25,1,1,1,service_time_sampled=0.010
292.50746439541,service_end,,,936,25,1,1,1,duration=0.010
292.50746439541,service_start,,,937,24,1,1,1,service_time_sampled=0.294
292.80122823382237,service_end,,,937,24,1,1,1,duration=0.294
292.80122823382237,service_start,,,938,23,1,1,1,service_time_sampled=0.198
292.99897785266995,service_end,,,938,23,1,1,1,duration=0.198
292.99897785266995,service_start,,,939,22,1,1,1,service_time_sampled=0.021
293.01966864282883,service_end,,,939,22,1,1,1,duration=0.021
293.01966864282883,service_start,,,940,21,1,1,1,service_time_sampled=0.273
293.2927028518811,service_end,,,940,21,1,1,1,duration=0.273
293.2927028518811,service_start,,,941,20,1,1,1,service_time_sampled=0.053
293.34574526445493,service_end,,,941,20,1,1,1,duration=0.053
293.34574526445493,service_start,,,942,19,1,1,1,service_time_sampled=0.162
293.5079413105541,service_end,,,942,19,1,1,1,duration=0.162
293.5079413105541,service_start,,,943,18,1,1,1,service_time_sampled=0.010
293.5179413105541,service_end,,,943,18,1,1,1,duration=0.010
293.5179413105541,service_start,,,944,17,1,1,1,service_time_sampled=0.208
293.72581612506934,service_end,,,944,17,1,1,1,duration=0.208
293.72581612506934,service_start,,,945,16,1,1,1,service_time_sampled=0.175
293.90047363893797,service_end,,,945,16,1,1,1,duration=0.175
293.90047363893797,service_start,,,946,15,1,1,1,service_time_sampled=0.066
293.9659822151417,service_end,,,946,15,1,1,1,duration=0.066
293.9659822151417,service_start,,,947,14,1,1,1,service_time_sampled=0.060
294.02563120618265,service_end,,,947,14,1,1,1,duration=0.060
294.02563120618265,service_start,,,948,13,1,1,1,service_time_sampled=0.088
294.11355886738534,service_end,,,948,13,1,1,1,duration=0.088
294.11355886738534,service_start,,,949,12,1,1,1,service_time_sampled=0.015
294.1286678228756,service_end,,,949,12,1,1,1,duration=0.015
294.1286678228756,service_start,,,950,11,1,1,1,service_time_sampled=0.494
294.6221684647182,service_end,,,950,11,1,1,1,duration=0.494
294.6221684647182,service_start,,,951,10,1,1,1,service_time_sampled=0.088
294.7104791209633,service_end,,,951,10,1,1,1,duration=0.088
294.7104791209633,service_start,,,952,9,1,1,1,service_time_sampled=0.121
294.83152149944226,service_end,,,952,9,1,1,1,duration=0.121
294.83152149944226,service_start,,,953,8,1,1,1,service_time_sampled=0.105
294.93643317183233,service_end,,,953,8,1,1,1,duration=0.105
294.93643317183233,service_start,,,954,7,1,1,1,service_time_sampled=0.023
294.95943850280594,service_end,,,954,7,1,1,1,duration=0.023
294.95943850280594,service_start,,,955,6,1,1,1,service_time_sampled=0.152
295.0,plane_arrive,32,2,,6,1,1,1,air_q=4
295.11127002249947,service_end,,,955,6,1,1,1,duration=0.152
295.11127002249947,service_start,,,956,5,1,1,1,service_time_sampled=0.072
295.1837118159005,service_end,,,956,5,1,1,1,duration=0.072
295.1837118159005,service_start,,,957,4,1,1,1,service_time_sampled=0.075
295.2586540624288,service_end,,,957,4,1,1,1,duration=0.075
295.2586540624288,service_start,,,958,3,1,1,1,service_time_sampled=0.594
295.85262179964445,service_end,,,958,3,1,1,1,duration=0.594
295.85262179964445,service_start,,,959,2,1,1,1,service_time_sampled=0.196
296.0,unload_end,28,3,,2,1,1,1,
296.0,passengers_spawned,28,3,,2,1,1,1,count=53
296.0,passenger_queue_arrival,,,962,3,1,1,1,
296.0,passenger_queue_arrival,,,963,4,1,1,1,
296.0,passenger_queue_arrival,,,964,5,1,1,1,
296.0,passenger_queue_arrival,,,965,6,1,1,1,
296.0,passenger_queue_arrival,,,966,7,1,1,1,
296.0,passenger_queue_arrival,,,967,8,1,1,1,
296.0,passenger_queue_arrival,,,968,9,1,1,1,
296.0,passenger_queue_arrival,,,969,10,1,1,1,
296.0,passenger_queue_arrival,,,970,11,1,1,1,
296.0,passenger_queue_arrival,,,971,12,1,1,1,
296.0,passenger_queue_arrival,,,972,13,1,1,1,
296.0,passenger_queue_arrival,,,973,14,1,1,1,
296.0,passenger_queue_arrival,,,974,15,1,1,1,
296.0,passenger_queue_arrival,,,975,16,1,1,1,
296.0,passenger_queue_arrival,,,976,17,1,1,1,
296.0,passenger_queue_arrival,,,977,18,1,1,1,
296.0,passenger_queue_arrival,,,978,19,1,1,1,
296.0,passenger_queue_arrival,,,979,20,1,1,1,
296.0,passenger_queue_arrival,,,980,21,1,1,1,
296.0,passenger_queue_arrival,,,981,22,1,1,1,
296.0,passenger_queue_arrival,,,982,23,1,1,1,
296.0,passenger_queue_arrival,,,983,24,1,1,1,
296.0,passenger_queue_arrival,,,984,25,1,1,1,
296.0,passenger_queue_arrival,,,985,26,1,1,1,
296.0,passenger_queue_arrival,,,986,27,1,1,1,
296.0,passenger_queue_arrival,,,987,28,1,1,1,
296.0,passenger_queue_arrival,,,988,29,1,1,1,
296.0,passenger_queue_arrival,,,989,30,1,1,1,
296.0,passenger_queue_arrival,,,990,31,1,1,1,
296.0,passenger_queue_arrival,,,991,32,1,1,1,
296.0,passenger_queue_arrival,,,992,33,1,1,1,
296.0,passenger_queue_arrival,,,993,34,1,1,1,
296.0,passenger_queue_arrival,,,994,35,1,1,1,
296.0,passenger_queue_arrival,,,995,36,1,1,1,
296.0,passenger_queue_arrival,,,996,37,1,1,1,
296.0,passenger_queue_arrival,,,997,38,1,1,1,
296.0,passenger_queue_arrival,,,998,39,1,1,1,
296.0,passenger_queue_arrival,,,999,40,1,1,1,
296.0,passenger_queue_arrival,,,1000,41,1,1,1,
296.0,passenger_queue_arrival,,,1001,42,1,1,1,
296.0,passenger_queue_arrival,,,1002,43,1,1,1,
296.0,passenger_queue_arrival,,,1003,44,1,1,1,
296.0,passenger_queue_arrival,,,1004,45,1,1,1,
296.0,passenger_queue_arrival,,,1005,46,1,1,1,
296.0,passenger_queue_arrival,,,1006,47,1,1,1,
296.0,passenger_queue_arrival,,,1007,48,1,1,1,
296.0,passenger_queue_arrival,,,1008,49,1,1,1,
296.0,passenger_queue_arrival,,,1009,50,1,1,1,
296.0,passenger_queue_arrival,,,1010,51,1,1,1,
296.0,passenger_queue_arrival,,,1011,52,1,1,1,
296.0,passenger_queue_arrival,,,1012,53,1,1,1,
296.0,passenger_queue_arrival,,,1013,54,1,1,1,
296.0,passenger_queue_arrival,,,1014,55,1,1,1,
296.0,landing_start,29,2,,55,1,1,1,landing_time=4
296.0482057919262,service_end,,,959,55,1,1,1,duration=0.196
296.0482057919262,service_start,,,960,54,1,1,1,service_time_sampled=0.041
296.0895142369964,service_end,,,960,54,1,1,1,duration=0.041
296.0895142369964,service_start,,,961,53,1,1,1,service_time_sampled=0.010
296.0995142369964,service_end,,,961,53,1,1,1,duration=0.010
296.0995142369964,service_start,,,962,52,1,1,1,service_time_sampled=0.287
296.38603908612595,service_end,,,962,52,1,1,1,duration=0.287
296.38603908612595,service_start,,,963,51,1,1,1,service_time_sampled=0.050
296.43608281337026,service_end,,,963,51,1,1,1,duration=0.050
296.43608281337026,service_start,,,964,50,1,1,1,service_time_sampled=0.039
296.4746368305682,service_end,,,964,50,1,1,1,duration=0.039
296.4746368305682,service_start,,,965,49,1,1,1,service_time_sampled=0.289
296.76331990669786,service_end,,,965,49,1,1,1,duration=0.289
296.76331990669786,service_start,,,966,48,1,1,1,service_time_sampled=0.027
296.7900770580729,service_end,,,966,48,1,1,1,duration=0.027
296.7900770580729,service_start,,,967,47,1,1,1,service_time_sampled=0.301
297.09146219329557,service_end,,,967,47,1,1,1,duration=0.301
297.09146219329557,service_start,,,968,46,1,1,1,service_time_sampled=0.166
297.2579559980439,service_end,,,968,46,1,1,1,duration=0.166
297.2579559980439,service_start,,,969,45,1,1,1,service_time_sampled=0.039
297.296662040491,service_end,,,969,45,1,1,1,duration=0.039
297.296662040491,service_start,,,970,44,1,1,1,service_time_sampled=0.250
297.54698155795637,service_end,,,970,44,1,1,1,duration=0.250
297.54698155795637,service_start,,,971,43,1,1,1,service_time_sampled=0.219
297.76557284882523,service_end,,,971,43,1,1,1,duration=0.219
297.76557284882523,service_start,,,972,42,1,1,1,service_time_sampled=0.066
297.8320332813473,service_end,,,972,42,1,1,1,duration=0.066
297.8320332813473,service_start,,,973,41,1,1,1,service_time_sampled=0.031
297.86298851418513,service_end,,,973,41,1,1,1,duration=0.031
297.86298851418513,service_start,,,974,40,1,1,1,service_time_sampled=0.347
298.2104557443456,service_end,,,974,40,1,1,1,duration=0.347
298.2104557443456,service_start,,,975,39,1,1,1,service_time_sampled=0.248
298.4580275847829,service_end,,,975,39,1,1,1,duration=0.248
298.4580275847829,service_start,,,976,38,1,1,1,service_time_sampled=0.010
298.4680275847829,service_end,,,976,38,1,1,1,duration=0.010
298.4680275847829,service_start,,,977,37,1,1,1,service_time_sampled=0.078
298.54640541927296,service_end,,,977,37,1,1,1,duration=0.078
298.54640541927296,service_start,,,978,36,1,1,1,service_time_sampled=0.115
298.6609805049145,service_end,,,978,36,1,1,1,duration=0.115
298.6609805049145,service_start,,,979,35,1,1,1,service_time_sampled=0.127
298.7883050719742,service_end,,,979,35,1,1,1,duration=0.127
298.7883050719742,service_start,,,980,34,1,1,1,service_time_sampled=0.340
299.1280163644112,service_end,,,980,34,1,1,1,duration=0.340
299.1280163644112,service_start,,,981,33,1,1,1,service_time_sampled=0.121
299.24945171047796,service_end,,,981,33,1,1,1,duration=0.121
299.24945171047796,service_start,,,982,32,1,1,1,service_time_sampled=0.217
299.4664160317866,service_end,,,982,32,1,1,1,duration=0.217
299.4664160317866,service_start,,,983,31,1,1,1,service_time_sampled=0.014
299.48079704173983,service_end,,,983,31,1,1,1,duration=0.014
299.48079704173983,service_start,,,984,30,1,1,1,service_time_sampled=0.072
299.5525358699421,service_end,,,984,30,1,1,1,duration=0.072
299.5525358699421,service_start,,,985,29,1,1,1,service_time_sampled=0.335
299.887077181973,service_end,,,985,29,1,1,1,duration=0.335
299.887077181973,service_start,,,986,28,1,1,1,service_time_sampled=0.395
300.0,landing_end,29,2,,28,1,1,1,pad_q=1
300.28202697669786,service_end,,,986,28,1,1,1,duration=0.395
300.28202697669786,service_start,,,987,27,1,1,1,service_time_sampled=0.043
300.32497453314437,service_end,,,987,27,1,1,1,duration=0.043
300.32497453314437,service_start,,,988,26,1,1,1,service_time_sampled=0.243
300.56750907556165,service_end,,,988,26,1,1,1,duration=0.243
300.56750907556165,service_start,,,989,25,1,1,1,service_time_sampled=0.154
300.7210906654848,service_end,,,989,25,1,1,1,duration=0.154
300.7210906654848,service_start,,,990,24,1,1,1,service_time_sampled=0.118
300.83930962978593,service_end,,,990,24,1,1,1,duration=0.118
300.83930962978593,service_start,,,991,23,1,1,1,service_time_sampled=0.010
300.8493096297859,service_end,,,991,23,1,1,1,duration=0.010
300.8493096297859,service_start,,,992,22,1,1,1,service_time_sampled=0.210
301.0589175032452,service_end,,,992,22,1,1,1,duration=0.210
301.0589175032452,service_start,,,993,21,1,1,1,service_time_sampled=0.295
301.3535522646999,service_end,,,993,21,1,1,1,duration=0.295
301.3535522646999,service_start,,,994,20,1,1,1,service_time_sampled=0.268
301.62187080269626,service_end,,,994,20,1,1,1,duration=0.268
301.62187080269626,service_start,,,995,19,1,1,1,service_time_sampled=0.488
302.1093724860487,service_end,,,995,19,1,1,1,duration=0.488
302.1093724860487,service_start,,,996,18,1,1,1,service_time_sampled=0.166
302.27533869483767,service_end,,,996,18,1,1,1,duration=0.166
302.27533869483767,service_start,,,997,17,1,1,1,service_time_sampled=0.010
302.28533869483766,service_end,,,997,17,1,1,1,duration=0.010
302.28533869483766,service_start,,,998,16,1,1,1,service_time_sampled=0.019
302.3042280848004,service_end,,,998,16,1,1,1,duration=0.019
302.3042280848004,service_start,,,999,15,1,1,1,service_time_sampled=0.011
302.3147634438899,service_end,,,999,15,1,1,1,duration=0.011
302.3147634438899,service_start,,,1000,14,1,1,1,service_time_sampled=0.047
302.361999795347,service_end,,,1000,14,1,1,1,duration=0.047
302.361999795347,service_start,,,1001,13,1,1,1,service_time_sampled=0.014
302.37575770547517,service_end,,,1001,13,1,1,1,duration=0.014
302.37575770547517,service_start,,,1002,12,1,1,1,service_time_sampled=0.228
302.6037941234002,service_end,,,1002,12,1,1,1,duration=0.228
302.6037941234002,service_start,,,1003,11,1,1,1,service_time_sampled=0.026
302.629516845956,service_end,,,1003,11,1,1,1,duration=0.026
302.629516845956,service_start,,,1004,10,1,1,1,service_time_sampled=0.019
302.6480844616055,service_end,,,1004,10,1,1,1,duration=0.019
302.6480844616055,service_start,,,1005,9,1,1,1,service_time_sampled=0.027
302.67507947711414,service_end,,,1005,9,1,1,1,duration=0.027
302.67507947711414,service_start,,,1006,8,1,1,1,service_time_sampled=0.057
302.7323412000758,service_end,,,1006,8,1,1,1,duration=0.057
302.7323412000758,service_start,,,1007,7,1,1,1,service_time_sampled=0.010
302.74234120007577,service_end,,,1007,7,1,1,1,duration=0.010
302.74234120007577,service_start,,,1008,6,1,1,1,service_time_sampled=0.010
302.75234120007576,service_end,,,1008,6,1,1,1,duration=0.010
302.75234120007576,service_start,,,1009,5,1,1,1,service_time_sampled=0.147
302.8993059557702,service_end,,,1009,5,1,1,1,duration=0.147
302.8993059557702,service_start,,,1010,4,1,1,1,service_time_sampled=0.169
303.0683678200183,service_end,,,1010,4,1,1,1,duration=0.169
303.0683678200183,service_start,,,1011,3,1,1,1,service_time_sampled=0.055
303.1237815787792,service_end,,,1011,3,1,1,1,duration=0.055
303.1237815787792,service_start,,,1012,2,1,1,1,service_time_sampled=0.052
303.1756105479099,service_end,,,1012,2,1,1,1,duration=0.052
303.1756105479099,service_start,,,1013,1,1,1,1,service_time_sampled=0.299
303.4748178824767,service_end,,,1013,1,1,1,1,duration=0.299
303.4748178824767,service_start,,,1014,0,1,1,1,service_time_sampled=0.184
303.6590039300784,service_end,,,1014,0,1,1,1,duration=0.184
307.0,unload_end,29,2,,0,1,1,1,
307.0,passengers_spawned,29,2,,0,1,1,1,count=38
307.0,passenger_queue_arrival,,,1015,1,1,1,1,
307.0,passenger_queue_arrival,,,1016,2,1,1,1,
307.0,passenger_queue_arrival,,,1017,3,1,1,1,
307.0,passenger_queue_arrival,,,1018,4,1,1,1,
307.0,passenger_queue_arrival,,,1019,5,1,1,1,
307.0,passenger_queue_arrival,,,1020,6,1,1,1,
307.0,passenger_queue_arrival,,,1021,7,1,1,1,
307.0,passenger_queue_arrival,,,1022,8,1,1,1,
307.0,passenger_queue_arrival,,,1023,9,1,1,1,
307.0,passenger_queue_arrival,,,1024,10,1,1,1,
307.0,passenger_queue_arrival,,,1025,11,1,1,1,
307.0,passenger_queue_arrival,,,1026,12,1,1,1,
307.0,passenger_queue_arrival,,,1027,13,1,1,1,
307.0,passenger_queue_arrival,,,1028,14,1,1,1,
307.0,passenger_queue_arrival,,,1029,15,1,1,1,
307.0,passenger_queue_arrival,,,1030,16,1,1,1,
307.0,passenger_queue_arrival,,,1031,17,1,1,1,
307.0,passenger_queue_arrival,,,1032,18,1,1,1,
307.0,passenger_queue_arrival,,,1033,19,1,1,1,
307.0,passenger_queue_arrival,,,1034,20,1,1,1,
307.0,passenger_queue_arrival,,,1035,21,1,1,1,
307.0,passenger_queue_arrival,,,1036,22,1,1,1,
307.0,passenger_queue_arrival,,,1037,23,1,1,1,
307.0,passenger_queue_arrival,,,1038,24,1,1,1,
307.0,passenger_queue_arrival,,,1039,25,1,1,1,
307.0,passenger_queue_arrival,,,1040,26,1,1,1,
307.0,passenger_queue_arrival,,,1041,27,1,1,1,
307.0,passenger_queue_arrival,,,1042,28,1,1,1,
307.0,passenger_queue_arrival,,,1043,29,1,1,1,
307.0,passenger_queue_arrival,,,1044,30,1,1,1,
307.0,passenger_queue_arrival,,,1045,31,1,1,1,
307.0,passenger_queue_arrival,,,1046,32,1,1,1,
307.0,passenger_queue_arrival,,,1047,33,1,1,1,
307.0,passenger_queue_arrival,,,1048,34,1,1,1,
307.0,passenger_queue_arrival,,,1049,35,1,1,1,
307.0,passenger_queue_arrival,,,1050,36,1,1,1,
307.0,passenger_queue_arrival,,,1051,37,1,1,1,
307.0,passenger_queue_arrival,,,1052,38,1,1,1,
307.0,landing_start,30,3,,38,1,1,1,landing_time=5
307.0,service_start,,,1015,37,1,1,1,service_time_sampled=0.014
307.01411707000085,service_end,,,1015,37,1,1,1,duration=0.014
307.01411707000085,service_start,,,1016,36,1,1,1,service_time_sampled=0.062
307.0758610071058,service_end,,,1016,36,1,1,1,duration=0.062
307.0758610071058,service_start,,,1017,35,1,1,1,service_time_sampled=0.342
307.41794028357964,service_end,,,1017,35,1,1,1,duration=0.342
307.41794028357964,service_start,,,1018,34,1,1,1,service_time_sampled=0.012
307.4303258917632,service_end,,,1018,34,1,1,1,duration=0.012
307.4303258917632,service_start,,,1019,33,1,1,1,service_time_sampled=0.044
307.4743786137146,service_end,,,1019,33,1,1,1,duration=0.044
307.4743786137146,service_start,,,1020,32,1,1,1,service_time_sampled=0.023
307.49761355358083,service_end,,,1020,32,1,1,1,duration=0.023
307.49761355358083,service_start,,,1021,31,1,1,1,service_time_sampled=0.013
307.510724694462,service_end,,,1021,31,1,1,1,duration=0.013
307.510724694462,service_start,,,1022,30,1,1,1,service_time_sampled=0.020
307.5302627077265,service_end,,,1022,30,1,1,1,duration=0.020
307.5302627077265,service_start,,,1023,29,1,1,1,service_time_sampled=0.320
307.85072082540825,service_end,,,1023,29,1,1,1,duration=0.320
307.85072082540825,service_start,,,1024,28,1,1,1,service_time_sampled=0.044
307.8950546425858,service_end,,,1024,28,1,1,1,duration=0.044
307.8950546425858,service_start,,,1025,27,1,1,1,service_time_sampled=0.117
308.01162895639135,service_end,,,1025,27,1,1,1,duration=0.117
308.01162895639135,service_start,,,1026,26,1,1,1,service_time_sampled=0.171
308.1830001742305,service_end,,,1026,26,1,1,1,duration=0.171
308.1830001742305,service_start,,,1027,25,1,1,1,service_time_sampled=0.238
308.4207609750688,service_end,,,1027,25,1,1,1,duration=0.238
308.4207609750688,service_start,,,1028,24,1,1,1,service_time_sampled=0.330
308.750928805033,service_end,,,1028,24,1,1,1,duration=0.330
308.750928805033,service_start,,,1029,23,1,1,1,service_time_sampled=0.142
308.8926927702538,service_end,,,1029,23,1,1,1,duration=0.142
308.8926927702538,service_start,,,1030,22,1,1,1,service_time_sampled=0.078
308.97061617255184,service_end,,,1030,22,1,1,1,duration=0.078
308.97061617255184,service_start,,,1031,21,1,1,1,service_time_sampled=0.059
309.0300278348189,service_end,,,1031,21,1,1,1,duration=0.059
309.0300278348189,service_start,,,1032,20,1,1,1,service_time_sampled=0.014
309.0438017148744,service_end,,,1032,20,1,1,1,duration=0.014
309.0438017148744,service_start,,,1033,19,1,1,1,service_time_sampled=0.467
309.5112335536884,service_end,,,1033,19,1,1,1,duration=0.467
309.5112335536884,service_start,,,1034,18,1,1,1,service_time_sampled=0.122
309.6337252334288,service_end,,,1034,18,1,1,1,duration=0.122
309.6337252334288,service_start,,,1035,17,1,1,1,service_time_sampled=0.010
309.64372523342877,service_end,,,1035,17,1,1,1,duration=0.010
309.64372523342877,service_start,,,1036,16,1,1,1,service_time_sampled=0.068
309.7120747143511,service_end,,,1036,16,1,1,1,duration=0.068
309.7120747143511,service_start,,,1037,15,1,1,1,service_time_sampled=0.067
309.7795478449468,service_end,,,1037,15,1,1,1,duration=0.067
309.7795478449468,service_start,,,1038,14,1,1,1,service_time_sampled=0.132
309.9112623295081,service_end,,,1038,14,1,1,1,duration=0.132
309.9112623295081,service_start,,,1039,13,1,1,1,service_time_sampled=0.026
309.9370296642324,service_end,,,1039,13,1,1,1,duration=0.026
309.9370296642324,service_start,,,1040,12,1,1,1,service_time_sampled=0.464
310.4010736341366,service_end,,,1040,12,1,1,1,duration=0.464
310.4010736341366,service_start,,,1041,11,1,1,1,service_time_sampled=0.235
310.6365691212205,service_end,,,1041,11,1,1,1,duration=0.235
310.6365691212205,service_start,,,1042,10,1,1,1,service_time_sampled=0.033
310.6693842145037,service_end,,,1042,10,1,1,1,duration=0.033
310.6693842145037,service_start,,,1043,9,1,1,1,service_time_sampled=0.072
310.7417608723758,service_end,,,1043,9,1,1,1,duration=0.072
310.7417608723758,service_start,,,1044,8,1,1,1,service_time_sampled=0.032
310.7742009096743,service_end,,,1044,8,1,1,1,duration=0.032
310.7742009096743,service_start,,,1045,7,1,1,1,service_time_sampled=0.059
310.83280790744647,service_end,,,1045,7,1,1,1,duration=0.059
310.83280790744647,service_start,,,1046,6,1,1,1,service_time_sampled=0.210
311.0428436989175,service_end,,,1046,6,1,1,1,duration=0.210
311.0428436989175,service_start,,,1047,5,1,1,1,service_time_sampled=0.256
311.29911271028436,service_end,,,1047,5,1,1,1,duration=0.256
311.29911271028436,service_start,,,1048,4,1,1,1,service_time_sampled=0.217
311.5161777225838,service_end,,,1048,4,1,1,1,duration=0.217
311.5161777225838,service_start,,,1049,3,1,1,1,service_time_sampled=0.206
311.7220485682244,service_end,,,1049,3,1,1,1,duration=0.206
311.7220485682244,service_start,,,1050,2,1,1,1,service_time_sampled=0.129
311.85055065099647,service_end,,,1050,2,1,1,1,duration=0.129
311.85055065099647,service_start,,,1051,1,1,1,1,service_time_sampled=0.129
311.9792023721448,service_end,,,1051,1,1,1,1,duration=0.129
311.9792023721448,service_start,,,1052,0,1,1,1,service_time_sampled=0.115
312.0,landing_end,30,3,,0,1,1,1,pad_q=1
312.0940060411354,service_end,,,1052,0,1,1,1,duration=0.115
319.0,unload_end,30,3,,0,1,1,1,
319.0,passengers_spawned,30,3,,0,1,1,1,count=45
319.0,passenger_queue_arrival,,,1053,1,1,1,1,
319.0,passenger_queue_arrival,,,1054,2,1,1,1,
319.0,passenger_queue_arrival,,,1055,3,1,1,1,
319.0,passenger_queue_arrival,,,1056,4,1,1,1,
319.0,passenger_queue_arrival,,,1057,5,1,1,1,
319.0,passenger_queue_arrival,,,1058,6,1,1,1,
319.0,passenger_queue_arrival,,,1059,7,1,1,1,
319.0,passenger_queue_arrival,,,1060,8,1,1,1,
319.0,passenger_queue_arrival,,,1061,9,1,1,1,
319.0,passenger_queue_arrival,,,1062,10,1,1,1,
319.0,passenger_queue_arrival,,,1063,11,1,1,1,
319.0,passenger_queue_arrival,,,1064,12,1,1,1,
319.0,passenger_queue_arrival,,,1065,13,1,1,1,
319.0,passenger_queue_arrival,,,1066,14,1,1,1,
319.0,passenger_queue_arrival,,,1067,15,1,1,1,
319.0,passenger_queue_arrival,,,1068,16,1,1,1,
319.0,passenger_queue_arrival,,,1069,17,1,1,1,
319.0,passenger_queue_arrival,,,1070,18,1,1,1,
319.0,passenger_queue_arrival,,,1071,19,1,1,1,
319.0,passenger_queue_arrival,,,1072,20,1,1,1,
319.0,passenger_queue_arrival,,,1073,21,1,1,1,
319.0,passenger_queue_arrival,,,1074,22,1,1,1,
319.0,passenger_queue_arrival,,,1075,23,1,1,1,
319.0,passenger_queue_arrival,,,1076,24,1,1,1,
319.0,passenger_queue_arrival,,,1077,25,1,1,1,
319.0,passenger_queue_arrival,,,1078,26,1,1,1,
319.0,passenger_queue_arrival,,,1079,27,1,1,1,
319.0,passenger_queue_arrival,,,1080,28,1,1,1,
319.0,passenger_queue_arrival,,,1081,29,1,1,1,
319.0,passenger_queue_arrival,,,1082,30,1,1,1,
319.0,passenger_queue_arrival,,,1083,31,1,1,1,
319.0,passenger_queue_arrival,,,1084,32,1,1,1,
319.0,passenger_queue_arrival,,,1085,33,1,1,1,
319.0,passenger_queue_arrival,,,1086,34,1,1,1,
319.0,passenger_queue_arrival,,,1087,35,1,1,1,
319.0,passenger_queue_arrival,,,1088,36,1,1,1,
319.0,passenger_queue_arrival,,,1089,37,1,1,1,
319.0,passenger_queue_arrival,,,1090,38,1,1,1,
319.0,passenger_queue_arrival,,,1091,39,1,1,1,
319.0,passenger_queue_arrival,,,1092,40,1,1,1,
319.0,passenger_queue_arrival,,,1093,41,1,1,1,
319.0,passenger_queue_arrival,,,1094,42,1,1,1,
319.0,passenger_queue_arrival,,,1095,43,1,1,1,
319.0,passenger_queue_arrival,,,1096,44,1,1,1,
319.0,passenger_queue_arrival,,,1097,45,1,1,1,
319.0,landing_start,31,3,,45,1,1,1,landing_time=3
319.0,service_start,,,1053,44,1,1,1,service_time_sampled=0.161
319.1606652650549,service_end,,,1053,44,1,1,1,duration=0.161
319.1606652650549,service_start,,,1054,43,1,1,1,service_time_sampled=0.041
319.2014978691174,service_end,,,1054,43,1,1,1,duration=0.041
319.2014978691174,service_start,,,1055,42,1,1,1,service_time_sampled=0.045
319.24619614491564,service_end,,,1055,42,1,1,1,duration=0.045
319.24619614491564,service_start,,,1056,41,1,1,1,service_time_sampled=0.010
319.25619614491563,service_end,,,1056,41,1,1,1,duration=0.010
319.25619614491563,service_start,,,1057,40,1,1,1,service_time_sampled=0.414
319.6702197751261,service_end,,,1057,40,1,1,1,duration=0.414
319.6702197751261,service_start,,,1058,39,1,1,1,service_time_sampled=0.072
319.7423525344449,service_end,,,1058,39,1,1,1,duration=0.072
319.7423525344449,service_start,,,1059,38,1,1,1,service_time_sampled=0.010
319.75235253444487,service_end,,,1059,38,1,1,1,duration=0.010
319.75235253444487,service_start,,,1060,37,1,1,1,service_time_sampled=0.592
320.3447340744596,service_end,,,1060,37,1,1,1,duration=0.592
320.3447340744596,service_start,,,1061,36,1,1,1,service_time_sampled=0.199
320.54364613291807,service_end,,,1061,36,1,1,1,duration=0.199
320.54364613291807,service_start,,,1062,35,1,1,1,service_time_sampled=0.213
320.7562776452494,service_end,,,1062,35,1,1,1,duration=0.213
320.7562776452494,service_start,,,1063,34,1,1,1,service_time_sampled=0.017
320.773619934558,service_end,,,1063,34,1,1,1,duration=0.017
320.773619934558,service_start,,,1064,33,1,1,1,service_time_sampled=0.031
320.8046394856443,service_end,,,1064,33,1,1,1,duration=0.031
320.8046394856443,service_start,,,1065,32,1,1,1,service_time_sampled=0.173
320.9776837290123,service_end,,,1065,32,1,1,1,duration=0.173
320.9776837290123,service_start,,,1066,31,1,1,1,service_time_sampled=0.103
321.08114346759385,service_end,,,1066,31,1,1,1,duration=0.103
321.08114346759385,service_start,,,1067,30,1,1,1,service_time_sampled=0.166
321.246772107383,service_end,,,1067,30,1,1,1,duration=0.166
321.246772107383,service_start,,,1068,29,1,1,1,service_time_sampled=0.151
321.3979445115024,service_end,,,1068,29,1,1,1,duration=0.151
321.3979445115024,service_start,,,1069,28,1,1,1,service_time_sampled=0.139
321.5370506063797,service_end,,,1069,28,1,1,1,duration=0.139
321.5370506063797,service_start,,,1070,27,1,1,1,service_time_sampled=0.284
321.8205767491203,service_end,,,1070,27,1,1,1,duration=0.284
321.8205767491203,service_start,,,1071,26,1,1,1,service_time_sampled=0.255
322.0,landing_end,31,3,,26,1,1,1,pad_q=1
322.075190944708,service_end,,,1071,26,1,1,1,duration=0.255
322.075190944708,service_start,,,1072,25,1,1,1,service_time_sampled=0.129
322.20461307898495,service_end,,,1072,25,1,1,1,duration=0.129
322.20461307898495,service_start,,,1073,24,1,1,1,service_time_sampled=0.018
322.22291966446386,service_end,,,1073,24,1,1,1,duration=0.018
322.22291966446386,service_start,,,1074,23,1,1,1,service_time_sampled=0.093
322.31639040190794,service_end,,,1074,23,1,1,1,duration=0.093
322.31639040190794,service_start,,,1075,22,1,1,1,service_time_sampled=0.088
322.40434693063025,service_end,,,1075,22,1,1,1,duration=0.088
322.40434693063025,service_start,,,1076,21,1,1,1,service_time_sampled=0.072
322.4759847062962,service_end,,,1076,21,1,1,1,duration=0.072
322.4759847062962,service_start,,,1077,20,1,1,1,service_time_sampled=0.355
322.8312103944072,service_end,,,1077,20,1,1,1,duration=0.355
322.8312103944072,service_start,,,1078,19,1,1,1,service_time_sampled=0.095
322.92645047332735,service_end,,,1078,19,1,1,1,duration=0.095
322.92645047332735,service_start,,,1079,18,1,1,1,service_time_sampled=0.253
323.17911846403825,service_end,,,1079,18,1,1,1,duration=0.253
323.17911846403825,service_start,,,1080,17,1,1,1,service_time_sampled=0.276
323.45512419437796,service_end,,,1080,17,1,1,1,duration=0.276
323.45512419437796,service_start,,,1081,16,1,1,1,service_time_sampled=0.193
323.64821292064505,service_end,,,1081,16,1,1,1,duration=0.193
323.64821292064505,service_start,,,1082,15,1,1,1,service_time_sampled=0.011
323.6587354606518,service_end,,,1082,15,1,1,1,duration=0.011
323.6587354606518,service_start,,,1083,14,1,1,1,service_time_sampled=0.120
323.77844642746413,service_end,,,1083,14,1,1,1,duration=0.120
323.77844642746413,service_start,,,1084,13,1,1,1,service_time_sampled=0.055
323.83324516501415,service_end,,,1084,13,1,1,1,duration=0.055
323.83324516501415,service_start,,,1085,12,1,1,1,service_time_sampled=0.167
324.000038728007,service_end,,,1085,12,1,1,1,duration=0.167
324.000038728007,service_start,,,1086,11,1,1,1,service_time_sampled=0.014
324.013900451196,service_end,,,1086,11,1,1,1,duration=0.014
324.013900451196,service_start,,,1087,10,1,1,1,service_time_sampled=0.010
324.02390045119597,service_end,,,1087,10,1,1,1,duration=0.010
324.02390045119597,service_start,,,1088,9,1,1,1,service_time_sampled=0.148
324.17186512011943,service_end,,,1088,9,1,1,1,duration=0.148
324.17186512011943,service_start,,,1089,8,1,1,1,service_time_sampled=0.133
324.3046623236955,service_end,,,1089,8,1,1,1,duration=0.133
324.3046623236955,service_start,,,1090,7,1,1,1,service_time_sampled=0.130
324.43500307627346,service_end,,,1090,7,1,1,1,duration=0.130
324.43500307627346,service_start,,,1091,6,1,1,1,service_time_sampled=0.014
324.44873804384775,service_end,,,1091,6,1,1,1,duration=0.014
324.44873804384775,service_start,,,1092,5,1,1,1,service_time_sampled=0.134
324.5828408797311,service_end,,,1092,5,1,1,1,duration=0.134
324.5828408797311,service_start,,,1093,4,1,1,1,service_time_sampled=0.280
324.86275117275153,service_end,,,1093,4,1,1,1,duration=0.280
324.86275117275153,service_start,,,1094,3,1,1,1,service_time_sampled=0.246
325.1089397893914,service_end,,,1094,3,1,1,1,duration=0.246
325.1089397893914,service_start,,,1095,2,1,1,1,service_time_sampled=0.098
325.2065681040733,service_end,,,1095,2,1,1,1,duration=0.098
325.2065681040733,service_start,,,1096,1,1,1,1,service_time_sampled=0.054
325.2603302087807,service_end,,,1096,1,1,1,1,duration=0.054
325.2603302087807,service_start,,,1097,0,1,1,1,service_time_sampled=0.275
325.5356076826339,service_end,,,1097,0,1,1,1,duration=0.275
329.0,unload_end,31,3,,0,1,1,1,
329.0,passengers_spawned,31,3,,0,1,1,1,count=48
329.0,passenger_queue_arrival,,,1098,1,1,1,1,
329.0,passenger_queue_arrival,,,1099,2,1,1,1,
329.0,passenger_queue_arrival,,,1100,3,1,1,1,
329.0,passenger_queue_arrival,,,1101,4,1,1,1,
329.0,passenger_queue_arrival,,,1102,5,1,1,1,
329.0,passenger_queue_arrival,,,1103,6,1,1,1,
329.0,passenger_queue_arrival,,,1104,7,1,1,1,
329.0,passenger_queue_arrival,,,1105,8,1,1,1,
329.0,passenger_queue_arrival,,,1106,9,1,1,1,
329.0,passenger_queue_arrival,,,1107,10,1,1,1,
329.0,passenger_queue_arrival,,,1108,11,1,1,1,
329.0,passenger_queue_arrival,,,1109,12,1,1,1,
329.0,passenger_queue_arrival,,,1110,13,1,1,1,
329.0,passenger_queue_arrival,,,1111,14,1,1,1,
329.0,passenger_queue_arrival,,,1112,15,1,1,1,
329.0,passenger_queue_arrival,,,1113,16,1,1,1,
329.0,passenger_queue_arrival,,,1114,17,1,1,1,
329.0,passenger_queue_arrival,,,1115,18,1,1,1,
329.0,passenger_queue_arrival,,,1116,19,1,1,1,
329.0,passenger_queue_arrival,,,1117,20,1,1,1,
329.0,passenger_queue_arrival,,,1118,21,1,1,1,
329.0,passenger_queue_arrival,,,1119,22,1,1,1,
329.0,passenger_queue_arrival,,,1120,23,1,1,1,
329.0,passenger_queue_arrival,,,1121,24,1,1,1,
329.0,passenger_queue_arrival,,,1122,25,1,1,1,
329.0,passenger_queue_arrival,,,1123,26,1,1,1,
329.0,passenger_queue_arrival,,,1124,27,1,1,1,
329.0,passenger_queue_arrival,,,1125,28,1,1,1,
329.0,passenger_queue_arrival,,,1126,29,1,1,1,
329.0,passenger_queue_arrival,,,1127,30,1,1,1,
329.0,passenger_queue_arrival,,,1128,31,1,1,1,
329.0,passenger_queue_arrival,,,1129,32,1,1,1,
329.0,passenger_queue_arrival,,,1130,33,1,1,1,
329.0,passenger_queue_arrival,,,1131,34,1,1,1,
329.0,passenger_queue_arrival,,,1132,35,1,1,1,
329.0,passenger_queue_arrival,,,1133,36,1,1,1,
329.0,passenger_queue_arrival,,,1134,37,1,1,1,
329.0,passenger_queue_arrival,,,1135,38,1,1,1,
329.0,passenger_queue_arrival,,,1136,39,1,1,1,
329.0,passenger_queue_arrival,,,1137,40,1,1,1,
329.0,passenger_queue_arrival,,,1138,41,1,1,1,
329.0,passenger_queue_arrival,,,1139,42,1,1,1,
329.0,passenger_queue_arrival,,,1140,43,1,1,1,
329.0,passenger_queue_arrival,,,1141,44,1,1,1,
329.0,passenger_queue_arrival,,,1142,45,1,1,1,
329.0,passenger_queue_arrival,,,1143,46,1,1,1,
329.0,passenger_queue_arrival,,,1144,47,1,1,1,
329.0,passenger_queue_arrival,,,1145,48,1,1,1,
329.0,landing_start,32,2,,48,1,1,1,landing_time=5
329.0,service_start,,,1098,47,1,1,1,service_time_sampled=0.065
329.065022701262,service_end,,,1098,47,1,1,1,duration=0.065
329.065022701262,service_start,,,1099,46,1,1,1,service_time_sampled=0.145
329.2097934734052,service_end,,,1099,46,1,1,1,duration=0.145
329.2097934734052,service_start,,,1100,45,1,1,1,service_time_sampled=0.191
329.4012748153623,service_end,,,1100,45,1,1,1,duration=0.191
329.4012748153623,service_start,,,1101,44,1,1,1,service_time_sampled=0.085
329.4865305290692,service_end,,,1101,44,1,1,1,duration=0.085
329.4865305290692,service_start,,,1102,43,1,1,1,service_time_sampled=0.116
329.6027877710107,service_end,,,1102,43,1,1,1,duration=0.116
329.6027877710107,service_start,,,1103,42,1,1,1,service_time_sampled=0.239
329.84153630804735,service_end,,,1103,42,1,1,1,duration=0.239
329.84153630804735,service_start,,,1104,41,1,1,1,service_time_sampled=0.045
329.8868926859847,service_end,,,1104,41,1,1,1,duration=0.045
329.8868926859847,service_start,,,1105,40,1,1,1,service_time_sampled=0.108
329.9944128025835,service_end,,,1105,40,1,1,1,duration=0.108
329.9944128025835,service_start,,,1106,39,1,1,1,service_time_sampled=0.010
330.0044128025835,service_end,,,1106,39,1,1,1,duration=0.010
330.0044128025835,service_start,,,1107,38,1,1,1,service_time_sampled=0.027
330.0315171340175,service_end,,,1107,38,1,1,1,duration=0.027
330.0315171340175,service_start,,,1108,37,1,1,1,service_time_sampled=0.146
330.1778201758402,service_end,,,1108,37,1,1,1,duration=0.146
330.1778201758402,service_start,,,1109,36,1,1,1,service_time_sampled=0.046
330.22431812559716,service_end,,,1109,36,1,1,1,duration=0.046
330.22431812559716,service_start,,,1110,35,1,1,1,service_time_sampled=0.165
330.3891785659197,service_end,,,1110,35,1,1,1,duration=0.165
330.3891785659197,service_start,,,1111,34,1,1,1,service_time_sampled=0.249
330.63809033109766,service_end,,,1111,34,1,1,1,duration=0.249
330.63809033109766,service_start,,,1112,33,1,1,1,service_time_sampled=0.028
330.6660631546053,service_end,,,1112,33,1,1,1,duration=0.028
330.6660631546053,service_start,,,1113,32,1,1,1,service_time_sampled=0.141
330.8067802687171,service_end,,,1113,32,1,1,1,duration=0.141
330.8067802687171,service_start,,,1114,31,1,1,1,service_time_sampled=0.161
330.9677599421665,service_end,,,1114,31,1,1,1,duration=0.161
330.9677599421665,service_start,,,1115,30,1,1,1,service_time_sampled=0.094
331.06139500620276,service_end,,,1115,30,1,1,1,duration=0.094
331.06139500620276,service_start,,,1116,29,1,1,1,service_time_sampled=0.063
331.12398225148104,service_end,,,1116,29,1,1,1,duration=0.063
331.12398225148104,service_start,,,1117,28,1,1,1,service_time_sampled=0.010
331.13398225148103,service_end,,,1117,28,1,1,1,duration=0.010
331.13398225148103,service_start,,,1118,27,1,1,1,service_time_sampled=0.390
331.52440492553427,service_end,,,1118,27,1,1,1,duration=0.390
331.52440492553427,service_start,,,1119,26,1,1,1,service_time_sampled=0.244
331.76838885477184,service_end,,,1119,26,1,1,1,duration=0.244
331.76838885477184,service_start,,,1120,25,1,1,1,service_time_sampled=0.087
331.85567175483175,service_end,,,1120,25,1,1,1,duration=0.087
331.85567175483175,service_start,,,1121,24,1,1,1,service_time_sampled=0.010
331.86567175483174,service_end,,,1121,24,1,1,1,duration=0.010
331.86567175483174,service_start,,,1122,23,1,1,1,service_time_sampled=0.025
331.89040443706466,service_end,,,1122,23,1,1,1,duration=0.025
331.89040443706466,service_start,,,1123,22,1,1,1,service_time_sampled=0.013
331.9032088526997,service_end,,,1123,22,1,1,1,duration=0.013
331.9032088526997,service_start,,,1124,21,1,1,1,service_time_sampled=0.323
332.2262885057265,service_end,,,1124,21,1,1,1,duration=0.323
332.2262885057265,service_start,,,1125,20,1,1,1,service_time_sampled=0.059
332.28502651807554,service_end,,,1125,20,1,1,1,duration=0.059
332.28502651807554,service_start,,,1126,19,1,1,1,service_time_sampled=0.028
332.31296343339153,service_end,,,1126,19,1,1,1,duration=0.028
332.31296343339153,service_start,,,1127,18,1,1,1,service_time_sampled=0.102
332.41513696375415,service_end,,,1127,18,1,1,1,duration=0.102
332.41513696375415,service_start,,,1128,17,1,1,1,service_time_sampled=0.169
332.5842933940406,service_end,,,1128,17,1,1,1,duration=0.169
332.5842933940406,service_start,,,1129,16,1,1,1,service_time_sampled=0.014
332.59835132471716,service_end,,,1129,16,1,1,1,duration=0.014
332.59835132471716,service_start,,,1130,15,1,1,1,service_time_sampled=0.129
332.7276303633755,service_end,,,1130,15,1,1,1,duration=0.129
332.7276303633755,service_start,,,1131,14,1,1,1,service_time_sampled=0.207
332.93507469167986,service_end,,,1131,14,1,1,1,duration=0.207
332.93507469167986,service_start,,,1132,13,1,1,1,service_time_sampled=0.045
332.9798161798401,service_end,,,1132,13,1,1,1,duration=0.045
332.9798161798401,service_start,,,1133,12,1,1,1,service_time_sampled=0.249
333.22904547516765,service_end,,,1133,12,1,1,1,duration=0.249
333.22904547516765,service_start,,,1134,11,1,1,1,service_time_sampled=0.095
333.32432590597284,service_end,,,1134,11,1,1,1,duration=0.095
333.32432590597284,service_start,,,1135,10,1,1,1,service_time_sampled=0.236
333.56054990167473,service_end,,,1135,10,1,1,1,duration=0.236
333.56054990167473,service_start,,,1136,9,1,1,1,service_time_sampled=0.091
333.65119640110424,service_end,,,1136,9,1,1,1,duration=0.091
333.65119640110424,service_start,,,1137,8,1,1,1,service_time_sampled=0.010
333.66119640110423,service_end,,,1137,8,1,1,1,duration=0.010
333.66119640110423,service_start,,,1138,7,1,1,1,service_time_sampled=0.232
333.892828457228,service_end,,,1138,7,1,1,1,duration=0.232
333.892828457228,service_start,,,1139,6,1,1,1,service_time_sampled=0.022
333.9149379766902,service_end,,,1139,6,1,1,1,duration=0.022
333.9149379766902,service_start,,,1140,5,1,1,1,service_time_sampled=0.173
334.0,landing_end,32,2,,5,1,1,1,pad_q=1
334.0876729038424,service_end,,,1140,5,1,1,1,duration=0.173
334.0876729038424,service_start,,,1141,4,1,1,1,service_time_sampled=0.139
334.22647689941664,service_end,,,1141,4,1,1,1,duration=0.139
334.22647689941664,service_start,,,1142,3,1,1,1,service_time_sampled=0.071
334.29784419399505,service_end,,,1142,3,1,1,1,duration=0.071
334.29784419399505,service_start,,,1143,2,1,1,1,service_time_sampled=0.080
334.37796199871894,service_end,,,1143,2,1,1,1,duration=0.080
334.37796199871894,service_start,,,1144,1,1,1,1,service_time_sampled=0.136
334.51440453085445,service_end,,,1144,1,1,1,1,duration=0.136
334.51440453085445,service_start,,,1145,0,1,1,1,service_time_sampled=0.055
334.5693691073837,service_end,,,1145,0,1,1,1,duration=0.055
341.0,unload_end,32,2,,0,1,1,1,
341.0,passengers_spawned,32,2,,0,1,1,1,count=37
341.0,passenger_queue_arrival,,,1146,1,1,1,1,
341.0,passenger_queue_arrival,,,1147,2,1,1,1,
341.0,passenger_queue_arrival,,,1148,3,1,1,1,
341.0,passenger_queue_arrival,,,1149,4,1,1,1,
341.0,passenger_queue_arrival,,,1150,5,1,1,1,
341.0,passenger_queue_arrival,,,1151,6,1,1,1,
341.0,passenger_queue_arrival,,,1152,7,1,1,1,
341.0,passenger_queue_arrival,,,1153,8,1,1,1,
341.0,passenger_queue_arrival,,,1154,9,1,1,1,
341.0,passenger_queue_arrival,,,1155,10,1,1,1,
341.0,passenger_queue_arrival,,,1156,11,1,1,1,
341.0,passenger_queue_arrival,,,1157,12,1,1,1,
341.0,passenger_queue_arrival,,,1158,13,1,1,1,
341.0,passenger_queue_arrival,,,1159,14,1,1,1,
341.0,passenger_queue_arrival,,,1160,15,1,1,1,
341.0,passenger_queue_arrival,,,1161,16,1,1,1,
341.0,passenger_queue_arrival,,,1162,17,1,1,1,
341.0,passenger_queue_arrival,,,1163,18,1,1,1,
341.0,passenger_queue_arrival,,,1164,19,1,1,1,
341.0,passenger_queue_arrival,,,1165,20,1,1,1,
341.0,passenger_queue_arrival,,,1166,21,1,1,1,
341.0,passenger_queue_arrival,,,1167,22,1,1,1,
341.0,passenger_queue_arrival,,,1168,23,1,1,1,
341.0,passenger_queue_arrival,,,1169,24,1,1,1,
341.0,passenger_queue_arrival,,,1170,25,1,1,1,
341.0,passenger_queue_arrival,,,1171,26,1,1,1,
341.0,passenger_queue_arrival,,,1172,27,1,1,1,
341.0,passenger_queue_arrival,,,1173,28,1,1,1,
341.0,passenger_queue_arrival,,,1174,29,1,1,1,
341.0,passenger_queue_arrival,,,1175,30,1,1,1,
341.0,passenger_queue_arrival,,,1176,31,1,1,1,
341.0,passenger_queue_arrival,,,1177,32,1,1,1,
341.0,passenger_queue_arrival,,,1178,33,1,1,1,
341.0,passenger_queue_arrival,,,1179,34,1,1,1,
341.0,passenger_queue_arrival,,,1180,35,1,1,1,
341.0,passenger_queue_arrival,,,1181,36,1,1,1,
341.0,passenger_queue_arrival,,,1182,37,1,1,1,
341.0,service_start,,,1146,36,1,1,1,service_time_sampled=0.271
341.27097573101224,service_end,,,1146,36,1,1,1,duration=0.271
341.27097573101224,service_start,,,1147,35,1,1,1,service_time_sampled=0.071
341.3418451646239,service_end,,,1147,35,1,1,1,duration=0.071
341.3418451646239,service_start,,,1148,34,1,1,1,service_time_sampled=0.422
341.76356415741,service_end,,,1148,34,1,1,1,duration=0.422
341.76356415741,service_start,,,1149,33,1,1,1,service_time_sampled=0.235
341.99886411604956,service_end,,,1149,33,1,1,1,duration=0.235
341.99886411604956,service_start,,,1150,32,1,1,1,service_time_sampled=0.063
342.0620838350476,service_end,,,1150,32,1,1,1,duration=0.063
342.0620838350476,service_start,,,1151,31,1,1,1,service_time_sampled=0.072
342.1345230908233,service_end,,,1151,31,1,1,1,duration=0.072
342.1345230908233,service_start,,,1152,30,1,1,1,service_time_sampled=0.010
342.14452309082327,service_end,,,1152,30,1,1,1,duration=0.010
342.14452309082327,service_start,,,1153,29,1,1,1,service_time_sampled=0.216
342.3605849978685,service_end,,,1153,29,1,1,1,duration=0.216
342.3605849978685,service_start,,,1154,28,1,1,1,service_time_sampled=0.014
342.3746621057768,service_end,,,1154,28,1,1,1,duration=0.014
342.3746621057768,service_start,,,1155,27,1,1,1,service_time_sampled=0.049
342.42412401256234,service_end,,,1155,27,1,1,1,duration=0.049
342.42412401256234,service_start,,,1156,26,1,1,1,service_time_sampled=0.285
342.7088226989634,service_end,,,1156,26,1,1,1,duration=0.285
342.7088226989634,service_start,,,1157,25,1,1,1,service_time_sampled=0.320
343.0289834496656,service_end,,,1157,25,1,1,1,duration=0.320
343.0289834496656,service_start,,,1158,24,1,1,1,service_time_sampled=0.028
343.05682011282806,service_end,,,1158,24,1,1,1,duration=0.028
343.05682011282806,service_start,,,1159,23,1,1,1,service_time_sampled=0.099
343.15546112544905,service_end,,,1159,23,1,1,1,duration=0.099
343.15546112544905,service_start,,,1160,22,1,1,1,service_time_sampled=0.053
343.2080097414818,service_end,,,1160,22,1,1,1,duration=0.053
343.2080097414818,service_start,,,1161,21,1,1,1,service_time_sampled=0.159
343.3669171628997,service_end,,,1161,21,1,1,1,duration=0.159
343.3669171628997,service_start,,,1162,20,1,1,1,service_time_sampled=0.082
343.4489614547166,service_end,,,1162,20,1,1,1,duration=0.082
343.4489614547166,service_start,,,1163,19,1,1,1,service_time_sampled=0.131
343.5799202636509,service_end,,,1163,19,1,1,1,duration=0.131
343.5799202636509,service_start,,,1164,18,1,1,1,service_time_sampled=0.149
343.72873127839625,service_end,,,1164,18,1,1,1,duration=0.149
343.72873127839625,service_start,,,1165,17,1,1,1,service_time_sampled=0.557
344.2859291143143,service_end,,,1165,17,1,1,1,duration=0.557
344.2859291143143,service_start,,,1166,16,1,1,1,service_time_sampled=0.051
344.3370225358993,service_end,,,1166,16,1,1,1,duration=0.051
344.3370225358993,service_start,,,1167,15,1,1,1,service_time_sampled=0.010
344.34702253589927,service_end,,,1167,15,1,1,1,duration=0.010
344.34702253589927,service_start,,,1168,14,1,1,1,service_time_sampled=0.043
344.3897299389425,service_end,,,1168,14,1,1,1,duration=0.043
344.3897299389425,service_start,,,1169,13,1,1,1,service_time_sampled=0.010
344.39972993894247,service_end,,,1169,13,1,1,1,duration=0.010
344.39972993894247,service_start,,,1170,12,1,1,1,service_time_sampled=0.010
344.40972993894246,service_end,,,1170,12,1,1,1,duration=0.010
344.40972993894246,service_start,,,1171,11,1,1,1,service_time_sampled=0.010
344.41972993894245,service_end,,,1171,11,1,1,1,duration=0.010
344.41972993894245,service_start,,,1172,10,1,1,1,service_time_sampled=0.035
344.4545125715455,service_end,,,1172,10,1,1,1,duration=0.035
344.4545125715455,service_start,,,1173,9,1,1,1,service_time_sampled=0.112
344.56613126212625,service_end,,,1173,9,1,1,1,duration=0.112
344.56613126212625,service_start,,,1174,8,1,1,1,service_time_sampled=0.015
344.58086509966404,service_end,,,1174,8,1,1,1,duration=0.015
344.58086509966404,service_start,,,1175,7,1,1,1,service_time_sampled=0.070
344.6512052245323,service_end,,,1175,7,1,1,1,duration=0.070
344.6512052245323,service_start,,,1176,6,1,1,1,service_time_sampled=0.192
344.8436639798417,service_end,,,1176,6,1,1,1,duration=0.192
344.8436639798417,service_start,,,1177,5,1,1,1,service_time_sampled=0.101
344.9444043408724,service_end,,,1177,5,1,1,1,duration=0.101
344.9444043408724,service_start,,,1178,4,1,1,1,service_time_sampled=0.057
345.00171494827464,service_end,,,1178,4,1,1,1,duration=0.057
345.00171494827464,service_start,,,1179,3,1,1,1,service_time_sampled=0.161
345.162626183322,service_end,,,1179,3,1,1,1,duration=0.161
345.162626183322,service_start,,,1180,2,1,1,1,service_time_sampled=0.284
345.4466808828596,service_end,,,1180,2,1,1,1,duration=0.284
345.4466808828596,service_start,,,1181,1,1,1,1,service_time_sampled=0.309
345.75528610194743,service_end,,,1181,1,1,1,1,duration=0.309
345.75528610194743,service_start,,,1182,0,1,1,1,service_time_sampled=0.066
345.8210831298458,service_end,,,1182,0,1,1,1,duration=0.066
346.0,plane_arrive,33,3,,0,1,1,1,air_q=1
346.0,landing_start,33,3,,0,1,1,1,landing_time=3
349.0,landing_end,33,3,,0,1,1,1,pad_q=1
356.0,unload_end,33,3,,0,1,1,1,
356.0,passengers_spawned,33,3,,0,1,1,1,count=55
356.0,passenger_queue_arrival,,,1183,1,1,1,1,
356.0,passenger_queue_arrival,,,1184,2,1,1,1,
356.0,passenger_queue_arrival,,,1185,3,1,1,1,
356.0,passenger_queue_arrival,,,1186,4,1,1,1,
356.0,passenger_queue_arrival,,,1187,5,1,1,1,
356.0,passenger_queue_arrival,,,1188,6,1,1,1,
356.0,passenger_queue_arrival,,,1189,7,1,1,1,
356.0,passenger_queue_arrival,,,1190,8,1,1,1,
356.0,passenger_queue_arrival,,,1191,9,1,1,1,
356.0,passenger_queue_arrival,,,1192,10,1,1,1,
356.0,passenger_queue_arrival,,,1193,11,1,1,1,
356.0,passenger_queue_arrival,,,1194,12,1,1,1,
356.0,passenger_queue_arrival,,,1195,13,1,1,1,
356.0,passenger_queue_arrival,,,1196,14,1,1,1,
356.0,passenger_queue_arrival,,,1197,15,1,1,1,
356.0,passenger_queue_arrival,,,1198,16,1,1,1,
356.0,passenger_queue_arrival,,,1199,17,1,1,1,
356.0,passenger_queue_arrival,,,1200,18,1,1,1,
356.0,passenger_queue_arrival,,,1201,19,1,1,1,
356.0,passenger_queue_arrival,,,1202,20,1,1,1,
356.0,passenger_queue_arrival,,,1203,21,1,1,1,
356.0,passenger_queue_arrival,,,1204,22,1,1,1,
356.0,passenger_queue_arrival,,,1205,23,1,1,1,
356.0,passenger_queue_arrival,,,1206,24,1,1,1,
356.0,passenger_queue_arrival,,,1207,25,1,1,1,
356.0,passenger_queue_arrival,,,1208,26,1,1,1,
356.0,passenger_queue_arrival,,,1209,27,1,1,1,
356.0,passenger_queue_arrival,,,1210,28,1,1,1,
356.0,passenger_queue_arrival,,,1211,29,1,1,1,
356.0,passenger_queue_arrival,,,1212,30,1,1,1,
356.0,passenger_queue_arrival,,,1213,31,1,1,1,
356.0,passenger_queue_arrival,,,1214,32,1,1,1,
356.0,passenger_queue_arrival,,,1215,33,1,1,1,
356.0,passenger_queue_arrival,,,1216,34,1,1,1,
356.0,passenger_queue_arrival,,,1217,35,1,1,1,
356.0,passenger_queue_arrival,,,1218,36,1,1,1,
356.0,passenger_queue_arrival,,,1219,37,1,1,1,
356.0,passenger_queue_arrival,,,1220,38,1,1,1,
356.0,passenger_queue_arrival,,,1221,39,1,1,1,
356.0,passenger_queue_arrival,,,1222,40,1,1,1,
356.0,passenger_queue_arrival,,,1223,41,1,1,1,
356.0,passenger_queue_arrival,,,1224,42,1,1,1,
356.0,passenger_queue_arrival,,,1225,43,1,1,1,
356.0,passenger_queue_arrival,,,1226,44,1,1,1,
356.0,passenger_queue_arrival,,,1227,45,1,1,1,
356.0,passenger_queue_arrival,,,1228,46,1,1,1,
356.0,passenger_queue_arrival,,,1229,47,1,1,1,
356.0,passenger_queue_arrival,,,1230,48,1,1,1,
356.0,passenger_queue_arrival,,,1231,49,1,1,1,
356.0,passenger_queue_arrival,,,1232,50,1,1,1,
356.0,passenger_queue_arrival,,,1233,51,1,1,1,
356.0,passenger_queue_arrival,,,1234,52,1,1,1,
356.0,passenger_queue_arrival,,,1235,53,1,1,1,
356.0,passenger_queue_arrival,,,1236,54,1,1,1,
356.0,passenger_queue_arrival,,,1237,55,1,1,1,
356.0,service_start,,,1183,54,1,1,1,service_time_sampled=0.014
356.0135874543286,service_end,,,1183,54,1,1,1,duration=0.014
356.0135874543286,service_start,,,1184,53,1,1,1,service_time_sampled=0.787
356.80036648134603,service_end,,,1184,53,1,1,1,duration=0.787
356.80036648134603,service_start,,,1185,52,1,1,1,service_time_sampled=0.240
357.04045997070256,service_end,,,1185,52,1,1,1,duration=0.240
357.04045997070256,service_start,,,1186,51,1,1,1,service_time_sampled=0.145
357.1850949520937,service_end,,,1186,51,1,1,1,duration=0.145
357.1850949520937,service_start,,,1187,50,1,1,1,service_time_sampled=0.201
357.38596289912175,service_end,,,1187,50,1,1,1,duration=0.201
357.38596289912175,service_start,,,1188,49,1,1,1,service_time_sampled=0.052
357.4379918279075,service_end,,,1188,49,1,1,1,duration=0.052
357.4379918279075,service_start,,,1189,48,1,1,1,service_time_sampled=0.017
357.4552077118039,service_end,,,1189,48,1,1,1,duration=0.017
357.4552077118039,service_start,,,1190,47,1,1,1,service_time_sampled=0.115
357.57038941791046,service_end,,,1190,47,1,1,1,duration=0.115
357.57038941791046,service_start,,,1191,46,1,1,1,service_time_sampled=0.311
357.6143507208048,failure,,,,,1,0,0,element=door
357.6143507208048,service_interrupted,,,1191,46,1,0,0,remaining=0.267
365.0,plane_arrive,34,2,,46,1,0,0,air_q=1
365.0,landing_start,34,2,,46,1,0,0,landing_time=5
368.904858940893,repair,,,,,1,1,1,"element=door, repair_time=11.291"
369.1811800443907,service_end,,,1191,46,1,1,1,duration=11.611
369.1811800443907,service_start,,,1192,45,1,1,1,service_time_sampled=0.055
369.2358774712458,service_end,,,1192,45,1,1,1,duration=0.055
369.2358774712458,service_start,,,1193,44,1,1,1,service_time_sampled=0.183
369.41859105538856,service_end,,,1193,44,1,1,1,duration=0.183
369.41859105538856,service_start,,,1194,43,1,1,1,service_time_sampled=0.092
369.51099927734384,service_end,,,1194,43,1,1,1,duration=0.092
369.51099927734384,service_start,,,1195,42,1,1,1,service_time_sampled=0.282
369.7928377542853,service_end,,,1195,42,1,1,1,duration=0.282
369.7928377542853,service_start,,,1196,41,1,1,1,service_time_sampled=0.063
369.8562832016076,service_end,,,1196,41,1,1,1,duration=0.063
369.8562832016076,service_start,,,1197,40,1,1,1,service_time_sampled=0.140
369.9958523284024,service_end,,,1197,40,1,1,1,duration=0.140
369.9958523284024,service_start,,,1198,39,1,1,1,service_time_sampled=0.252
370.0,landing_end,34,2,,39,1,1,1,pad_q=1
370.2475120210112,service_end,,,1198,39,1,1,1,duration=0.252
370.2475120210112,service_start,,,1199,38,1,1,1,service_time_sampled=0.088
370.3351234448145,service_end,,,1199,38,1,1,1,duration=0.088
370.3351234448145,service_start,,,1200,37,1,1,1,service_time_sampled=0.016
370.3513365485444,service_end,,,1200,37,1,1,1,duration=0.016
370.3513365485444,service_start,,,1201,36,1,1,1,service_time_sampled=0.010
370.3613365485444,service_end,,,1201,36,1,1,1,duration=0.010
370.3613365485444,service_start,,,1202,35,1,1,1,service_time_sampled=0.016
370.3777211866492,service_end,,,1202,35,1,1,1,duration=0.016
370.3777211866492,service_start,,,1203,34,1,1,1,service_time_sampled=0.111
370.48916161861655,service_end,,,1203,34,1,1,1,duration=0.111
370.48916161861655,service_start,,,1204,33,1,1,1,service_time_sampled=0.373
370.8624923580314,service_end,,,1204,33,1,1,1,duration=0.373
370.8624923580314,service_start,,,1205,32,1,1,1,service_time_sampled=0.025
370.8873342674557,service_end,,,1205,32,1,1,1,duration=0.025
370.8873342674557,service_start,,,1206,31,1,1,1,service_time_sampled=0.067
370.95453104770525,service_end,,,1206,31,1,1,1,duration=0.067
370.95453104770525,service_start,,,1207,30,1,1,1,service_time_sampled=0.010
370.96453104770524,service_end,,,1207,30,1,1,1,duration=0.010
370.96453104770524,service_start,,,1208,29,1,1,1,service_time_sampled=0.040
371.0046754442047,service_end,,,1208,29,1,1,1,duration=0.040
371.0046754442047,service_start,,,1209,28,1,1,1,service_time_sampled=0.036
371.0411593929275,service_end,,,1209,28,1,1,1,duration=0.036
371.0411593929275,service_start,,,1210,27,1,1,1,service_time_sampled=0.010
371.0511593929275,service_end,,,1210,27,1,1,1,duration=0.010
371.0511593929275,service_start,,,1211,26,1,1,1,service_time_sampled=0.149
371.19976457842165,service_end,,,1211,26,1,1,1,duration=0.149
371.19976457842165,service_start,,,1212,25,1,1,1,service_time_sampled=0.199
371.3990994848296,service_end,,,1212,25,1,1,1,duration=0.199
371.3990994848296,service_start,,,1213,24,1,1,1,service_time_sampled=0.049
371.44815988299547,service_end,,,1213,24,1,1,1,duration=0.049
371.44815988299547,service_start,,,1214,23,1,1,1,service_time_sampled=0.290
371.73864593960786,service_end,,,1214,23,1,1,1,duration=0.290
371.73864593960786,service_start,,,1215,22,1,1,1,service_time_sampled=0.308
372.0463032015789,service_end,,,1215,22,1,1,1,duration=0.308
372.0463032015789,service_start,,,1216,21,1,1,1,service_time_sampled=0.240
372.28669669974516,service_end,,,1216,21,1,1,1,duration=0.240
372.28669669974516,service_start,,,1217,20,1,1,1,service_time_sampled=0.123
372.40957154196025,service_end,,,1217,20,1,1,1,duration=0.123
372.40957154196025,service_start,,,1218,19,1,1,1,service_time_sampled=0.045
372.45490327344504,service_end,,,1218,19,1,1,1,duration=0.045
372.45490327344504,service_start,,,1219,18,1,1,1,service_time_sampled=0.194
372.64924603710654,service_end,,,1219,18,1,1,1,duration=0.194
372.64924603710654,service_start,,,1220,17,1,1,1,service_time_sampled=0.052
372.7011428559176,service_end,,,1220,17,1,1,1,duration=0.052
372.7011428559176,service_start,,,1221,16,1,1,1,service_time_sampled=0.537
373.2384129465009,service_end,,,1221,16,1,1,1,duration=0.537
373.2384129465009,service_start,,,1222,15,1,1,1,service_time_sampled=0.294
373.2697608029807,failure,,,,,1,0,0,element=door
373.2697608029807,service_interrupted,,,1222,15,1,0,0,remaining=0.263
377.0,unload_end,34,2,,15,1,0,0,
377.0,passengers_spawned,34,2,,15,1,0,0,count=38
377.0,passenger_queue_arrival,,,1238,16,1,0,0,
377.0,passenger_queue_arrival,,,1239,17,1,0,0,
377.0,passenger_queue_arrival,,,1240,18,1,0,0,
377.0,passenger_queue_arrival,,,1241,19,1,0,0,
377.0,passenger_queue_arrival,,,1242,20,1,0,0,
377.0,passenger_queue_arrival,,,1243,21,1,0,0,
377.0,passenger_queue_arrival,,,1244,22,1,0,0,
377.0,passenger_queue_arrival,,,1245,23,1,0,0,
377.0,passenger_queue_arrival,,,1246,24,1,0,0,
377.0,passenger_queue_arrival,,,1247,25,1,0,0,
377.0,passenger_queue_arrival,,,1248,26,1,0,0,
377.0,passenger_queue_arrival,,,1249,27,1,0,0,
377.0,passenger_queue_arrival,,,1250,28,1,0,0,
377.0,passenger_queue_arrival,,,1251,29,1,0,0,
377.0,passenger_queue_arrival,,,1252,30,1,0,0,
377.0,passenger_queue_arrival,,,1253,31,1,0,0,
377.0,passenger_queue_arrival,,,1254,32,1,0,0,
377.0,passenger_queue_arrival,,,1255,33,1,0,0,
377.0,passenger_queue_arrival,,,1256,34,1,0,0,
377.0,passenger_queue_arrival,,,1257,35,1,0,0,
377.0,passenger_queue_arrival,,,1258,36,1,0,0,
377.0,passenger_queue_arrival,,,1259,37,1,0,0,
377.0,passenger_queue_arrival,,,1260,38,1,0,0,
377.0,passenger_queue_arrival,,,1261,39,1,0,0,
377.0,passenger_queue_arrival,,,1262,40,1,0,0,
377.0,passenger_queue_arrival,,,1263,41,1,0,0,
377.0,passenger_queue_arrival,,,1264,42,1,0,0,
377.0,passenger_queue_arrival,,,1265,43,1,0,0,
377.0,passenger_queue_arrival,,,1266,44,1,0,0,
377.0,passenger_queue_arrival,,,1267,45,1,0,0,
377.0,passenger_queue_arrival,,,1268,46,1,0,0,
377.0,passenger_queue_arrival,,,1269,47,1,0,0,
377.0,passenger_queue_arrival,,,1270,48,1,0,0,
377.0,passenger_queue_arrival,,,1271,49,1,0,0,
377.0,passenger_queue_arrival,,,1272,50,1,0,0,
377.0,passenger_queue_arrival,,,1273,51,1,0,0,
377.0,passenger_queue_arrival,,,1274,52,1,0,0,
377.0,passenger_queue_arrival,,,1275,53,1,0,0,
381.70268117803283,repair,,,,,1,1,1,"element=door, repair_time=8.433"
382.0328061103112,service_end,,,1222,53,1,1,1,duration=8.794
382.0328061103112,service_start,,,1223,52,1,1,1,service_time_sampled=0.111
382.1434296136316,service_end,,,1223,52,1,1,1,duration=0.111
382.1434296136316,service_start,,,1224,51,1,1,1,service_time_sampled=0.042
382.1851721327107,service_end,,,1224,51,1,1,1,duration=0.042
382.1851721327107,service_start,,,1225,50,1,1,1,service_time_sampled=0.110
382.2947880193049,service_end,,,1225,50,1,1,1,duration=0.110
382.2947880193049,service_start,,,1226,49,1,1,1,service_time_sampled=0.065
382.35965992262186,service_end,,,1226,49,1,1,1,duration=0.065
382.35965992262186,service_start,,,1227,48,1,1,1,service_time_sampled=0.145
382.5051561083938,service_end,,,1227,48,1,1,1,duration=0.145
382.5051561083938,service_start,,,1228,47,1,1,1,service_time_sampled=0.043
382.5485160221545,service_end,,,1228,47,1,1,1,duration=0.043
382.5485160221545,service_start,,,1229,46,1,1,1,service_time_sampled=0.011
382.559559983324,service_end,,,1229,46,1,1,1,duration=0.011
382.559559983324,service_start,,,1230,45,1,1,1,service_time_sampled=0.128
382.6875887305702,service_end,,,1230,45,1,1,1,duration=0.128
382.6875887305702,service_start,,,1231,44,1,1,1,service_time_sampled=0.061
382.74838025075167,service_end,,,1231,44,1,1,1,duration=0.061
382.74838025075167,service_start,,,1232,43,1,1,1,service_time_sampled=0.120
382.868112459238,service_end,,,1232,43,1,1,1,duration=0.120
382.868112459238,service_start,,,1233,42,1,1,1,service_time_sampled=0.065
382.93347994447265,service_end,,,1233,42,1,1,1,duration=0.065
382.93347994447265,service_start,,,1234,41,1,1,1,service_time_sampled=0.118
383.0514312873466,service_end,,,1234,41,1,1,1,duration=0.118
383.0514312873466,service_start,,,1235,40,1,1,1,service_time_sampled=0.385
383.4368414649854,service_end,,,1235,40,1,1,1,duration=0.385
383.4368414649854,service_start,,,1236,39,1,1,1,service_time_sampled=0.012
383.4491391914389,service_end,,,1236,39,1,1,1,duration=0.012
383.4491391914389,service_start,,,1237,38,1,1,1,service_time_sampled=0.072
383.5215323096488,service_end,,,1237,38,1,1,1,duration=0.072
383.5215323096488,service_start,,,1238,37,1,1,1,service_time_sampled=0.500
384.0219790805216,service_end,,,1238,37,1,1,1,duration=0.500
384.0219790805216,service_start,,,1239,36,1,1,1,service_time_sampled=0.045
384.0667634897642,service_end,,,1239,36,1,1,1,duration=0.045
384.0667634897642,service_start,,,1240,35,1,1,1,service_time_sampled=0.011
384.07796448057803,service_end,,,1240,35,1,1,1,duration=0.011
384.07796448057803,service_start,,,1241,34,1,1,1,service_time_sampled=0.147
384.22481906576354,service_end,,,1241,34,1,1,1,duration=0.147
384.22481906576354,service_start,,,1242,33,1,1,1,service_time_sampled=0.023
384.24746907506096,service_end,,,1242,33,1,1,1,duration=0.023
384.24746907506096,service_start,,,1243,32,1,1,1,service_time_sampled=0.079
384.32608356006375,service_end,,,1243,32,1,1,1,duration=0.079
384.32608356006375,service_start,,,1244,31,1,1,1,service_time_sampled=0.045
384.37084700916347,service_end,,,1244,31,1,1,1,duration=0.045
384.37084700916347,service_start,,,1245,30,1,1,1,service_time_sampled=0.054
384.4249196428068,service_end,,,1245,30,1,1,1,duration=0.054
384.4249196428068,service_start,,,1246,29,1,1,1,service_time_sampled=0.010
384.4349196428068,service_end,,,1246,29,1,1,1,duration=0.010
384.4349196428068,service_start,,,1247,28,1,1,1,service_time_sampled=0.184
384.6184380606959,service_end,,,1247,28,1,1,1,duration=0.184
384.6184380606959,service_start,,,1248,27,1,1,1,service_time_sampled=0.145
384.76334311854004,service_end,,,1248,27,1,1,1,duration=0.145
384.76334311854004,service_start,,,1249,26,1,1,1,service_time_sampled=0.021
384.78431744492804,service_end,,,1249,26,1,1,1,duration=0.021
384.78431744492804,service_start,,,1250,25,1,1,1,service_time_sampled=0.054
384.83881137184216,service_end,,,1250,25,1,1,1,duration=0.054
384.83881137184216,service_start,,,1251,24,1,1,1,service_time_sampled=0.026
384.86484197059644,service_end,,,1251,24,1,1,1,duration=0.026
384.86484197059644,service_start,,,1252,23,1,1,1,service_time_sampled=0.067
384.9314820093374,service_end,,,1252,23,1,1,1,duration=0.067
384.9314820093374,service_start,,,1253,22,1,1,1,service_time_sampled=0.216
385.1477269559656,service_end,,,1253,22,1,1,1,duration=0.216
385.1477269559656,service_start,,,1254,21,1,1,1,service_time_sampled=0.295
385.4429056529853,service_end,,,1254,21,1,1,1,duration=0.295
385.4429056529853,service_start,,,1255,20,1,1,1,service_time_sampled=0.434
385.8765423980825,service_end,,,1255,20,1,1,1,duration=0.434
385.8765423980825,service_start,,,1256,19,1,1,1,service_time_sampled=0.101
385.97714664155296,service_end,,,1256,19,1,1,1,duration=0.101
385.97714664155296,service_start,,,1257,18,1,1,1,service_time_sampled=0.017
385.9942104543277,service_end,,,1257,18,1,1,1,duration=0.017
385.9942104543277,service_start,,,1258,17,1,1,1,service_time_sampled=0.023
386.0,plane_arrive,35,3,,17,1,1,1,air_q=1
386.0,landing_start,35,3,,17,1,1,1,landing_time=6
386.01766711581473,service_end,,,1258,17,1,1,1,duration=0.023
386.01766711581473,service_start,,,1259,16,1,1,1,service_time_sampled=0.258
386.27614445794603,service_end,,,1259,16,1,1,1,duration=0.258
386.27614445794603,service_start,,,1260,15,1,1,1,service_time_sampled=0.048
386.324412072001,service_end,,,1260,15,1,1,1,duration=0.048
386.324412072001,service_start,,,1261,14,1,1,1,service_time_sampled=0.022
386.3465618879214,service_end,,,1261,14,1,1,1,duration=0.022
386.3465618879214,service_start,,,1262,13,1,1,1,service_time_sampled=0.028
386.37453844798557,service_end,,,1262,13,1,1,1,duration=0.028
386.37453844798557,service_start,,,1263,12,1,1,1,service_time_sampled=0.283
386.6577433211098,service_end,,,1263,12,1,1,1,duration=0.283
386.6577433211098,service_start,,,1264,11,1,1,1,service_time_sampled=0.214
386.87142145442976,service_end,,,1264,11,1,1,1,duration=0.214
386.87142145442976,service_start,,,1265,10,1,1,1,service_time_sampled=0.010
386.88142145442976,service_end,,,1265,10,1,1,1,duration=0.010
386.88142145442976,service_start,,,1266,9,1,1,1,service_time_sampled=0.081
386.9623654167695,service_end,,,1266,9,1,1,1,duration=0.081
386.9623654167695,service_start,,,1267,8,1,1,1,service_time_sampled=0.131
387.09381234686316,service_end,,,1267,8,1,1,1,duration=0.131
387.09381234686316,service_start,,,1268,7,1,1,1,service_time_sampled=0.088
387.1822647018157,service_end,,,1268,7,1,1,1,duration=0.088
387.1822647018157,service_start,,,1269,6,1,1,1,service_time_sampled=0.104
387.286495959287,service_end,,,1269,6,1,1,1,duration=0.104
387.286495959287,service_start,,,1270,5,1,1,1,service_time_sampled=0.122
387.4083865209455,service_end,,,1270,5,1,1,1,duration=0.122
387.4083865209455,service_start,,,1271,4,1,1,1,service_time_sampled=0.016
387.42434089359654,service_end,,,1271,4,1,1,1,duration=0.016
387.42434089359654,service_start,,,1272,3,1,1,1,service_time_sampled=0.013
387.4373380368206,service_end,,,1272,3,1,1,1,duration=0.013
387.4373380368206,service_start,,,1273,2,1,1,1,service_time_sampled=0.010
387.4473380368206,service_end,,,1273,2,1,1,1,duration=0.010
387.4473380368206,service_start,,,1274,1,1,1,1,service_time_sampled=0.010
387.4573380368206,service_end,,,1274,1,1,1,1,duration=0.010
387.4573380368206,service_start,,,1275,0,1,1,1,service_time_sampled=0.054
387.51153237772013,service_end,,,1275,0,1,1,1,duration=0.054
389.0457831311485,failure,,,,,0,1,0,element=scanner
391.0,plane_arrive,36,2,,0,0,1,0,air_q=1
392.0,landing_end,35,3,,0,0,1,0,pad_q=1
392.0,plane_arrive,37,1,,0,0,1,0,air_q=2
396.0623722062953,repair,,,,,1,1,1,"element=scanner, repair_time=7.017"
399.0,unload_end,35,3,,0,1,1,1,
399.0,passengers_spawned,35,3,,0,1,1,1,count=46
399.0,passenger_queue_arrival,,,1276,1,1,1,1,
399.0,passenger_queue_arrival,,,1277,2,1,1,1,
399.0,passenger_queue_arrival,,,1278,3,1,1,1,
399.0,passenger_queue_arrival,,,1279,4,1,1,1,
399.0,passenger_queue_arrival,,,1280,5,1,1,1,
399.0,passenger_queue_arrival,,,1281,6,1,1,1,
399.0,passenger_queue_arrival,,,1282,7,1,1,1,
399.0,passenger_queue_arrival,,,1283,8,1,1,1,
399.0,passenger_queue_arrival,,,1284,9,1,1,1,
399.0,passenger_queue_arrival,,,1285,10,1,1,1,
399.0,passenger_queue_arrival,,,1286,11,1,1,1,
399.0,passenger_queue_arrival,,,1287,12,1,1,1,
399.0,passenger_queue_arrival,,,1288,13,1,1,1,
399.0,passenger_queue_arrival,,,1289,14,1,1,1,
399.0,passenger_queue_arrival,,,1290,15,1,1,1,
399.0,passenger_queue_arrival,,,1291,16,1,1,1,
399.0,passenger_queue_arrival,,,1292,17,1,1,1,
399.0,passenger_queue_arrival,,,1293,18,1,1,1,
399.0,passenger_queue_arrival,,,1294,19,1,1,1,
399.0,passenger_queue_arrival,,,1295,20,1,1,1,
399.0,passenger_queue_arrival,,,1296,21,1,1,1,
399.0,passenger_queue_arrival,,,1297,22,1,1,1,
399.0,passenger_queue_arrival,,,1298,23,1,1,1,
399.0,passenger_queue_arrival,,,1299,24,1,1,1,
399.0,passenger_queue_arrival,,,1300,25,1,1,1,
399.0,passenger_queue_arrival,,,1301,26,1,1,1,
399.0,passenger_queue_arrival,,,1302,27,1,1,1,
399.0,passenger_queue_arrival,,,1303,28,1,1,1,
399.0,passenger_queue_arrival,,,1304,29,1,1,1,
399.0,passenger_queue_arrival,,,1305,30,1,1,1,
399.0,passenger_queue_arrival,,,1306,31,1,1,1,
399.0,passenger_queue_arrival,,,1307,32,1,1,1,
399.0,passenger_queue_arrival,,,1308,33,1,1,1,
399.0,passenger_queue_arrival,,,1309,34,1,1,1,
399.0,passenger_queue_arrival,,,1310,35,1,1,1,
399.0,passenger_queue_arrival,,,1311,36,1,1,1,
399.0,passenger_queue_arrival,,,1312,37,1,1,1,
399.0,passenger_queue_arrival,,,1313,38,1,1,1,
399.0,passenger_queue_arrival,,,1314,39,1,1,1,
399.0,passenger_queue_arrival,,,1315,40,1,1,1,
399.0,passenger_queue_arrival,,,1316,41,1,1,1,
399.0,passenger_queue_arrival,,,1317,42,1,1,1,
399.0,passenger_queue_arrival,,,1318,43,1,1,1,
399.0,passenger_queue_arrival,,,1319,44,1,1,1,
399.0,passenger_queue_arrival,,,1320,45,1,1,1,
399.0,passenger_queue_arrival,,,1321,46,1,1,1,
399.0,landing_start,36,2,,46,1,1,1,landing_time=5
399.0,service_start,,,1276,45,1,1,1,service_time_sampled=0.018
399.01843742329066,service_end,,,1276,45,1,1,1,duration=0.018
399.01843742329066,service_start,,,1277,44,1,1,1,service_time_sampled=0.365
399.3834899854112,service_end,,,1277,44,1,1,1,duration=0.365
399.3834899854112,service_start,,,1278,43,1,1,1,service_time_sampled=0.045
399.4285067858526,service_end,,,1278,43,1,1,1,duration=0.045
399.4285067858526,service_start,,,1279,42,1,1,1,service_time_sampled=0.129
399.5576513037371,service_end,,,1279,42,1,1,1,duration=0.129
399.5576513037371,service_start,,,1280,41,1,1,1,service_time_sampled=0.064
399.6219593098465,service_end,,,1280,41,1,1,1,duration=0.064
399.6219593098465,service_start,,,1281,40,1,1,1,service_time_sampled=0.336
399.95835981314536,service_end,,,1281,40,1,1,1,duration=0.336
399.95835981314536,service_start,,,1282,39,1,1,1,service_time_sampled=0.340
400.29845111803826,service_end,,,1282,39,1,1,1,duration=0.340
400.29845111803826,service_start,,,1283,38,1,1,1,service_time_sampled=0.021
400.31987401596194,service_end,,,1283,38,1,1,1,duration=0.021
400.31987401596194,service_start,,,1284,37,1,1,1,service_time_sampled=0.010
400.32987401596193,service_end,,,1284,37,1,1,1,duration=0.010
400.32987401596193,service_start,,,1285,36,1,1,1,service_time_sampled=0.096
400.4260904776018,service_end,,,1285,36,1,1,1,duration=0.096
400.4260904776018,service_start,,,1286,35,1,1,1,service_time_sampled=0.062
400.48801943979197,service_end,,,1286,35,1,1,1,duration=0.062
400.48801943979197,service_start,,,1287,34,1,1,1,service_time_sampled=0.155
400.6430855548533,service_end,,,1287,34,1,1,1,duration=0.155
400.6430855548533,service_start,,,1288,33,1,1,1,service_time_sampled=0.145
400.7879399880414,service_end,,,1288,33,1,1,1,duration=0.145
400.7879399880414,service_start,,,1289,32,1,1,1,service_time_sampled=0.220
401.0077928048561,service_end,,,1289,32,1,1,1,duration=0.220
401.0077928048561,service_start,,,1290,31,1,1,1,service_time_sampled=0.153
401.1609704824837,service_end,,,1290,31,1,1,1,duration=0.153
401.1609704824837,service_start,,,1291,30,1,1,1,service_time_sampled=0.136
401.29707179397735,service_end,,,1291,30,1,1,1,duration=0.136
401.29707179397735,service_start,,,1292,29,1,1,1,service_time_sampled=0.010
401.30707179397734,service_end,,,1292,29,1,1,1,duration=0.010
401.30707179397734,service_start,,,1293,28,1,1,1,service_time_sampled=0.085
401.3920724841207,service_end,,,1293,28,1,1,1,duration=0.085
401.3920724841207,service_start,,,1294,27,1,1,1,service_time_sampled=0.165
401.5565802876673,service_end,,,1294,27,1,1,1,duration=0.165
401.5565802876673,service_start,,,1295,26,1,1,1,service_time_sampled=0.133
401.6898355564379,service_end,,,1295,26,1,1,1,duration=0.133
401.6898355564379,service_start,,,1296,25,1,1,1,service_time_sampled=0.174
401.86432299150346,service_end,,,1296,25,1,1,1,duration=0.174
401.86432299150346,service_start,,,1297,24,1,1,1,service_time_sampled=0.109
401.9728596662392,service_end,,,1297,24,1,1,1,duration=0.109
401.9728596662392,service_start,,,1298,23,1,1,1,service_time_sampled=0.387
402.35976624681297,service_end,,,1298,23,1,1,1,duration=0.387
402.35976624681297,service_start,,,1299,22,1,1,1,service_time_sampled=0.138
402.49779910370574,service_end,,,1299,22,1,1,1,duration=0.138
402.49779910370574,service_start,,,1300,21,1,1,1,service_time_sampled=0.380
402.8780399998828,service_end,,,1300,21,1,1,1,duration=0.380
402.8780399998828,service_start,,,1301,20,1,1,1,service_time_sampled=0.253
403.0,plane_arrive,38,1,,20,1,1,1,air_q=2
403.1309033512677,service_end,,,1301,20,1,1,1,duration=0.253
403.1309033512677,service_start,,,1302,19,1,1,1,service_time_sampled=0.012
403.14261265978826,service_end,,,1302,19,1,1,1,duration=0.012
403.14261265978826,service_start,,,1303,18,1,1,1,service_time_sampled=0.121
403.26340394692613,service_end,,,1303,18,1,1,1,duration=0.121
403.26340394692613,service_start,,,1304,17,1,1,1,service_time_sampled=0.292
403.5559035277397,service_end,,,1304,17,1,1,1,duration=0.292
403.5559035277397,service_start,,,1305,16,1,1,1,service_time_sampled=0.160
403.71605184037213,service_end,,,1305,16,1,1,1,duration=0.160
403.71605184037213,service_start,,,1306,15,1,1,1,service_time_sampled=0.137
403.85331870684155,service_end,,,1306,15,1,1,1,duration=0.137
403.85331870684155,service_start,,,1307,14,1,1,1,service_time_sampled=0.098
403.95096057829966,service_end,,,1307,14,1,1,1,duration=0.098
403.95096057829966,service_start,,,1308,13,1,1,1,service_time_sampled=0.148
404.0,landing_end,36,2,,13,1,1,1,pad_q=1
404.09914449205036,service_end,,,1308,13,1,1,1,duration=0.148
404.09914449205036,service_start,,,1309,12,1,1,1,service_time_sampled=0.327
404.4262671957582,service_end,,,1309,12,1,1,1,duration=0.327
404.4262671957582,service_start,,,1310,11,1,1,1,service_time_sampled=0.017
404.44293051537454,service_end,,,1310,11,1,1,1,duration=0.017
404.44293051537454,service_start,,,1311,10,1,1,1,service_time_sampled=0.231
404.67376538626655,service_end,,,1311,10,1,1,1,duration=0.231
404.67376538626655,service_start,,,1312,9,1,1,1,service_time_sampled=0.010
404.68376538626654,service_end,,,1312,9,1,1,1,duration=0.010
404.68376538626654,service_start,,,1313,8,1,1,1,service_time_sampled=0.242
404.92556614939673,service_end,,,1313,8,1,1,1,duration=0.242
404.92556614939673,service_start,,,1314,7,1,1,1,service_time_sampled=0.121
405.04693623287284,service_end,,,1314,7,1,1,1,duration=0.121
405.04693623287284,service_start,,,1315,6,1,1,1,service_time_sampled=0.129
405.1758809308742,service_end,,,1315,6,1,1,1,duration=0.129
405.1758809308742,service_start,,,1316,5,1,1,1,service_time_sampled=0.083
405.2590050362427,service_end,,,1316,5,1,1,1,duration=0.083
405.2590050362427,service_start,,,1317,4,1,1,1,service_time_sampled=0.043
405.30178554603856,service_end,,,1317,4,1,1,1,duration=0.043
405.30178554603856,service_start,,,1318,3,1,1,1,service_time_sampled=0.031
405.3323778595243,service_end,,,1318,3,1,1,1,duration=0.031
405.3323778595243,service_start,,,1319,2,1,1,1,service_time_sampled=0.086
405.41852097417774,service_end,,,1319,2,1,1,1,duration=0.086
405.41852097417774,service_start,,,1320,1,1,1,1,service_time_sampled=0.120
405.53868988172485,service_end,,,1320,1,1,1,1,duration=0.120
405.53868988172485,service_start,,,1321,0,1,1,1,service_time_sampled=0.080
405.6185755234549,service_end,,,1321,0,1,1,1,duration=0.080
406.0,plane_arrive,39,3,,0,1,1,1,air_q=3
411.0,unload_end,36,2,,0,1,1,1,
411.0,passengers_spawned,36,2,,0,1,1,1,count=36
411.0,passenger_queue_arrival,,,1322,1,1,1,1,
411.0,passenger_queue_arrival,,,1323,2,1,1,1,
411.0,passenger_queue_arrival,,,1324,3,1,1,1,
411.0,passenger_queue_arrival,,,1325,4,1,1,1,
411.0,passenger_queue_arrival,,,1326,5,1,1,1,
411.0,passenger_queue_arrival,,,1327,6,1,1,1,
411.0,passenger_queue_arrival,,,1328,7,1,1,1,
411.0,passenger_queue_arrival,,,1329,8,1,1,1,
411.0,passenger_queue_arrival,,,1330,9,1,1,1,
411.0,passenger_queue_arrival,,,1331,10,1,1,1,
411.0,passenger_queue_arrival,,,1332,11,1,1,1,
411.0,passenger_queue_arrival,,,1333,12,1,1,1,
411.0,passenger_queue_arrival,,,1334,13,1,1,1,
411.0,passenger_queue_arrival,,,1335,14,1,1,1,
411.0,passenger_queue_arrival,,,1336,15,1,1,1,
411.0,passenger_queue_arrival,,,1337,16,1,1,1,
411.0,passenger_queue_arrival,,,1338,17,1,1,1,
411.0,passenger_queue_arrival,,,1339,18,1,1,1,
411.0,passenger_queue_arrival,,,1340,19,1,1,1,
411.0,passenger_queue_arrival,,,1341,20,1,1,1,
411.0,passenger_queue_arrival,,,1342,21,1,1,1,
411.0,passenger_queue_arrival,,,1343,22,1,1,1,
411.0,passenger_queue_arrival,,,1344,23,1,1,1,
411.0,passenger_queue_arrival,,,1345,24,1,1,1,
411.0,passenger_queue_arrival,,,1346,25,1,1,1,
411.0,passenger_queue_arrival,,,1347,26,1,1,1,
411.0,passenger_queue_arrival,,,1348,27,1,1,1,
411.0,passenger_queue_arrival,,,1349,28,1,1,1,
411.0,passenger_queue_arrival,,,1350,29,1,1,1,
411.0,passenger_queue_arrival,,,1351,30,1,1,1,
411.0,passenger_queue_arrival,,,1352,31,1,1,1,
411.0,passenger_queue_arrival,,,1353,32,1,1,1,
411.0,passenger_queue_arrival,,,1354,33,1,1,1,
411.0,passenger_queue_arrival,,,1355,34,1,1,1,
411.0,passenger_queue_arrival,,,1356,35,1,1,1,
411.0,passenger_queue_arrival,,,1357,36,1,1,1,
411.0,landing_start,37,1,,36,1,1,1,landing_time=3
411.0,service_start,,,1322,35,1,1,1,service_time_sampled=0.095
411.0951805322265,service_end,,,1322,35,1,1,1,duration=0.095
411.0951805322265,service_start,,,1323,34,1,1,1,service_time_sampled=0.141
411.23641863136805,service_end,,,1323,34,1,1,1,duration=0.141
411.23641863136805,service_start,,,1324,33,1,1,1,service_time_sampled=0.114
411.3501373020968,service_end,,,1324,33,1,1,1,duration=0.114
411.3501373020968,service_start,,,1325,32,1,1,1,service_time_sampled=0.020
411.3696609363776,service_end,,,1325,32,1,1,1,duration=0.020
411.3696609363776,service_start,,,1326,31,1,1,1,service_time_sampled=0.030
411.3995593841498,service_end,,,1326,31,1,1,1,duration=0.030
411.3995593841498,service_start,,,1327,30,1,1,1,service_time_sampled=0.230
411.62998146233133,service_end,,,1327,30,1,1,1,duration=0.230
411.62998146233133,service_start,,,1328,29,1,1,1,service_time_sampled=0.124
411.7542762363991,service_end,,,1328,29,1,1,1,duration=0.124
411.7542762363991,service_start,,,1329,28,1,1,1,service_time_sampled=0.089
411.8435388285873,service_end,,,1329,28,1,1,1,duration=0.089
411.8435388285873,service_start,,,1330,27,1,1,1,service_time_sampled=0.074
411.9178062900674,service_end,,,1330,27,1,1,1,duration=0.074
411.9178062900674,service_start,,,1331,26,1,1,1,service_time_sampled=0.043
411.96067954172787,service_end,,,1331,26,1,1,1,duration=0.043
411.96067954172787,service_start,,,1332,25,1,1,1,service_time_sampled=0.024
411.9846453984634,service_end,,,1332,25,1,1,1,duration=0.024
411.9846453984634,service_start,,,1333,24,1,1,1,service_time_sampled=0.099
412.0832803262025,service_end,,,1333,24,1,1,1,duration=0.099
412.0832803262025,service_start,,,1334,23,1,1,1,service_time_sampled=0.126
412.2089430569221,service_end,,,1334,23,1,1,1,duration=0.126
412.2089430569221,service_start,,,1335,22,1,1,1,service_time_sampled=0.151
412.3596177578856,service_end,,,1335,22,1,1,1,duration=0.151
412.3596177578856,service_start,,,1336,21,1,1,1,service_time_sampled=0.147
412.50640208815696,service_end,,,1336,21,1,1,1,duration=0.147
412.50640208815696,service_start,,,1337,20,1,1,1,service_time_sampled=0.010
412.51640208815695,service_end,,,1337,20,1,1,1,duration=0.010
412.51640208815695,service_start,,,1338,19,1,1,1,service_time_sampled=0.202
412.71874070478543,service_end,,,1338,19,1,1,1,duration=0.202
412.71874070478543,service_start,,,1339,18,1,1,1,service_time_sampled=0.038
412.7564984797873,service_end,,,1339,18,1,1,1,duration=0.038
412.7564984797873,service_start,,,1340,17,1,1,1,service_time_sampled=0.010
412.7664984797873,service_end,,,1340,17,1,1,1,duration=0.010
412.7664984797873,service_start,,,1341,16,1,1,1,service_time_sampled=0.174
412.9401424320051,service_end,,,1341,16,1,1,1,duration=0.174
412.9401424320051,service_start,,,1342,15,1,1,1,service_time_sampled=0.073
413.01299677078015,service_end,,,1342,15,1,1,1,duration=0.073
413.01299677078015,service_start,,,1343,14,1,1,1,service_time_sampled=0.023
413.03581677445214,service_end,,,1343,14,1,1,1,duration=0.023
413.03581677445214,service_start,,,1344,13,1,1,1,service_time_sampled=0.077
413.11273785523844,service_end,,,1344,13,1,1,1,duration=0.077
413.11273785523844,service_start,,,1345,12,1,1,1,service_time_sampled=0.194
413.3064429104861,service_end,,,1345,12,1,1,1,duration=0.194
413.3064429104861,service_start,,,1346,11,1,1,1,service_time_sampled=0.013
413.31900961084693,service_end,,,1346,11,1,1,1,duration=0.013
413.31900961084693,service_start,,,1347,10,1,1,1,service_time_sampled=0.010
413.3290096108469,service_end,,,1347,10,1,1,1,duration=0.010
413.3290096108469,service_start,,,1348,9,1,1,1,service_time_sampled=0.190
413.51922517903057,service_end,,,1348,9,1,1,1,duration=0.190
413.51922517903057,service_start,,,1349,8,1,1,1,service_time_sampled=0.010
413.52922517903056,service_end,,,1349,8,1,1,1,duration=0.010
413.52922517903056,service_start,,,1350,7,1,1,1,service_time_sampled=0.051
413.57993260782575,service_end,,,1350,7,1,1,1,duration=0.051
413.57993260782575,service_start,,,1351,6,1,1,1,service_time_sampled=0.011
413.5912376442824,service_end,,,1351,6,1,1,1,duration=0.011
413.5912376442824,service_start,,,1352,5,1,1,1,service_time_sampled=0.212
413.80293793403524,service_end,,,1352,5,1,1,1,duration=0.212
413.80293793403524,service_start,,,1353,4,1,1,1,service_time_sampled=0.010
413.81293793403523,service_end,,,1353,4,1,1,1,duration=0.010
413.81293793403523,service_start,,,1354,3,1,1,1,service_time_sampled=0.217
414.0,landing_end,37,1,,3,1,1,1,pad_q=1
414.03035763612564,service_end,,,1354,3,1,1,1,duration=0.217
414.03035763612564,service_start,,,1355,2,1,1,1,service_time_sampled=0.010
414.04035763612563,service_end,,,1355,2,1,1,1,duration=0.010
414.04035763612563,service_start,,,1356,1,1,1,1,service_time_sampled=0.120
414.16071179224195,service_end,,,1356,1,1,1,1,duration=0.120
414.16071179224195,service_start,,,1357,0,1,1,1,service_time_sampled=0.019
414.17995765373337,service_end,,,1357,0,1,1,1,duration=0.019
415.0,plane_arrive,40,2,,0,1,1,1,air_q=3
421.0,unload_end,37,1,,0,1,1,1,
421.0,passengers_spawned,37,1,,0,1,1,1,count=27
421.0,passenger_queue_arrival,,,1358,1,1,1,1,
421.0,passenger_queue_arrival,,,1359,2,1,1,1,
421.0,passenger_queue_arrival,,,1360,3,1,1,1,
421.0,passenger_queue_arrival,,,1361,4,1,1,1,
421.0,passenger_queue_arrival,,,1362,5,1,1,1,
421.0,passenger_queue_arrival,,,1363,6,1,1,1,
421.0,passenger_queue_arrival,,,1364,7,1,1,1,
421.0,passenger_queue_arrival,,,1365,8,1,1,1,
421.0,passenger_queue_arrival,,,1366,9,1,1,1,
421.0,passenger_queue_arrival,,,1367,10,1,1,1,
421.0,passenger_queue_arrival,,,1368,11,1,1,1,
421.0,passenger_queue_arrival,,,1369,12,1,1,1,
421.0,passenger_queue_arrival,,,1370,13,1,1,1,
421.0,passenger_queue_arrival,,,1371,14,1,1,1,
421.0,passenger_queue_arrival,,,1372,15,1,1,1,
421.0,passenger_queue_arrival,,,1373,16,1,1,1,
421.0,passenger_queue_arrival,,,1374,17,1,1,1,
421.0,passenger_queue_arrival,,,1375,18,1,1,1,
421.0,passenger_queue_arrival,,,1376,19,1,1,1,
421.0,passenger_queue_arrival,,,1377,20,1,1,1,
421.0,passenger_queue_arrival,,,1378,21,1,1,1,
421.0,passenger_queue_arrival,,,1379,22,1,1,1,
421.0,passenger_queue_arrival,,,1380,23,1,1,1,
421.0,passenger_queue_arrival,,,1381,24,1,1,1,
421.0,passenger_queue_arrival,,,1382,25,1,1,1,
421.0,passenger_queue_arrival,,,1383,26,1,1,1,
421.0,passenger_queue_arrival,,,1384,27,1,1,1,
421.0,landing_start,38,1,,27,1,1,1,landing_time=3
421.0,service_start,,,1358,26,1,1,1,service_time_sampled=0.181
421.18069045288956,service_end,,,1358,26,1,1,1,duration=0.181
421.18069045288956,service_start,,,1359,25,1,1,1,service_time_sampled=0.047
421.22737974831057,service_end,,,1359,25,1,1,1,duration=0.047
421.22737974831057,service_start,,,1360,24,1,1,1,service_time_sampled=0.183
421.41055553648306,service_end,,,1360,24,1,1,1,duration=0.183
421.41055553648306,service_start,,,1361,23,1,1,1,service_time_sampled=0.182
421.5928991031864,service_end,,,1361,23,1,1,1,duration=0.182
421.5928991031864,service_start,,,1362,22,1,1,1,service_time_sampled=0.052
421.64473343973526,service_end,,,1362,22,1,1,1,duration=0.052
421.64473343973526,service_start,,,1363,21,1,1,1,service_time_sampled=0.077
421.7214225248318,service_end,,,1363,21,1,1,1,duration=0.077
421.7214225248318,service_start,,,1364,20,1,1,1,service_time_sampled=0.010
421.73142252483177,service_end,,,1364,20,1,1,1,duration=0.010
421.73142252483177,service_start,,,1365,19,1,1,1,service_time_sampled=0.207
421.938030681646,service_end,,,1365,19,1,1,1,duration=0.207
421.938030681646,service_start,,,1366,18,1,1,1,service_time_sampled=0.010
421.948030681646,service_end,,,1366,18,1,1,1,duration=0.010
421.948030681646,service_start,,,1367,17,1,1,1,service_time_sampled=0.675
422.62331004638656,service_end,,,1367,17,1,1,1,duration=0.675
422.62331004638656,service_start,,,1368,16,1,1,1,service_time_sampled=0.050
422.6729053271258,service_end,,,1368,16,1,1,1,duration=0.050
422.6729053271258,service_start,,,1369,15,1,1,1,service_time_sampled=0.090
422.7625306898066,service_end,,,1369,15,1,1,1,duration=0.090
422.7625306898066,service_start,,,1370,14,1,1,1,service_time_sampled=0.013
422.77520130609116,service_end,,,1370,14,1,1,1,duration=0.013
422.77520130609116,service_start,,,1371,13,1,1,1,service_time_sampled=0.079
422.8537327124513,service_end,,,1371,13,1,1,1,duration=0.079
422.8537327124513,service_start,,,1372,12,1,1,1,service_time_sampled=0.010
422.8637327124513,service_end,,,1372,12,1,1,1,duration=0.010
422.8637327124513,service_start,,,1373,11,1,1,1,service_time_sampled=0.207
423.0,plane_arrive,41,2,,11,1,1,1,air_q=3
423.07063566378827,service_end,,,1373,11,1,1,1,duration=0.207
423.07063566378827,service_start,,,1374,10,1,1,1,service_time_sampled=0.079
423.1497405846546,service_end,,,1374,10,1,1,1,duration=0.079
423.1497405846546,service_start,,,1375,9,1,1,1,service_time_sampled=1.375
424.0,landing_end,38,1,,9,1,1,1,pad_q=1
424.52523956539966,service_end,,,1375,9,1,1,1,duration=1.375
424.52523956539966,service_start,,,1376,8,1,1,1,service_time_sampled=0.069
424.5941802153776,service_end,,,1376,8,1,1,1,duration=0.069
424.5941802153776,service_start,,,1377,7,1,1,1,service_time_sampled=0.015
424.60882592261356,service_end,,,1377,7,1,1,1,duration=0.015
424.60882592261356,service_start,,,1378,6,1,1,1,service_time_sampled=0.087
424.6956565661407,service_end,,,1378,6,1,1,1,duration=0.087
424.6956565661407,service_start,,,1379,5,1,1,1,service_time_sampled=0.034
424.72951106720296,service_end,,,1379,5,1,1,1,duration=0.034
424.72951106720296,service_start,,,1380,4,1,1,1,service_time_sampled=0.170
424.8996260278546,service_end,,,1380,4,1,1,1,duration=0.170
424.8996260278546,service_start,,,1381,3,1,1,1,service_time_sampled=0.010
424.9096260278546,service_end,,,1381,3,1,1,1,duration=0.010
424.9096260278546,service_start,,,1382,2,1,1,1,service_time_sampled=0.383
425.29299824643505,service_end,,,1382,2,1,1,1,duration=0.383
425.29299824643505,service_start,,,1383,1,1,1,1,service_time_sampled=0.073
425.36649396282706,service_end,,,1383,1,1,1,1,duration=0.073
425.36649396282706,service_start,,,1384,0,1,1,1,service_time_sampled=0.064
425.4307072720277,service_end,,,1384,0,1,1,1,duration=0.064
430.0,plane_arrive,42,3,,0,1,1,1,air_q=4
431.0,unload_end,38,1,,0,1,1,1,
431.0,passengers_spawned,38,1,,0,1,1,1,count=29
431.0,passenger_queue_arrival,,,1385,1,1,1,1,
431.0,passenger_queue_arrival,,,1386,2,1,1,1,
431.0,passenger_queue_arrival,,,1387,3,1,1,1,
431.0,passenger_queue_arrival,,,1388,4,1,1,1,
431.0,passenger_queue_arrival,,,1389,5,1,1,1,
431.0,passenger_queue_arrival,,,1390,6,1,1,1,
431.0,passenger_queue_arrival,,,1391,7,1,1,1,
431.0,passenger_queue_arrival,,,1392,8,1,1,1,
431.0,passenger_queue_arrival,,,1393,9,1,1,1,
431.0,passenger_queue_arrival,,,1394,10,1,1,1,
431.0,passenger_queue_arrival,,,1395,11,1,1,1,
431.0,passenger_queue_arrival,,,1396,12,1,1,1,
431.0,passenger_queue_arrival,,,1397,13,1,1,1,
431.0,passenger_queue_arrival,,,1398,14,1,1,1,
431.0,passenger_queue_arrival,,,1399,15,1,1,1,
431.0,passenger_queue_arrival,,,1400,16,1,1,1,
431.0,passenger_queue_arrival,,,1401,17,1,1,1,
431.0,passenger_queue_arrival,,,1402,18,1,1,1,
431.0,passenger_queue_arrival,,,1403,19,1,1,1,
431.0,passenger_queue_arrival,,,1404,20,1,1,1,
431.0,passenger_queue_arrival,,,1405,21,1,1,1,
431.0,passenger_queue_arrival,,,1406,22,1,1,1,
431.0,passenger_queue_arrival,,,1407,23,1,1,1,
431.0,passenger_queue_arrival,,,1408,24,1,1,1,
431.0,passenger_queue_arrival,,,1409,25,1,1,1,
431.0,passenger_queue_arrival,,,1410,26,1,1,1,
431.0,passenger_queue_arrival,,,1411,27,1,1,1,
431.0,passenger_queue_arrival,,,1412,28,1,1,1,
431.0,passenger_queue_arrival,,,1413,29,1,1,1,
431.0,landing_start,39,3,,29,1,1,1,landing_time=4
431.0,service_start,,,1385,28,1,1,1,service_time_sampled=0.021
431.0209453174806,service_end,,,1385,28,1,1,1,duration=0.021
431.0209453174806,service_start,,,1386,27,1,1,1,service_time_sampled=0.429
431.4499413625069,service_end,,,1386,27,1,1,1,duration=0.429
431.4499413625069,service_start,,,1387,26,1,1,1,service_time_sampled=0.010
431.45994136250687,service_end,,,1387,26,1,1,1,duration=0.010
431.45994136250687,service_start,,,1388,25,1,1,1,service_time_sampled=0.215
431.67450662985425,service_end,,,1388,25,1,1,1,duration=0.215
431.67450662985425,service_start,,,1389,24,1,1,1,service_time_sampled=0.126
431.80034570559076,service_end,,,1389,24,1,1,1,duration=0.126
431.80034570559076,service_start,,,1390,23,1,1,1,service_time_sampled=0.054
431.8543897942987,service_end,,,1390,23,1,1,1,duration=0.054
431.8543897942987,service_start,,,1391,22,1,1,1,service_time_sampled=0.294
432.1487636564563,service_end,,,1391,22,1,1,1,duration=0.294
432.1487636564563,service_start,,,1392,21,1,1,1,service_time_sampled=0.124
432.27300196906555,service_end,,,1392,21,1,1,1,duration=0.124
432.27300196906555,service_start,,,1393,20,1,1,1,service_time_sampled=0.010
432.28300196906554,service_end,,,1393,20,1,1,1,duration=0.010
432.28300196906554,service_start,,,1394,19,1,1,1,service_time_sampled=0.315
432.5983863072062,service_end,,,1394,19,1,1,1,duration=0.315
432.5983863072062,service_start,,,1395,18,1,1,1,service_time_sampled=0.359
432.9574016180775,service_end,,,1395,18,1,1,1,duration=0.359
432.9574016180775,service_start,,,1396,17,1,1,1,service_time_sampled=0.138
433.0949435799133,service_end,,,1396,17,1,1,1,duration=0.138
433.0949435799133,service_start,,,1397,16,1,1,1,service_time_sampled=0.035
433.1295749716486,service_end,,,1397,16,1,1,1,duration=0.035
433.1295749716486,service_start,,,1398,15,1,1,1,service_time_sampled=0.039
433.16842045771114,service_end,,,1398,15,1,1,1,duration=0.039
433.16842045771114,service_start,,,1399,14,1,1,1,service_time_sampled=0.050
433.21838736885303,service_end,,,1399,14,1,1,1,duration=0.050
433.21838736885303,service_start,,,1400,13,1,1,1,service_time_sampled=0.027
433.2458471230985,service_end,,,1400,13,1,1,1,duration=0.027
433.2458471230985,service_start,,,1401,12,1,1,1,service_time_sampled=0.065
433.3107651514868,service_end,,,1401,12,1,1,1,duration=0.065
433.3107651514868,service_start,,,1402,11,1,1,1,service_time_sampled=0.012
433.3225416200597,service_end,,,1402,11,1,1,1,duration=0.012
433.3225416200597,service_start,,,1403,10,1,1,1,service_time_sampled=0.121
433.44347118019095,service_end,,,1403,10,1,1,1,duration=0.121
433.44347118019095,service_start,,,1404,9,1,1,1,service_time_sampled=0.218
433.6617302740258,service_end,,,1404,9,1,1,1,duration=0.218
433.6617302740258,service_start,,,1405,8,1,1,1,service_time_sampled=0.047
433.7083181251786,service_end,,,1405,8,1,1,1,duration=0.047
433.7083181251786,service_start,,,1406,7,1,1,1,service_time_sampled=0.030
433.73851193680576,service_end,,,1406,7,1,1,1,duration=0.030
433.73851193680576,service_start,,,1407,6,1,1,1,service_time_sampled=0.322
434.0603431423724,service_end,,,1407,6,1,1,1,duration=0.322
434.0603431423724,service_start,,,1408,5,1,1,1,service_time_sampled=0.018
434.07863507311197,service_end,,,1408,5,1,1,1,duration=0.018
434.07863507311197,service_start,,,1409,4,1,1,1,service_time_sampled=0.067
434.145742947687,service_end,,,1409,4,1,1,1,duration=0.067
434.145742947687,service_start,,,1410,3,1,1,1,service_time_sampled=0.076
434.2220793677018,service_end,,,1410,3,1,1,1,duration=0.076
434.2220793677018,service_start,,,1411,2,1,1,1,service_time_sampled=0.010
434.2320793677018,service_end,,,1411,2,1,1,1,duration=0.010
434.2320793677018,service_start,,,1412,1,1,1,1,service_time_sampled=0.155
434.3875350106575,service_end,,,1412,1,1,1,1,duration=0.155
434.3875350106575,service_start,,,1413,0,1,1,1,service_time_sampled=0.120
434.50765594693695,service_end,,,1413,0,1,1,1,duration=0.120
435.0,landing_end,39,3,,0,1,1,1,pad_q=1
442.0,unload_end,39,3,,0,1,1,1,
442.0,passengers_spawned,39,3,,0,1,1,1,count=49
442.0,passenger_queue_arrival,,,1414,1,1,1,1,
442.0,passenger_queue_arrival,,,1415,2,1,1,1,
442.0,passenger_queue_arrival,,,1416,3,1,1,1,
442.0,passenger_queue_arrival,,,1417,4,1,1,1,
442.0,passenger_queue_arrival,,,1418,5,1,1,1,
442.0,passenger_queue_arrival,,,1419,6,1,1,1,
442.0,passenger_queue_arrival,,,1420,7,1,1,1,
442.0,passenger_queue_arrival,,,1421,8,1,1,1,
442.0,passenger_queue_arrival,,,1422,9,1,1,1,
442.0,passenger_queue_arrival,,,1423,10,1,1,1,
442.0,passenger_queue_arrival,,,1424,11,1,1,1,
442.0,passenger_queue_arrival,,,1425,12,1,1,1,
442.0,passenger_queue_arrival,,,1426,13,1,1,1,
442.0,passenger_queue_arrival,,,1427,14,1,1,1,
442.0,passenger_queue_arrival,,,1428,15,1,1,1,
442.0,passenger_queue_arrival,,,1429,16,1,1,1,
442.0,passenger_queue_arrival,,,1430,17,1,1,1,
442.0,passenger_queue_arrival,,,1431,18,1,1,1,
442.0,passenger_queue_arrival,,,1432,19,1,1,1,
442.0,passenger_queue_arrival,,,1433,20,1,1,1,
442.0,passenger_queue_arrival,,,1434,21,1,1,1,
442.0,passenger_queue_arrival,,,1435,22,1,1,1,
442.0,passenger_queue_arrival,,,1436,23,1,1,1,
442.0,passenger_queue_arrival,,,1437,24,1,1,1,
442.0,passenger_queue_arrival,,,1438,25,1,1,1,
442.0,passenger_queue_arrival,,,1439,26,1,1,1,
442.0,passenger_queue_arrival,,,1440,27,1,1,1,
442.0,passenger_queue_arrival,,,1441,28,1,1,1,
442.0,passenger_queue_arrival,,,1442,29,1,1,1,
442.0,passenger_queue_arrival,,,1443,30,1,1,1,
442.0,passenger_queue_arrival,,,1444,31,1,1,1,
442.0,passenger_queue_arrival,,,1445,32,1,1,1,
442.0,passenger_queue_arrival,,,1446,33,1,1,1,
442.0,passenger_queue_arrival,,,1447,34,1,1,1,
442.0,passenger_queue_arrival,,,1448,35,1,1,1,
442.0,passenger_queue_arrival,,,1449,36,1,1,1,
442.0,passenger_queue_arrival,,,1450,37,1,1,1,
442.0,passenger_queue_arrival,,,1451,38,1,1,1,
442.0,passenger_queue_arrival,,,1452,39,1,1,1,
442.0,passenger_queue_arrival,,,1453,40,1,1,1,
442.0,passenger_queue_arrival,,,1454,41,1,1,1,
442.0,passenger_queue_arrival,,,1455,42,1,1,1,
442.0,passenger_queue_arrival,,,1456,43,1,1,1,
442.0,passenger_queue_arrival,,,1457,44,1,1,1,
442.0,passenger_queue_arrival,,,1458,45,1,1,1,
442.0,passenger_queue_arrival,,,1459,46,1,1,1,
442.0,passenger_queue_arrival,,,1460,47,1,1,1,
442.0,passenger_queue_arrival,,,1461,48,1,1,1,
442.0,passenger_queue_arrival,,,1462,49,1,1,1,
442.0,landing_start,40,2,,49,1,1,1,landing_time=4
442.0,service_start,,,1414,48,1,1,1,service_time_sampled=0.148
442.1484853945664,service_end,,,1414,48,1,1,1,duration=0.148
442.1484853945664,service_start,,,1415,47,1,1,1,service_time_sampled=0.039
442.18703923763667,service_end,,,1415,47,1,1,1,duration=0.039
442.18703923763667,service_start,,,1416,46,1,1,1,service_time_sampled=0.078
442.2648850519462,service_end,,,1416,46,1,1,1,duration=0.078
442.2648850519462,service_start,,,1417,45,1,1,1,service_time_sampled=0.019
442.28383656243733,service_end,,,1417,45,1,1,1,duration=0.019
442.28383656243733,service_start,,,1418,44,1,1,1,service_time_sampled=0.049
442.33265417788056,service_end,,,1418,44,1,1,1,duration=0.049
442.33265417788056,service_start,,,1419,43,1,1,1,service_time_sampled=0.141
442.47377043312423,service_end,,,1419,43,1,1,1,duration=0.141
442.47377043312423,service_start,,,1420,42,1,1,1,service_time_sampled=0.103
442.5763629275955,service_end,,,1420,42,1,1,1,duration=0.103
442.5763629275955,service_start,,,1421,41,1,1,1,service_time_sampled=0.039
442.6152618470074,service_end,,,1421,41,1,1,1,duration=0.039
442.6152618470074,service_start,,,1422,40,1,1,1,service_time_sampled=0.185
442.7998093263913,service_end,,,1422,40,1,1,1,duration=0.185
442.7998093263913,service_start,,,1423,39,1,1,1,service_time_sampled=0.188
442.987711608082,service_end,,,1423,39,1,1,1,duration=0.188
442.987711608082,service_start,,,1424,38,1,1,1,service_time_sampled=0.051
443.03886671971634,service_end,,,1424,38,1,1,1,duration=0.051
443.03886671971634,service_start,,,1425,37,1,1,1,service_time_sampled=0.200
443.23911161220923,service_end,,,1425,37,1,1,1,duration=0.200
443.23911161220923,service_start,,,1426,36,1,1,1,service_time_sampled=0.056
443.2950605939378,service_end,,,1426,36,1,1,1,duration=0.056
443.2950605939378,service_start,,,1427,35,1,1,1,service_time_sampled=0.017
443.31255985275044,service_end,,,1427,35,1,1,1,duration=0.017
443.31255985275044,service_start,,,1428,34,1,1,1,service_time_sampled=0.020
443.33243505858525,service_end,,,1428,34,1,1,1,duration=0.020
443.33243505858525,service_start,,,1429,33,1,1,1,service_time_sampled=0.109
443.44138324330663,service_end,,,1429,33,1,1,1,duration=0.109
443.44138324330663,service_start,,,1430,32,1,1,1,service_time_sampled=0.078
443.51907170990336,service_end,,,1430,32,1,1,1,duration=0.078
443.51907170990336,service_start,,,1431,31,1,1,1,service_time_sampled=0.268
443.78668604989485,service_end,,,1431,31,1,1,1,duration=0.268
443.78668604989485,service_start,,,1432,30,1,1,1,service_time_sampled=0.016
443.8026809256949,service_end,,,1432,30,1,1,1,duration=0.016
443.8026809256949,service_start,,,1433,29,1,1,1,service_time_sampled=0.027
443.8296119223784,service_end,,,1433,29,1,1,1,duration=0.027
443.8296119223784,service_start,,,1434,28,1,1,1,service_time_sampled=0.079
443.9088757963265,service_end,,,1434,28,1,1,1,duration=0.079
443.9088757963265,service_start,,,1435,27,1,1,1,service_time_sampled=0.019
443.9278425376767,service_end,,,1435,27,1,1,1,duration=0.019
443.9278425376767,service_start,,,1436,26,1,1,1,service_time_sampled=0.130
444.05735953586844,service_end,,,1436,26,1,1,1,duration=0.130
444.05735953586844,service_start,,,1437,25,1,1,1,service_time_sampled=0.497
444.5540323705591,service_end,,,1437,25,1,1,1,duration=0.497
444.5540323705591,service_start,,,1438,24,1,1,1,service_time_sampled=0.259
444.8129893311097,service_end,,,1438,24,1,1,1,duration=0.259
444.8129893311097,service_start,,,1439,23,1,1,1,service_time_sampled=0.133
444.9457067127541,service_end,,,1439,23,1,1,1,duration=0.133
444.9457067127541,service_start,,,1440,22,1,1,1,service_time_sampled=0.030
444.9756306229929,service_end,,,1440,22,1,1,1,duration=0.030
444.9756306229929,service_start,,,1441,21,1,1,1,service_time_sampled=0.338
445.31321873933314,service_end,,,1441,21,1,1,1,duration=0.338
445.31321873933314,service_start,,,1442,20,1,1,1,service_time_sampled=0.069
445.3820555193365,service_end,,,1442,20,1,1,1,duration=0.069
445.3820555193365,service_start,,,1443,19,1,1,1,service_time_sampled=0.087
445.46900872298477,service_end,,,1443,19,1,1,1,duration=0.087
445.46900872298477,service_start,,,1444,18,1,1,1,service_time_sampled=0.109
445.57779026983775,service_end,,,1444,18,1,1,1,duration=0.109
445.57779026983775,service_start,,,1445,17,1,1,1,service_time_sampled=0.041
445.6187125861157,service_end,,,1445,17,1,1,1,duration=0.041
445.6187125861157,service_start,,,1446,16,1,1,1,service_time_sampled=0.029
445.64805628843334,service_end,,,1446,16,1,1,1,duration=0.029
445.64805628843334,service_start,,,1447,15,1,1,1,service_time_sampled=0.412
446.0,landing_end,40,2,,15,1,1,1,pad_q=1
446.05980102084044,service_end,,,1447,15,1,1,1,duration=0.412
446.05980102084044,service_start,,,1448,14,1,1,1,service_time_sampled=0.121
446.18070826191956,service_end,,,1448,14,1,1,1,duration=0.121
446.18070826191956,service_start,,,1449,13,1,1,1,service_time_sampled=0.115
446.2952314247758,service_end,,,1449,13,1,1,1,duration=0.115
446.2952314247758,service_start,,,1450,12,1,1,1,service_time_sampled=0.034
446.3293301468398,service_end,,,1450,12,1,1,1,duration=0.034
446.3293301468398,service_start,,,1451,11,1,1,1,service_time_sampled=0.091
446.42001864485377,service_end,,,1451,11,1,1,1,duration=0.091
446.42001864485377,service_start,,,1452,10,1,1,1,service_time_sampled=0.204
446.6238970253315,service_end,,,1452,10,1,1,1,duration=0.204
446.6238970253315,service_start,,,1453,9,1,1,1,service_time_sampled=0.141
446.76458834171467,service_end,,,1453,9,1,1,1,duration=0.141
446.76458834171467,service_start,,,1454,8,1,1,1,service_time_sampled=0.067
446.8315795401159,service_end,,,1454,8,1,1,1,duration=0.067
446.8315795401159,service_start,,,1455,7,1,1,1,service_time_sampled=0.106
446.938057347974,service_end,,,1455,7,1,1,1,duration=0.106
446.938057347974,service_start,,,1456,6,1,1,1,service_time_sampled=0.225
447.163484650689,service_end,,,1456,6,1,1,1,duration=0.225
447.163484650689,service_start,,,1457,5,1,1,1,service_time_sampled=0.081
447.24497680314926,service_end,,,1457,5,1,1,1,duration=0.081
447.24497680314926,service_start,,,1458,4,1,1,1,service_time_sampled=0.275
447.5195571960201,service_end,,,1458,4,1,1,1,duration=0.275
447.5195571960201,service_start,,,1459,3,1,1,1,service_time_sampled=0.200
447.71930784255017,service_end,,,1459,3,1,1,1,duration=0.200
447.71930784255017,service_start,,,1460,2,1,1,1,service_time_sampled=0.073
447.79246210831195,service_end,,,1460,2,1,1,1,duration=0.073
447.79246210831195,service_start,,,1461,1,1,1,1,service_time_sampled=0.107
447.899652122307,service_end,,,1461,1,1,1,1,duration=0.107
447.899652122307,service_start,,,1462,0,1,1,1,service_time_sampled=0.026
447.9258294188309,service_end,,,1462,0,1,1,1,duration=0.026
453.0,plane_arrive,43,3,,0,1,1,1,air_q=3
453.0,unload_end,40,2,,0,1,1,1,
453.0,passengers_spawned,40,2,,0,1,1,1,count=40
453.0,passenger_queue_arrival,,,1463,1,1,1,1,
453.0,passenger_queue_arrival,,,1464,2,1,1,1,
453.0,passenger_queue_arrival,,,1465,3,1,1,1,
453.0,passenger_queue_arrival,,,1466,4,1,1,1,
453.0,passenger_queue_arrival,,,1467,5,1,1,1,
453.0,passenger_queue_arrival,,,1468,6,1,1,1,
453.0,passenger_queue_arrival,,,1469,7,1,1,1,
453.0,passenger_queue_arrival,,,1470,8,1,1,1,
453.0,passenger_queue_arrival,,,1471,9,1,1,1,
453.0,passenger_queue_arrival,,,1472,10,1,1,1,
453.0,passenger_queue_arrival,,,1473,11,1,1,1,
453.0,passenger_queue_arrival,,,1474,12,1,1,1,
453.0,passenger_queue_arrival,,,1475,13,1,1,1,
453.0,passenger_queue_arrival,,,1476,14,1,1,1,
453.0,passenger_queue_arrival,,,1477,15,1,1,1,
453.0,passenger_queue_arrival,,,1478,16,1,1,1,
453.0,passenger_queue_arrival,,,1479,17,1,1,1,
453.0,passenger_queue_arrival,,,1480,18,1,1,1,
453.0,passenger_queue_arrival,,,1481,19,1,1,1,
453.0,passenger_queue_arrival,,,1482,20,1,1,1,
453.0,passenger_queue_arrival,,,1483,21,1,1,1,
453.0,passenger_queue_arrival,,,1484,22,1,1,1,
453.0,passenger_queue_arrival,,,1485,23,1,1,1,
453.0,passenger_queue_arrival,,,1486,24,1,1,1,
453.0,passenger_queue_arrival,,,1487,25,1,1,1,
453.0,passenger_queue_arrival,,,1488,26,1,1,1,
453.0,passenger_queue_arrival,,,1489,27,1,1,1,
453.0,passenger_queue_arrival,,,1490,28,1,1,1,
453.0,passenger_queue_arrival,,,1491,29,1,1,1,
453.0,passenger_queue_arrival,,,1492,30,1,1,1,
453.0,passenger_queue_arrival,,,1493,31,1,1,1,
453.0,passenger_queue_arrival,,,1494,32,1,1,1,
453.0,passenger_queue_arrival,,,1495,33,1,1,1,
453.0,passenger_queue_arrival,,,1496,34,1,1,1,
453.0,passenger_queue_arrival,,,1497,35,1,1,1,
453.0,passenger_queue_arrival,,,1498,36,1,1,1,
453.0,passenger_queue_arrival,,,1499,37,1,1,1,
453.0,passenger_queue_arrival,,,1500,38,1,1,1,
453.0,passenger_queue_arrival,,,1501,39,1,1,1,
453.0,passenger_queue_arrival,,,1502,40,1,1,1,
453.0,landing_start,41,2,,40,1,1,1,landing_time=2
453.0,service_start,,,1463,39,1,1,1,service_time_sampled=0.040
453.04010775852925,service_end,,,1463,39,1,1,1,duration=0.040
453.04010775852925,service_start,,,1464,38,1,1,1,service_time_sampled=0.152
453.19215067311336,service_end,,,1464,38,1,1,1,duration=0.152
453.19215067311336,service_start,,,1465,37,1,1,1,service_time_sampled=0.387
453.5794410406655,service_end,,,1465,37,1,1,1,duration=0.387
453.5794410406655,service_start,,,1466,36,1,1,1,service_time_sampled=0.107
453.6865673014076,service_end,,,1466,36,1,1,1,duration=0.107
453.6865673014076,service_start,,,1467,35,1,1,1,service_time_sampled=0.066
453.7529558311886,service_end,,,1467,35,1,1,1,duration=0.066
453.7529558311886,service_start,,,1468,34,1,1,1,service_time_sampled=0.108
453.86128294059375,service_end,,,1468,34,1,1,1,duration=0.108
453.86128294059375,service_start,,,1469,33,1,1,1,service_time_sampled=0.042
453.90284402750285,service_end,,,1469,33,1,1,1,duration=0.042
453.90284402750285,service_start,,,1470,32,1,1,1,service_time_sampled=0.225
454.1279866484331,service_end,,,1470,32,1,1,1,duration=0.225
454.1279866484331,service_start,,,1471,31,1,1,1,service_time_sampled=0.199
454.3271855066265,service_end,,,1471,31,1,1,1,duration=0.199
454.3271855066265,service_start,,,1472,30,1,1,1,service_time_sampled=0.303
454.629801249205,service_end,,,1472,30,1,1,1,duration=0.303
454.629801249205,service_start,,,1473,29,1,1,1,service_time_sampled=0.035
454.6645634814729,service_end,,,1473,29,1,1,1,duration=0.035
454.6645634814729,service_start,,,1474,28,1,1,1,service_time_sampled=0.039
454.70387153461,service_end,,,1474,28,1,1,1,duration=0.039
454.70387153461,service_start,,,1475,27,1,1,1,service_time_sampled=0.037
454.74045488060284,service_end,,,1475,27,1,1,1,duration=0.037
454.74045488060284,service_start,,,1476,26,1,1,1,service_time_sampled=0.049
454.7895561237806,service_end,,,1476,26,1,1,1,duration=0.049
454.7895561237806,service_start,,,1477,25,1,1,1,service_time_sampled=0.051
454.8409887024639,service_end,,,1477,25,1,1,1,duration=0.051
454.8409887024639,service_start,,,1478,24,1,1,1,service_time_sampled=0.077
454.9180399882726,service_end,,,1478,24,1,1,1,duration=0.077
454.9180399882726,service_start,,,1479,23,1,1,1,service_time_sampled=0.086
455.0,landing_end,41,2,,23,1,1,1,pad_q=1
455.0039888345143,service_end,,,1479,23,1,1,1,duration=0.086
455.0039888345143,service_start,,,1480,22,1,1,1,service_time_sampled=0.074
455.07782484736225,service_end,,,1480,22,1,1,1,duration=0.074
455.07782484736225,service_start,,,1481,21,1,1,1,service_time_sampled=0.109
455.1869359891505,service_end,,,1481,21,1,1,1,duration=0.109
455.1869359891505,service_start,,,1482,20,1,1,1,service_time_sampled=0.060
455.2470721337276,service_end,,,1482,20,1,1,1,duration=0.060
455.2470721337276,service_start,,,1483,19,1,1,1,service_time_sampled=0.338
455.58480270189176,service_end,,,1483,19,1,1,1,duration=0.338
455.58480270189176,service_start,,,1484,18,1,1,1,service_time_sampled=0.170
455.75486430929504,service_end,,,1484,18,1,1,1,duration=0.170
455.75486430929504,service_start,,,1485,17,1,1,1,service_time_sampled=0.014
455.7685457980347,service_end,,,1485,17,1,1,1,duration=0.014
455.7685457980347,service_start,,,1486,16,1,1,1,service_time_sampled=0.132
455.90024951244294,service_end,,,1486,16,1,1,1,duration=0.132
455.90024951244294,service_start,,,1487,15,1,1,1,service_time_sampled=0.030
455.9300478616275,service_end,,,1487,15,1,1,1,duration=0.030
455.9300478616275,service_start,,,1488,14,1,1,1,service_time_sampled=0.065
455.9954090747703,service_end,,,1488,14,1,1,1,duration=0.065
455.9954090747703,service_start,,,1489,13,1,1,1,service_time_sampled=0.139
456.1345864894874,service_end,,,1489,13,1,1,1,duration=0.139
456.1345864894874,service_start,,,1490,12,1,1,1,service_time_sampled=0.025
456.1591967019611,service_end,,,1490,12,1,1,1,duration=0.025
456.1591967019611,service_start,,,1491,11,1,1,1,service_time_sampled=0.024
456.18362621772945,service_end,,,1491,11,1,1,1,duration=0.024
456.18362621772945,service_start,,,1492,10,1,1,1,service_time_sampled=0.133
456.3168919304533,service_end,,,1492,10,1,1,1,duration=0.133
456.3168919304533,service_start,,,1493,9,1,1,1,service_time_sampled=0.152
456.46906864417303,service_end,,,1493,9,1,1,1,duration=0.152
456.46906864417303,service_start,,,1494,8,1,1,1,service_time_sampled=0.321
456.79055457676463,service_end,,,1494,8,1,1,1,duration=0.321
456.79055457676463,service_start,,,1495,7,1,1,1,service_time_sampled=0.030
456.8205595062046,service_end,,,1495,7,1,1,1,duration=0.030
456.8205595062046,service_start,,,1496,6,1,1,1,service_time_sampled=0.114
456.9347661507562,service_end,,,1496,6,1,1,1,duration=0.114
456.9347661507562,service_start,,,1497,5,1,1,1,service_time_sampled=0.233
457.1678665581839,service_end,,,1497,5,1,1,1,duration=0.233
457.1678665581839,service_start,,,1498,4,1,1,1,service_time_sampled=0.115
457.28250761885414,service_end,,,1498,4,1,1,1,duration=0.115
457.28250761885414,service_start,,,1499,3,1,1,1,service_time_sampled=0.113
457.39562999001885,service_end,,,1499,3,1,1,1,duration=0.113
457.39562999001885,service_start,,,1500,2,1,1,1,service_time_sampled=0.317
457.7124598044879,service_end,,,1500,2,1,1,1,duration=0.317
457.7124598044879,service_start,,,1501,1,1,1,1,service_time_sampled=0.069
457.7812819999403,service_end,,,1501,1,1,1,1,duration=0.069
457.7812819999403,service_start,,,1502,0,1,1,1,service_time_sampled=0.081
457.8619442761773,service_end,,,1502,0,1,1,1,duration=0.081
461.0,plane_arrive,44,1,,0,1,1,1,air_q=3
461.8242026270695,failure,,,,,0,1,0,element=scanner
462.0,unload_end,41,2,,0,0,1,0,
462.0,passengers_spawned,41,2,,0,0,1,0,count=42
462.0,passenger_queue_arrival,,,1503,1,0,1,0,
462.0,passenger_queue_arrival,,,1504,2,0,1,0,
462.0,passenger_queue_arrival,,,1505,3,0,1,0,
462.0,passenger_queue_arrival,,,1506,4,0,1,0,
462.0,passenger_queue_arrival,,,1507,5,0,1,0,
462.0,passenger_queue_arrival,,,1508,6,0,1,0,
462.0,passenger_queue_arrival,,,1509,7,0,1,0,
462.0,passenger_queue_arrival,,,1510,8,0,1,0,
462.0,passenger_queue_arrival,,,1511,9,0,1,0,
462.0,passenger_queue_arrival,,,1512,10,0,1,0,
462.0,passenger_queue_arrival,,,1513,11,0,1,0,
462.0,passenger_queue_arrival,,,1514,12,0,1,0,
462.0,passenger_queue_arrival,,,1515,13,0,1,0,
462.0,passenger_queue_arrival,,,1516,14,0,1,0,
462.0,passenger_queue_arrival,,,1517,15,0,1,0,
462.0,passenger_queue_arrival,,,1518,16,0,1,0,
462.0,passenger_queue_arrival,,,1519,17,0,1,0,
462.0,passenger_queue_arrival,,,1520,18,0,1,0,
462.0,passenger_queue_arrival,,,1521,19,0,1,0,
462.0,passenger_queue_arrival,,,1522,20,0,1,0,
462.0,passenger_queue_arrival,,,1523,21,0,1,0,
462.0,passenger_queue_arrival,,,1524,22,0,1,0,
462.0,passenger_queue_arrival,,,1525,23,0,1,0,
462.0,passenger_queue_arrival,,,1526,24,0,1,0,
462.0,passenger_queue_arrival,,,1527,25,0,1,0,
462.0,passenger_queue_arrival,,,1528,26,0,1,0,
462.0,passenger_queue_arrival,,,1529,27,0,1,0,
462.0,passenger_queue_arrival,,,1530,28,0,1,0,
462.0,passenger_queue_arrival,,,1531,29,0,1,0,
462.0,passenger_queue_arrival,,,1532,30,0,1,0,
462.0,passenger_queue_arrival,,,1533,31,0,1,0,
462.0,passenger_queue_arrival,,,1534,32,0,1,0,
462.0,passenger_queue_arrival,,,1535,33,0,1,0,
462.0,passenger_queue_arrival,,,1536,34,0,1,0,
462.0,passenger_queue_arrival,,,1537,35,0,1,0,
462.0,passenger_queue_arrival,,,1538,36,0,1,0,
462.0,passenger_queue_arrival,,,1539,37,0,1,0,
462.0,passenger_queue_arrival,,,1540,38,0,1,0,
462.0,passenger_queue_arrival,,,1541,39,0,1,0,
462.0,passenger_queue_arrival,,,1542,40,0,1,0,
462.0,passenger_queue_arrival,,,1543,41,0,1,0,
462.0,passenger_queue_arrival,,,1544,42,0,1,0,
462.0,landing_start,42,3,,42,0,1,0,landing_time=4
462.0,service_start,,,1503,41,0,1,0,service_time_sampled=0.136
466.0,landing_end,42,3,,41,0,1,0,pad_q=1
466.6858336592283,repair,,,,,1,1,1,"element=scanner, repair_time=4.862"
466.83619721685955,service_end,,,1503,41,1,1,1,duration=4.836
466.83619721685955,service_start,,,1504,40,1,1,1,service_time_sampled=0.090
466.9263497794225,service_end,,,1504,40,1,1,1,duration=0.090
466.9263497794225,service_start,,,1505,39,1,1,1,service_time_sampled=0.019
466.9457229896242,service_end,,,1505,39,1,1,1,duration=0.019
466.9457229896242,service_start,,,1506,38,1,1,1,service_time_sampled=0.079
467.02428920954793,service_end,,,1506,38,1,1,1,duration=0.079
467.02428920954793,service_start,,,1507,37,1,1,1,service_time_sampled=0.044
467.06840071795057,service_end,,,1507,37,1,1,1,duration=0.044
467.06840071795057,service_start,,,1508,36,1,1,1,service_time_sampled=0.521
467.58902371980344,service_end,,,1508,36,1,1,1,duration=0.521
467.58902371980344,service_start,,,1509,35,1,1,1,service_time_sampled=0.141
467.72962623001496,service_end,,,1509,35,1,1,1,duration=0.141
467.72962623001496,service_start,,,1510,34,1,1,1,service_time_sampled=0.043
467.77246836412115,service_end,,,1510,34,1,1,1,duration=0.043
467.77246836412115,service_start,,,1511,33,1,1,1,service_time_sampled=0.071
467.8436790041573,service_end,,,1511,33,1,1,1,duration=0.071
467.8436790041573,service_start,,,1512,32,1,1,1,service_time_sampled=0.185
468.02903184091696,service_end,,,1512,32,1,1,1,duration=0.185
468.02903184091696,service_start,,,1513,31,1,1,1,service_time_sampled=0.104
468.1331540418625,service_end,,,1513,31,1,1,1,duration=0.104
468.1331540418625,service_start,,,1514,30,1,1,1,service_time_sampled=0.322
468.4551838462869,service_end,,,1514,30,1,1,1,duration=0.322
468.4551838462869,service_start,,,1515,29,1,1,1,service_time_sampled=0.022
468.4770261107444,service_end,,,1515,29,1,1,1,duration=0.022
468.4770261107444,service_start,,,1516,28,1,1,1,service_time_sampled=0.226
468.7026473538867,service_end,,,1516,28,1,1,1,duration=0.226
468.7026473538867,service_start,,,1517,27,1,1,1,service_time_sampled=0.105
468.8078093913437,service_end,,,1517,27,1,1,1,duration=0.105
468.8078093913437,service_start,,,1518,26,1,1,1,service_time_sampled=0.028
468.83574998746957,service_end,,,1518,26,1,1,1,duration=0.028
468.83574998746957,service_start,,,1519,25,1,1,1,service_time_sampled=0.488
469.32419920928777,service_end,,,1519,25,1,1,1,duration=0.488
469.32419920928777,service_start,,,1520,24,1,1,1,service_time_sampled=0.189
469.5127902051067,service_end,,,1520,24,1,1,1,duration=0.189
469.5127902051067,service_start,,,1521,23,1,1,1,service_time_sampled=0.051
469.563433895605,service_end,,,1521,23,1,1,1,duration=0.051
469.563433895605,service_start,,,1522,22,1,1,1,service_time_sampled=0.393
469.95595162692166,service_end,,,1522,22,1,1,1,duration=0.393
469.95595162692166,service_start,,,1523,21,1,1,1,service_time_sampled=0.275
470.23106753881194,service_end,,,1523,21,1,1,1,duration=0.275
470.23106753881194,service_start,,,1524,20,1,1,1,service_time_sampled=0.636
470.86718765913014,service_end,,,1524,20,1,1,1,duration=0.636
470.86718765913014,service_start,,,1525,19,1,1,1,service_time_sampled=0.102
470.96881359376425,service_end,,,1525,19,1,1,1,duration=0.102
470.96881359376425,service_start,,,1526,18,1,1,1,service_time_sampled=0.338
471.3065621268071,service_end,,,1526,18,1,1,1,duration=0.338
471.3065621268071,service_start,,,1527,17,1,1,1,service_time_sampled=0.055
471.36106728903985,service_end,,,1527,17,1,1,1,duration=0.055
471.36106728903985,service_start,,,1528,16,1,1,1,service_time_sampled=0.016
471.37713459127554,service_end,,,1528,16,1,1,1,duration=0.016
471.37713459127554,service_start,,,1529,15,1,1,1,service_time_sampled=0.161
471.53797637829035,service_end,,,1529,15,1,1,1,duration=0.161
471.53797637829035,service_start,,,1530,14,1,1,1,service_time_sampled=0.232
471.769606053843,service_end,,,1530,14,1,1,1,duration=0.232
471.769606053843,service_start,,,1531,13,1,1,1,service_time_sampled=0.043
471.81213299935285,service_end,,,1531,13,1,1,1,duration=0.043
471.81213299935285,service_start,,,1532,12,1,1,1,service_time_sampled=0.033
471.84503105174963,service_end,,,1532,12,1,1,1,duration=0.033
471.84503105174963,service_start,,,1533,11,1,1,1,service_time_sampled=0.010
471.8550310517496,service_end,,,1533,11,1,1,1,duration=0.010
471.8550310517496,service_start,,,1534,10,1,1,1,service_time_sampled=0.054
471.90948424869055,service_end,,,1534,10,1,1,1,duration=0.054
471.90948424869055,service_start,,,1535,9,1,1,1,service_time_sampled=0.399
472.3085818082231,service_end,,,1535,9,1,1,1,duration=0.399
472.3085818082231,service_start,,,1536,8,1,1,1,service_time_sampled=0.038
472.3465462152229,service_end,,,1536,8,1,1,1,duration=0.038
472.3465462152229,service_start,,,1537,7,1,1,1,service_time_sampled=0.028
472.37501791633235,service_end,,,1537,7,1,1,1,duration=0.028
472.37501791633235,service_start,,,1538,6,1,1,1,service_time_sampled=0.098
472.4726509369206,service_end,,,1538,6,1,1,1,duration=0.098
472.4726509369206,service_start,,,1539,5,1,1,1,service_time_sampled=0.319
472.79174113760257,service_end,,,1539,5,1,1,1,duration=0.319
472.79174113760257,service_start,,,1540,4,1,1,1,service_time_sampled=0.227
473.0,unload_end,42,3,,4,1,1,1,
473.0,passengers_spawned,42,3,,4,1,1,1,count=52
473.0,passenger_queue_arrival,,,1545,5,1,1,1,
473.0,passenger_queue_arrival,,,1546,6,1,1,1,
473.0,passenger_queue_arrival,,,1547,7,1,1,1,
473.0,passenger_queue_arrival,,,1548,8,1,1,1,
473.0,passenger_queue_arrival,,,1549,9,1,1,1,
473.0,passenger_queue_arrival,,,1550,10,1,1,1,
473.0,passenger_queue_arrival,,,1551,11,1,1,1,
473.0,passenger_queue_arrival,,,1552,12,1,1,1,
473.0,passenger_queue_arrival,,,1553,13,1,1,1,
473.0,passenger_queue_arrival,,,1554,14,1,1,1,
473.0,passenger_queue_arrival,,,1555,15,1,1,1,
473.0,passenger_queue_arrival,,,1556,16,1,1,1,
473.0,passenger_queue_arrival,,,1557,17,1,1,1,
473.0,passenger_queue_arrival,,,1558,18,1,1,1,
473.0,passenger_queue_arrival,,,1559,19,1,1,1,
473.0,passenger_queue_arrival,,,1560,20,1,1,1,
473.0,passenger_queue_arrival,,,1561,21,1,1,1,
473.0,passenger_queue_arrival,,,1562,22,1,1,1,
473.0,passenger_queue_arrival,,,1563,23,1,1,1,
473.0,passenger_queue_arrival,,,1564,24,1,1,1,
473.0,passenger_queue_arrival,,,1565,25,1,1,1,
473.0,passenger_queue_arrival,,,1566,26,1,1,1,
473.0,passenger_queue_arrival,,,1567,27,1,1,1,
473.0,passenger_queue_arrival,,,1568,28,1,1,1,
473.0,passenger_queue_arrival,,,1569,29,1,1,1,
473.0,passenger_queue_arrival,,,1570,30,1,1,1,
473.0,passenger_queue_arrival,,,1571,31,1,1,1,
473.0,passenger_queue_arrival,,,1572,32,1,1,1,
473.0,passenger_queue_arrival,,,1573,33,1,1,1,
473.0,passenger_queue_arrival,,,1574,34,1,1,1,
473.0,passenger_queue_arrival,,,1575,35,1,1,1,
473.0,passenger_queue_arrival,,,1576,36,1,1,1,
473.0,passenger_queue_arrival,,,1577,37,1,1,1,
473.0,passenger_queue_arrival,,,1578,38,1,1,1,
473.0,passenger_queue_arrival,,,1579,39,1,1,1,
473.0,passenger_queue_arrival,,,1580,40,1,1,1,
473.0,passenger_queue_arrival,,,1581,41,1,1,1,
473.0,passenger_queue_arrival,,,1582,42,1,1,1,
473.0,passenger_queue_arrival,,,1583,43,1,1,1,
473.0,passenger_queue_arrival,,,1584,44,1,1,1,
473.0,passenger_queue_arrival,,,1585,45,1,1,1,
473.0,passenger_queue_arrival,,,1586,46,1,1,1,
473.0,passenger_queue_arrival,,,1587,47,1,1,1,
473.0,passenger_queue_arrival,,,1588,48,1,1,1,
473.0,passenger_queue_arrival,,,1589,49,1,1,1,
473.0,passenger_queue_arrival,,,1590,50,1,1,1,
473.0,passenger_queue_arrival,,,1591,51,1,1,1,
473.0,passenger_queue_arrival,,,1592,52,1,1,1,
473.0,passenger_queue_arrival,,,1593,53,1,1,1,
473.0,passenger_queue_arrival,,,1594,54,1,1,1,
473.0,passenger_queue_arrival,,,1595,55,1,1,1,
473.0,passenger_queue_arrival,,,1596,56,1,1,1,
473.0,landing_start,43,3,,56,1,1,1,landing_time=1
473.0190674045795,service_end,,,1540,56,1,1,1,duration=0.227
473.0190674045795,service_start,,,1541,55,1,1,1,service_time_sampled=0.162
473.18154952604976,service_end,,,1541,55,1,1,1,duration=0.162
473.18154952604976,service_start,,,1542,54,1,1,1,service_time_sampled=0.215
473.39682826498444,service_end,,,1542,54,1,1,1,duration=0.215
473.39682826498444,service_start,,,1543,53,1,1,1,service_time_sampled=0.037
473.43391992091404,service_end,,,1543,53,1,1,1,duration=0.037
473.43391992091404,service_start,,,1544,52,1,1,1,service_time_sampled=0.018
473.45209689319535,service_end,,,1544,52,1,1,1,duration=0.018
473.45209689319535,service_start,,,1545,51,1,1,1,service_time_sampled=0.179
473.63116640189725,service_end,,,1545,51,1,1,1,duration=0.179
473.63116640189725,service_start,,,1546,50,1,1,1,service_time_sampled=0.021
473.652127045412,service_end,,,1546,50,1,1,1,duration=0.021
473.652127045412,service_start,,,1547,49,1,1,1,service_time_sampled=0.106
473.7133908869688,failure,,,,,1,0,0,element=door
473.7133908869688,service_interrupted,,,1547,49,1,0,0,remaining=0.045
474.0,landing_end,43,3,,49,1,0,0,pad_q=1
481.0,unload_end,43,3,,49,1,0,0,
481.0,passengers_spawned,43,3,,49,1,0,0,count=56
481.0,passenger_queue_arrival,,,1597,50,1,0,0,
481.0,passenger_queue_arrival,,,1598,51,1,0,0,
481.0,passenger_queue_arrival,,,1599,52,1,0,0,
481.0,passenger_queue_arrival,,,1600,53,1,0,0,
481.0,passenger_queue_arrival,,,1601,54,1,0,0,
481.0,passenger_queue_arrival,,,1602,55,1,0,0,
481.0,passenger_queue_arrival,,,1603,56,1,0,0,
481.0,passenger_queue_arrival,,,1604,57,1,0,0,
481.0,passenger_queue_arrival,,,1605,58,1,0,0,
481.0,passenger_queue_arrival,,,1606,59,1,0,0,
481.0,passenger_queue_arrival,,,1607,60,1,0,0,
481.0,passenger_queue_arrival,,,1608,61,1,0,0,
481.0,passenger_queue_arrival,,,1609,62,1,0,0,
481.0,passenger_queue_arrival,,,1610,63,1,0,0,
481.0,passenger_queue_arrival,,,1611,64,1,0,0,
481.0,passenger_queue_arrival,,,1612,65,1,0,0,
481.0,passenger_queue_arrival,,,1613,66,1,0,0,
481.0,passenger_queue_arrival,,,1614,67,1,0,0,
481.0,passenger_queue_arrival,,,1615,68,1,0,0,
481.0,passenger_queue_arrival,,,1616,69,1,0,0,
481.0,passenger_queue_arrival,,,1617,70,1,0,0,
481.0,passenger_queue_arrival,,,1618,71,1,0,0,
481.0,passenger_queue_arrival,,,1619,72,1,0,0,
481.0,passenger_queue_arrival,,,1620,73,1,0,0,
481.0,passenger_queue_arrival,,,1621,74,1,0,0,
481.0,passenger_queue_arrival,,,1622,75,1,0,0,
481.0,passenger_queue_arrival,,,1623,76,1,0,0,
481.0,passenger_queue_arrival,,,1624,77,1,0,0,
481.0,passenger_queue_arrival,,,1625,78,1,0,0,
481.0,passenger_queue_arrival,,,1626,79,1,0,0,
481.0,passenger_queue_arrival,,,1627,80,1,0,0,
481.0,passenger_queue_arrival,,,1628,81,1,0,0,
481.0,passenger_queue_arrival,,,1629,82,1,0,0,
481.0,passenger_queue_arrival,,,1630,83,1,0,0,
481.0,passenger_queue_arrival,,,1631,84,1,0,0,
481.0,passenger_queue_arrival,,,1632,85,1,0,0,
481.0,passenger_queue_arrival,,,1633,86,1,0,0,
481.0,passenger_queue_arrival,,,1634,87,1,0,0,
481.0,passenger_queue_arrival,,,1635,88,1,0,0,
481.0,passenger_queue_arrival,,,1636,89,1,0,0,
481.0,passenger_queue_arrival,,,1637,90,1,0,0,
481.0,passenger_queue_arrival,,,1638,91,1,0,0,
481.0,passenger_queue_arrival,,,1639,92,1,0,0,
481.0,passenger_queue_arrival,,,1640,93,1,0,0,
481.0,passenger_queue_arrival,,,1641,94,1,0,0,
481.0,passenger_queue_arrival,,,1642,95,1,0,0,
481.0,passenger_queue_arrival,,,1643,96,1,0,0,
481.0,passenger_queue_arrival,,,1644,97,1,0,0,
481.0,passenger_queue_arrival,,,1645,98,1,0,0,
481.0,passenger_queue_arrival,,,1646,99,1,0,0,
481.0,passenger_queue_arrival,,,1647,100,1,0,0,
481.0,passenger_queue_arrival,,,1648,101,1,0,0,
481.0,passenger_queue_arrival,,,1649,102,1,0,0,
481.0,passenger_queue_arrival,,,1650,103,1,0,0,
481.0,passenger_queue_arrival,,,1651,104,1,0,0,
481.0,passenger_queue_arrival,,,1652,105,1,0,0,
481.0,landing_start,44,1,,105,1,0,0,landing_time=3
482.12027071881244,repair,,,,,1,1,1,"element=door, repair_time=8.407"
482.25833176230674,service_end,,,1547,105,1,1,1,duration=8.606
482.25833176230674,service_start,,,1548,104,1,1,1,service_time_sampled=0.037
482.2956058610708,service_end,,,1548,104,1,1,1,duration=0.037
482.2956058610708,service_start,,,1549,103,1,1,1,service_time_sampled=0.561
482.8566122800463,service_end,,,1549,103,1,1,1,duration=0.561
482.8566122800463,service_start,,,1550,102,1,1,1,service_time_sampled=0.096
482.9530319463146,service_end,,,1550,102,1,1,1,duration=0.096
482.9530319463146,service_start,,,1551,101,1,1,1,service_time_sampled=0.010
482.9630319463146,service_end,,,1551,101,1,1,1,duration=0.010
482.9630319463146,service_start,,,1552,100,1,1,1,service_time_sampled=0.374
483.33676096990075,service_end,,,1552,100,1,1,1,duration=0.374
483.33676096990075,service_start,,,1553,99,1,1,1,service_time_sampled=0.111
483.4476651318999,service_end,,,1553,99,1,1,1,duration=0.111
483.4476651318999,service_start,,,1554,98,1,1,1,service_time_sampled=0.293
483.7402022142595,service_end,,,1554,98,1,1,1,duration=0.293
483.7402022142595,service_start,,,1555,97,1,1,1,service_time_sampled=0.110
483.85010459415736,service_end,,,1555,97,1,1,1,duration=0.110
483.85010459415736,service_start,,,1556,96,1,1,1,service_time_sampled=0.163
484.0,landing_end,44,1,,96,1,1,1,pad_q=1
484.0127110701332,service_end,,,1556,96,1,1,1,duration=0.163
484.0127110701332,service_start,,,1557,95,1,1,1,service_time_sampled=0.085
484.09751478675554,service_end,,,1557,95,1,1,1,duration=0.085
484.09751478675554,service_start,,,1558,94,1,1,1,service_time_sampled=0.303
484.40020817620814,service_end,,,1558,94,1,1,1,duration=0.303
484.40020817620814,service_start,,,1559,93,1,1,1,service_time_sampled=0.193
484.5933532099331,service_end,,,1559,93,1,1,1,duration=0.193
484.5933532099331,service_start,,,1560,92,1,1,1,service_time_sampled=0.100
484.6933179634104,service_end,,,1560,92,1,1,1,duration=0.100
484.6933179634104,service_start,,,1561,91,1,1,1,service_time_sampled=0.121
484.81417769577604,service_end,,,1561,91,1,1,1,duration=0.121
484.81417769577604,service_start,,,1562,90,1,1,1,service_time_sampled=0.034
484.8485408255242,service_end,,,1562,90,1,1,1,duration=0.034
484.8485408255242,service_start,,,1563,89,1,1,1,service_time_sampled=0.032
484.88028625619904,service_end,,,1563,89,1,1,1,duration=0.032
484.88028625619904,service_start,,,1564,88,1,1,1,service_time_sampled=0.341
485.2211364122001,service_end,,,1564,88,1,1,1,duration=0.341
485.2211364122001,service_start,,,1565,87,1,1,1,service_time_sampled=0.046
485.2675687982484,service_end,,,1565,87,1,1,1,duration=0.046
485.2675687982484,service_start,,,1566,86,1,1,1,service_time_sampled=0.032
485.2993981446503,service_end,,,1566,86,1,1,1,duration=0.032
485.2993981446503,service_start,,,1567,85,1,1,1,service_time_sampled=0.042
485.3412372631469,service_end,,,1567,85,1,1,1,duration=0.042
485.3412372631469,service_start,,,1568,84,1,1,1,service_time_sampled=0.050
485.3917050835525,service_end,,,1568,84,1,1,1,duration=0.050
485.3917050835525,service_start,,,1569,83,1,1,1,service_time_sampled=0.188
485.57988730369607,service_end,,,1569,83,1,1,1,duration=0.188
485.57988730369607,service_start,,,1570,82,1,1,1,service_time_sampled=0.118
485.69749279426117,service_end,,,1570,82,1,1,1,duration=0.118
485.69749279426117,service_start,,,1571,81,1,1,1,service_time_sampled=0.132
485.82927725991493,service_end,,,1571,81,1,1,1,duration=0.132
485.82927725991493,service_start,,,1572,80,1,1,1,service_time_sampled=0.318
486.14771501480476,service_end,,,1572,80,1,1,1,duration=0.318
486.14771501480476,service_start,,,1573,79,1,1,1,service_time_sampled=0.101
486.249161836286,service_end,,,1573,79,1,1,1,duration=0.101
486.249161836286,service_start,,,1574,78,1,1,1,service_time_sampled=0.121
486.37011469532416,service_end,,,1574,78,1,1,1,duration=0.121
486.37011469532416,service_start,,,1575,77,1,1,1,service_time_sampled=0.088
486.4582198516445,service_end,,,1575,77,1,1,1,duration=0.088
486.4582198516445,service_start,,,1576,76,1,1,1,service_time_sampled=0.074
486.53177412664206,service_end,,,1576,76,1,1,1,duration=0.074
486.53177412664206,service_start,,,1577,75,1,1,1,service_time_sampled=0.256
486.78767168681173,service_end,,,1577,75,1,1,1,duration=0.256
486.78767168681173,service_start,,,1578,74,1,1,1,service_time_sampled=0.082
486.8698701389087,service_end,,,1578,74,1,1,1,duration=0.082
486.8698701389087,service_start,,,1579,73,1,1,1,service_time_sampled=0.175
487.0444291909315,service_end,,,1579,73,1,1,1,duration=0.175
487.0444291909315,service_start,,,1580,72,1,1,1,service_time_sampled=0.353
487.39748058083626,service_end,,,1580,72,1,1,1,duration=0.353
487.39748058083626,service_start,,,1581,71,1,1,1,service_time_sampled=0.156
487.5533512219514,service_end,,,1581,71,1,1,1,duration=0.156
487.5533512219514,service_start,,,1582,70,1,1,1,service_time_sampled=0.122
487.67486047839355,service_end,,,1582,70,1,1,1,duration=0.122
487.67486047839355,service_start,,,1583,69,1,1,1,service_time_sampled=0.108
487.78262628239287,service_end,,,1583,69,1,1,1,duration=0.108
487.78262628239287,service_start,,,1584,68,1,1,1,service_time_sampled=0.018
487.80064471032887,service_end,,,1584,68,1,1,1,duration=0.018
487.80064471032887,service_start,,,1585,67,1,1,1,service_time_sampled=0.049
487.8493052929088,service_end,,,1585,67,1,1,1,duration=0.049
487.8493052929088,service_start,,,1586,66,1,1,1,service_time_sampled=0.358
488.2071065007592,service_end,,,1586,66,1,1,1,duration=0.358
488.2071065007592,service_start,,,1587,65,1,1,1,service_time_sampled=0.259
488.46650464059843,service_end,,,1587,65,1,1,1,duration=0.259
488.46650464059843,service_start,,,1588,64,1,1,1,service_time_sampled=0.134
488.6000581390238,service_end,,,1588,64,1,1,1,duration=0.134
488.6000581390238,service_start,,,1589,63,1,1,1,service_time_sampled=0.052
488.65199299877105,service_end,,,1589,63,1,1,1,duration=0.052
488.65199299877105,service_start,,,1590,62,1,1,1,service_time_sampled=0.146
488.7983536768885,service_end,,,1590,62,1,1,1,duration=0.146
488.7983536768885,service_start,,,1591,61,1,1,1,service_time_sampled=0.016
488.81436490148184,service_end,,,1591,61,1,1,1,duration=0.016
488.81436490148184,service_start,,,1592,60,1,1,1,service_time_sampled=0.123
488.9377485841186,service_end,,,1592,60,1,1,1,duration=0.123
488.9377485841186,service_start,,,1593,59,1,1,1,service_time_sampled=0.363
489.30065419116926,service_end,,,1593,59,1,1,1,duration=0.363
489.30065419116926,service_start,,,1594,58,1,1,1,service_time_sampled=0.409
489.709964451129,service_end,,,1594,58,1,1,1,duration=0.409
489.709964451129,service_start,,,1595,57,1,1,1,service_time_sampled=0.232
489.94201609938244,service_end,,,1595,57,1,1,1,duration=0.232
489.94201609938244,service_start,,,1596,56,1,1,1,service_time_sampled=0.033
489.9745828817315,service_end,,,1596,56,1,1,1,duration=0.033
489.9745828817315,service_start,,,1597,55,1,1,1,service_time_sampled=0.082
490.05664259458945,service_end,,,1597,55,1,1,1,duration=0.082
490.05664259458945,service_start,,,1598,54,1,1,1,service_time_sampled=0.035
490.0919976848413,service_end,,,1598,54,1,1,1,duration=0.035
490.0919976848413,service_start,,,1599,53,1,1,1,service_time_sampled=0.310
490.40180204681394,service_end,,,1599,53,1,1,1,duration=0.310
490.40180204681394,service_start,,,1600,52,1,1,1,service_time_sampled=0.181
490.5823806059625,service_end,,,1600,52,1,1,1,duration=0.181
490.5823806059625,service_start,,,1601,51,1,1,1,service_time_sampled=0.531
491.0,unload_end,44,1,,51,1,1,1,
491.0,passengers_spawned,44,1,,51,1,1,1,count=25
491.0,passenger_queue_arrival,,,1653,52,1,1,1,
491.0,passenger_queue_arrival,,,1654,53,1,1,1,
491.0,passenger_queue_arrival,,,1655,54,1,1,1,
491.0,passenger_queue_arrival,,,1656,55,1,1,1,
491.0,passenger_queue_arrival,,,1657,56,1,1,1,
491.0,passenger_queue_arrival,,,1658,57,1,1,1,
491.0,passenger_queue_arrival,,,1659,58,1,1,1,
491.0,passenger_queue_arrival,,,1660,59,1,1,1,
491.0,passenger_queue_arrival,,,1661,60,1,1,1,
491.0,passenger_queue_arrival,,,1662,61,1,1,1,
491.0,passenger_queue_arrival,,,1663,62,1,1,1,
491.0,passenger_queue_arrival,,,1664,63,1,1,1,
491.0,passenger_queue_arrival,,,1665,64,1,1,1,
491.0,passenger_queue_arrival,,,1666,65,1,1,1,
491.0,passenger_queue_arrival,,,1667,66,1,1,1,
491.0,passenger_queue_arrival,,,1668,67,1,1,1,
491.0,passenger_queue_arrival,,,1669,68,1,1,1,
491.0,passenger_queue_arrival,,,1670,69,1,1,1,
491.0,passenger_queue_arrival,,,1671,70,1,1,1,
491.0,passenger_queue_arrival,,,1672,71,1,1,1,
491.0,passenger_queue_arrival,,,1673,72,1,1,1,
491.0,passenger_queue_arrival,,,1674,73,1,1,1,
491.0,passenger_queue_arrival,,,1675,74,1,1,1,
491.0,passenger_queue_arrival,,,1676,75,1,1,1,
491.0,passenger_queue_arrival,,,1677,76,1,1,1,
491.11334643810085,service_end,,,1601,76,1,1,1,duration=0.531
491.11334643810085,service_start,,,1602,75,1,1,1,service_time_sampled=0.180
491.2932975753121,service_end,,,1602,75,1,1,1,duration=0.180
491.2932975753121,service_start,,,1603,74,1,1,1,service_time_sampled=0.052
491.3451895954129,service_end,,,1603,74,1,1,1,duration=0.052
491.3451895954129,service_start,,,1604,73,1,1,1,service_time_sampled=0.065
491.41060673293237,service_end,,,1604,73,1,1,1,duration=0.065
491.41060673293237,service_start,,,1605,72,1,1,1,service_time_sampled=0.222
491.63244464002616,service_end,,,1605,72,1,1,1,duration=0.222
491.63244464002616,service_start,,,1606,71,1,1,1,service_time_sampled=0.010
491.64244464002616,service_end,,,1606,71,1,1,1,duration=0.010
491.64244464002616,service_start,,,1607,70,1,1,1,service_time_sampled=0.188
491.8300753688236,service_end,,,1607,70,1,1,1,duration=0.188
491.8300753688236,service_start,,,1608,69,1,1,1,service_time_sampled=0.171
492.00091544193396,service_end,,,1608,69,1,1,1,duration=0.171
492.00091544193396,service_start,,,1609,68,1,1,1,service_time_sampled=0.182
492.1827316465674,service_end,,,1609,68,1,1,1,duration=0.182
492.1827316465674,service_start,,,1610,67,1,1,1,service_time_sampled=0.414
492.5968561578317,service_end,,,1610,67,1,1,1,duration=0.414
492.5968561578317,service_start,,,1611,66,1,1,1,service_time_sampled=0.058
492.6553487591122,service_end,,,1611,66,1,1,1,duration=0.058
492.6553487591122,service_start,,,1612,65,1,1,1,service_time_sampled=0.094
492.74892834583386,service_end,,,1612,65,1,1,1,duration=0.094
492.74892834583386,service_start,,,1613,64,1,1,1,service_time_sampled=0.168
492.91688079690977,service_end,,,1613,64,1,1,1,duration=0.168
492.91688079690977,service_start,,,1614,63,1,1,1,service_time_sampled=0.010
492.92688079690976,service_end,,,1614,63,1,1,1,duration=0.010
492.92688079690976,service_start,,,1615,62,1,1,1,service_time_sampled=0.022
492.9490727145387,service_end,,,1615,62,1,1,1,duration=0.022
492.9490727145387,service_start,,,1616,61,1,1,1,service_time_sampled=0.110
493.05933460003337,service_end,,,1616,61,1,1,1,duration=0.110
493.05933460003337,service_start,,,1617,60,1,1,1,service_time_sampled=0.121
493.1802337608621,service_end,,,1617,60,1,1,1,duration=0.121
493.1802337608621,service_start,,,1618,59,1,1,1,service_time_sampled=0.120
493.30044970388457,service_end,,,1618,59,1,1,1,duration=0.120
493.30044970388457,service_start,,,1619,58,1,1,1,service_time_sampled=0.149
493.4496773978618,service_end,,,1619,58,1,1,1,duration=0.149
493.4496773978618,service_start,,,1620,57,1,1,1,service_time_sampled=0.036
493.4856164901983,service_end,,,1620,57,1,1,1,duration=0.036
493.4856164901983,service_start,,,1621,56,1,1,1,service_time_sampled=0.014
493.4998016128461,service_end,,,1621,56,1,1,1,duration=0.014
493.4998016128461,service_start,,,1622,55,1,1,1,service_time_sampled=0.037
493.53646412577604,service_end,,,1622,55,1,1,1,duration=0.037
493.53646412577604,service_start,,,1623,54,1,1,1,service_time_sampled=0.130
493.66674054260875,service_end,,,1623,54,1,1,1,duration=0.130
493.66674054260875,service_start,,,1624,53,1,1,1,service_time_sampled=0.119
493.7858964875216,service_end,,,1624,53,1,1,1,duration=0.119
493.7858964875216,service_start,,,1625,52,1,1,1,service_time_sampled=0.165
493.95045465913955,service_end,,,1625,52,1,1,1,duration=0.165
493.95045465913955,service_start,,,1626,51,1,1,1,service_time_sampled=0.043
493.9935551927556,service_end,,,1626,51,1,1,1,duration=0.043
493.9935551927556,service_start,,,1627,50,1,1,1,service_time_sampled=0.078
494.0715330041611,service_end,,,1627,50,1,1,1,duration=0.078
494.0715330041611,service_start,,,1628,49,1,1,1,service_time_sampled=0.010
494.0815330041611,service_end,,,1628,49,1,1,1,duration=0.010
494.0815330041611,service_start,,,1629,48,1,1,1,service_time_sampled=0.038
494.11919666997477,service_end,,,1629,48,1,1,1,duration=0.038
494.11919666997477,service_start,,,1630,47,1,1,1,service_time_sampled=0.423
494.5424589605562,service_end,,,1630,47,1,1,1,duration=0.423
494.5424589605562,service_start,,,1631,46,1,1,1,service_time_sampled=0.215
494.7576592160082,service_end,,,1631,46,1,1,1,duration=0.215
494.7576592160082,service_start,,,1632,45,1,1,1,service_time_sampled=0.446
495.20352397000613,service_end,,,1632,45,1,1,1,duration=0.446
495.20352397000613,service_start,,,1633,44,1,1,1,service_time_sampled=0.154
495.3580145222119,service_end,,,1633,44,1,1,1,duration=0.154
495.3580145222119,service_start,,,1634,43,1,1,1,service_time_sampled=0.058
495.41552239076697,service_end,,,1634,43,1,1,1,duration=0.058
495.41552239076697,service_start,,,1635,42,1,1,1,service_time_sampled=0.309
495.7244159387513,service_end,,,1635,42,1,1,1,duration=0.309
495.7244159387513,service_start,,,1636,41,1,1,1,service_time_sampled=0.048
495.77273158645374,service_end,,,1636,41,1,1,1,duration=0.048
495.77273158645374,service_start,,,1637,40,1,1,1,service_time_sampled=0.124
495.8965700486521,service_end,,,1637,40,1,1,1,duration=0.124
495.8965700486521,service_start,,,1638,39,1,1,1,service_time_sampled=0.053
495.9492313816574,service_end,,,1638,39,1,1,1,duration=0.053
495.9492313816574,service_start,,,1639,38,1,1,1,service_time_sampled=0.141
496.0902623683086,service_end,,,1639,38,1,1,1,duration=0.141
496.0902623683086,service_start,,,1640,37,1,1,1,service_time_sampled=0.084
496.1744368331194,service_end,,,1640,37,1,1,1,duration=0.084
496.1744368331194,service_start,,,1641,36,1,1,1,service_time_sampled=0.144
496.31800379111604,service_end,,,1641,36,1,1,1,duration=0.144
496.31800379111604,service_start,,,1642,35,1,1,1,service_time_sampled=0.364
496.68232833719503,service_end,,,1642,35,1,1,1,duration=0.364
496.68232833719503,service_start,,,1643,34,1,1,1,service_time_sampled=0.082
496.7643432834239,service_end,,,1643,34,1,1,1,duration=0.082
496.7643432834239,service_start,,,1644,33,1,1,1,service_time_sampled=0.016
496.7799586171599,service_end,,,1644,33,1,1,1,duration=0.016
496.7799586171599,service_start,,,1645,32,1,1,1,service_time_sampled=0.142
496.92182712254913,service_end,,,1645,32,1,1,1,duration=0.142
496.92182712254913,service_start,,,1646,31,1,1,1,service_time_sampled=0.055
496.97682508168555,service_end,,,1646,31,1,1,1,duration=0.055
496.97682508168555,service_start,,,1647,30,1,1,1,service_time_sampled=0.035
497.0119206543656,service_end,,,1647,30,1,1,1,duration=0.035
497.0119206543656,service_start,,,1648,29,1,1,1,service_time_sampled=0.027
497.03937416024905,service_end,,,1648,29,1,1,1,duration=0.027
497.03937416024905,service_start,,,1649,28,1,1,1,service_time_sampled=0.093
497.1328381477041,service_end,,,1649,28,1,1,1,duration=0.093
497.1328381477041,service_start,,,1650,27,1,1,1,service_time_sampled=0.190
497.3233014558555,service_end,,,1650,27,1,1,1,duration=0.190
497.3233014558555,service_start,,,1651,26,1,1,1,service_time_sampled=0.010
497.3333014558555,service_end,,,1651,26,1,1,1,duration=0.010
497.3333014558555,service_start,,,1652,25,1,1,1,service_time_sampled=0.038
497.3717854702446,service_end,,,1652,25,1,1,1,duration=0.038
497.3717854702446,service_start,,,1653,24,1,1,1,service_time_sampled=0.121
497.4925909977478,service_end,,,1653,24,1,1,1,duration=0.121
497.4925909977478,service_start,,,1654,23,1,1,1,service_time_sampled=0.352
497.844397126201,service_end,,,1654,23,1,1,1,duration=0.352
497.844397126201,service_start,,,1655,22,1,1,1,service_time_sampled=0.244
498.0884592584406,service_end,,,1655,22,1,1,1,duration=0.244
498.0884592584406,service_start,,,1656,21,1,1,1,service_time_sampled=0.050
498.13852656285945,service_end,,,1656,21,1,1,1,duration=0.050
498.13852656285945,service_start,,,1657,20,1,1,1,service_time_sampled=0.516
498.65408050903665,service_end,,,1657,20,1,1,1,duration=0.516
498.65408050903665,service_start,,,1658,19,1,1,1,service_time_sampled=0.017
498.6714583765335,service_end,,,1658,19,1,1,1,duration=0.017
498.6714583765335,service_start,,,1659,18,1,1,1,service_time_sampled=0.117
498.78890485392446,service_end,,,1659,18,1,1,1,duration=0.117
498.78890485392446,service_start,,,1660,17,1,1,1,service_time_sampled=0.072
498.860547830987,service_end,,,1660,17,1,1,1,duration=0.072
498.860547830987,service_start,,,1661,16,1,1,1,service_time_sampled=0.029
498.88920511700474,service_end,,,1661,16,1,1,1,duration=0.029
498.88920511700474,service_start,,,1662,15,1,1,1,service_time_sampled=0.184
499.0,plane_arrive,45,1,,15,1,1,1,air_q=1
499.0,landing_start,45,1,,15,1,1,1,landing_time=3
499.07310940502134,service_end,,,1662,15,1,1,1,duration=0.184
499.07310940502134,service_start,,,1663,14,1,1,1,service_time_sampled=0.082
499.1548158702909,service_end,,,1663,14,1,1,1,duration=0.082
499.1548158702909,service_start,,,1664,13,1,1,1,service_time_sampled=0.013
499.167520479756,service_end,,,1664,13,1,1,1,duration=0.013
499.167520479756,service_start,,,1665,12,1,1,1,service_time_sampled=0.222
499.38949079575553,service_end,,,1665,12,1,1,1,duration=0.222
499.38949079575553,service_start,,,1666,11,1,1,1,service_time_sampled=0.061
499.4509468291648,service_end,,,1666,11,1,1,1,duration=0.061
499.4509468291648,service_start,,,1667,10,1,1,1,service_time_sampled=0.078
499.52935559627156,service_end,,,1667,10,1,1,1,duration=0.078
499.52935559627156,service_start,,,1668,9,1,1,1,service_time_sampled=0.039
499.56831928996746,service_end,,,1668,9,1,1,1,duration=0.039
499.56831928996746,service_start,,,1669,8,1,1,1,service_time_sampled=0.198
499.7663732838652,service_end,,,1669,8,1,1,1,duration=0.198
499.7663732838652,service_start,,,1670,7,1,1,1,service_time_sampled=0.276
500.0,sim_end,,,,7,1,1,1,"planes=45, pax_spawned=1677, served=1669, avg_service=0.163, avg_queue=15.043, max_queue=105, availability=0.8304, gate_down=84.811, scanner_fail=7, door_fail=5"
