time,event,plane_id,plane_cat,passenger_id,queue_len,scanner,door,gate,info
0.0,sim_start,,,,,,,,"cwd=C:\Users\karon\Documents\Code\Symulacja-dyskretna-krokowa, utils=C:\Users\karon\Documents\Code\Symulacja-dyskretna-krokowa\utils.py"
5.0,plane_arrive,1,1,,0,1,1,1,air_q=1
5.0,landing_start,1,1,,0,1,1,1,landing_time=3
8.0,landing_end,1,1,,0,1,1,1,pad_q=1
14.0,plane_arrive,2,3,,0,1,1,1,air_q=1
15.0,unload_end,1,1,,0,1,1,1,
15.0,passengers_spawned,1,1,,0,1,1,1,count=27
15.0,passenger_queue_arrival,,,1,1,1,1,1,
15.0,passenger_queue_arrival,,,2,2,1,1,1,
15.0,passenger_queue_arrival,,,3,3,1,1,1,
15.0,passenger_queue_arrival,,,4,4,1,1,1,
15.0,passenger_queue_arrival,,,5,5,1,1,1,
15.0,passenger_queue_arrival,,,6,6,1,1,1,
15.0,passenger_queue_arrival,,,7,7,1,1,1,
15.0,passenger_queue_arrival,,,8,8,1,1,1,
15.0,passenger_queue_arrival,,,9,9,1,1,1,
15.0,passenger_queue_arrival,,,10,10,1,1,1,
15.0,passenger_queue_arrival,,,11,11,1,1,1,
15.0,passenger_queue_arrival,,,12,12,1,1,1,
15.0,passenger_queue_arrival,,,13,13,1,1,1,
15.0,passenger_queue_arrival,,,14,14,1,1,1,
15.0,passenger_queue_arrival,,,15,15,1,1,1,
15.0,passenger_queue_arrival,,,16,16,1,1,1,
15.0,passenger_queue_arrival,,,17,17,1,1,1,
15.0,passenger_queue_arrival,,,18,18,1,1,1,
15.0,passenger_queue_arrival,,,19,19,1,1,1,
15.0,passenger_queue_arrival,,,20,20,1,1,1,
15.0,passenger_queue_arrival,,,21,21,1,1,1,
15.0,passenger_queue_arrival,,,22,22,1,1,1,
15.0,passenger_queue_arrival,,,23,23,1,1,1,
15.0,passenger_queue_arrival,,,24,24,1,1,1,
15.0,passenger_queue_arrival,,,25,25,1,1,1,
15.0,passenger_queue_arrival,,,26,26,1,1,1,
15.0,passenger_queue_arrival,,,27,27,1,1,1,
15.0,landing_start,2,3,,27,1,1,1,landing_time=2
15.0,service_start,,,1,26,1,1,1,service_time_sampled=0.052
15.051585826593268,service_end,,,1,26,1,1,1,duration=0.052
15.051585826593268,service_start,,,2,25,1,1,1,service_time_sampled=0.013
15.064712300213097,service_end,,,2,25,1,1,1,duration=0.013
15.064712300213097,service_start,,,3,24,1,1,1,service_time_sampled=0.371
15.435832965780945,service_end,,,3,24,1,1,1,duration=0.371
15.435832965780945,service_start,,,4,23,1,1,1,service_time_sampled=0.083
15.519046618629073,service_end,,,4,23,1,1,1,duration=0.083
15.519046618629073,service_start,,,5,22,1,1,1,service_time_sampled=0.042
15.560613651974231,service_end,,,5,22,1,1,1,duration=0.042
15.560613651974231,service_start,,,6,21,1,1,1,service_time_sampled=0.128
15.689112509415837,service_end,,,6,21,1,1,1,duration=0.128
15.689112509415837,service_start,,,7,20,1,1,1,service_time_sampled=0.010
15.699112509415837,service_end,,,7,20,1,1,1,duration=0.010
15.699112509415837,service_start,,,8,19,1,1,1,service_time_sampled=0.164
15.862893900065217,service_end,,,8,19,1,1,1,duration=0.164
15.862893900065217,service_start,,,9,18,1,1,1,service_time_sampled=0.044
15.906599004169605,service_end,,,9,18,1,1,1,duration=0.044
15.906599004169605,service_start,,,10,17,1,1,1,service_time_sampled=0.081
15.987300526943876,service_end,,,10,17,1,1,1,duration=0.081
15.987300526943876,service_start,,,11,16,1,1,1,service_time_sampled=0.097
16.0,plane_arrive,3,2,,16,1,1,1,air_q=1
16.084476954497806,service_end,,,11,16,1,1,1,duration=0.097
16.084476954497806,service_start,,,12,15,1,1,1,service_time_sampled=0.010
16.094476954497807,service_end,,,12,15,1,1,1,duration=0.010
16.094476954497807,service_start,,,13,14,1,1,1,service_time_sampled=0.092
16.186913752958187,service_end,,,13,14,1,1,1,duration=0.092
16.186913752958187,service_start,,,14,13,1,1,1,service_time_sampled=0.043
16.23000457509618,service_end,,,14,13,1,1,1,duration=0.043
16.23000457509618,service_start,,,15,12,1,1,1,service_time_sampled=0.150
16.379540000203505,service_end,,,15,12,1,1,1,duration=0.150
16.379540000203505,service_start,,,16,11,1,1,1,service_time_sampled=0.099
16.478763873265986,service_end,,,16,11,1,1,1,duration=0.099
16.478763873265986,service_start,,,17,10,1,1,1,service_time_sampled=0.129
16.607668997327025,service_end,,,17,10,1,1,1,duration=0.129
16.607668997327025,service_start,,,18,9,1,1,1,service_time_sampled=0.025
16.632812464595936,service_end,,,18,9,1,1,1,duration=0.025
16.632812464595936,service_start,,,19,8,1,1,1,service_time_sampled=0.031
16.66335979257985,service_end,,,19,8,1,1,1,duration=0.031
16.66335979257985,service_start,,,20,7,1,1,1,service_time_sampled=0.110
16.773014331947763,service_end,,,20,7,1,1,1,duration=0.110
16.773014331947763,service_start,,,21,6,1,1,1,service_time_sampled=0.043
16.815641640137944,service_end,,,21,6,1,1,1,duration=0.043
16.815641640137944,service_start,,,22,5,1,1,1,service_time_sampled=0.052
16.867382789039176,service_end,,,22,5,1,1,1,duration=0.052
16.867382789039176,service_start,,,23,4,1,1,1,service_time_sampled=0.010
16.877382789039178,service_end,,,23,4,1,1,1,duration=0.010
16.877382789039178,service_start,,,24,3,1,1,1,service_time_sampled=0.010
16.88738278903918,service_end,,,24,3,1,1,1,duration=0.010
16.88738278903918,service_start,,,25,2,1,1,1,service_time_sampled=0.024
16.911209544634044,service_end,,,25,2,1,1,1,duration=0.024
16.911209544634044,service_start,,,26,1,1,1,1,service_time_sampled=0.050
16.961552897731917,service_end,,,26,1,1,1,1,duration=0.050
16.961552897731917,service_start,,,27,0,1,1,1,service_time_sampled=0.060
17.0,landing_end,2,3,,0,1,1,1,pad_q=1
17.021639297307765,service_end,,,27,0,1,1,1,duration=0.060
18.0,plane_arrive,4,2,,0,1,1,1,air_q=2
21.877355043297616,failure,,,,,1,0,0,element=door
24.0,unload_end,2,3,,0,1,0,0,
24.0,passengers_spawned,2,3,,0,1,0,0,count=54
24.0,passenger_queue_arrival,,,28,1,1,0,0,
24.0,passenger_queue_arrival,,,29,2,1,0,0,
24.0,passenger_queue_arrival,,,30,3,1,0,0,
24.0,passenger_queue_arrival,,,31,4,1,0,0,
24.0,passenger_queue_arrival,,,32,5,1,0,0,
24.0,passenger_queue_arrival,,,33,6,1,0,0,
24.0,passenger_queue_arrival,,,34,7,1,0,0,
24.0,passenger_queue_arrival,,,35,8,1,0,0,
24.0,passenger_queue_arrival,,,36,9,1,0,0,
24.0,passenger_queue_arrival,,,37,10,1,0,0,
24.0,passenger_queue_arrival,,,38,11,1,0,0,
24.0,passenger_queue_arrival,,,39,12,1,0,0,
24.0,passenger_queue_arrival,,,40,13,1,0,0,
24.0,passenger_queue_arrival,,,41,14,1,0,0,
24.0,passenger_queue_arrival,,,42,15,1,0,0,
24.0,passenger_queue_arrival,,,43,16,1,0,0,
24.0,passenger_queue_arrival,,,44,17,1,0,0,
24.0,passenger_queue_arrival,,,45,18,1,0,0,
24.0,passenger_queue_arrival,,,46,19,1,0,0,
24.0,passenger_queue_arrival,,,47,20,1,0,0,
24.0,passenger_queue_arrival,,,48,21,1,0,0,
24.0,passenger_queue_arrival,,,49,22,1,0,0,
24.0,passenger_queue_arrival,,,50,23,1,0,0,
24.0,passenger_queue_arrival,,,51,24,1,0,0,
24.0,passenger_queue_arrival,,,52,25,1,0,0,
24.0,passenger_queue_arrival,,,53,26,1,0,0,
24.0,passenger_queue_arrival,,,54,27,1,0,0,
24.0,passenger_queue_arrival,,,55,28,1,0,0,
24.0,passenger_queue_arrival,,,56,29,1,0,0,
24.0,passenger_queue_arrival,,,57,30,1,0,0,
24.0,passenger_queue_arrival,,,58,31,1,0,0,
24.0,passenger_queue_arrival,,,59,32,1,0,0,
24.0,passenger_queue_arrival,,,60,33,1,0,0,
24.0,passenger_queue_arrival,,,61,34,1,0,0,
24.0,passenger_queue_arrival,,,62,35,1,0,0,
24.0,passenger_queue_arrival,,,63,36,1,0,0,
24.0,passenger_queue_arrival,,,64,37,1,0,0,
24.0,passenger_queue_arrival,,,65,38,1,0,0,
24.0,passenger_queue_arrival,,,66,39,1,0,0,
24.0,passenger_queue_arrival,,,67,40,1,0,0,
24.0,passenger_queue_arrival,,,68,41,1,0,0,
24.0,passenger_queue_arrival,,,69,42,1,0,0,
24.0,passenger_queue_arrival,,,70,43,1,0,0,
24.0,passenger_queue_arrival,,,71,44,1,0,0,
24.0,passenger_queue_arrival,,,72,45,1,0,0,
24.0,passenger_queue_arrival,,,73,46,1,0,0,
24.0,passenger_queue_arrival,,,74,47,1,0,0,
24.0,passenger_queue_arrival,,,75,48,1,0,0,
24.0,passenger_queue_arrival,,,76,49,1,0,0,
24.0,passenger_queue_arrival,,,77,50,1,0,0,
24.0,passenger_queue_arrival,,,78,51,1,0,0,
24.0,passenger_queue_arrival,,,79,52,1,0,0,
24.0,passenger_queue_arrival,,,80,53,1,0,0,
24.0,passenger_queue_arrival,,,81,54,1,0,0,
24.0,landing_start,3,2,,54,1,0,0,landing_time=2
24.0,service_start,,,28,53,1,0,0,service_time_sampled=0.199
25.0,plane_arrive,5,2,,53,1,0,0,air_q=2
26.0,landing_end,3,2,,53,1,0,0,pad_q=1
28.0,plane_arrive,6,3,,53,1,0,0,air_q=3
28.372164185575095,failure,,,,,0,0,0,element=scanner
31.0,plane_arrive,7,3,,53,0,0,0,air_q=4
32.30556460939479,repair,,,,,0,1,0,"element=door, repair_time=10.428"
33.0,unload_end,3,2,,53,0,1,0,
33.0,passengers_spawned,3,2,,53,0,1,0,count=33
33.0,passenger_queue_arrival,,,82,54,0,1,0,
33.0,passenger_queue_arrival,,,83,55,0,1,0,
33.0,passenger_queue_arrival,,,84,56,0,1,0,
33.0,passenger_queue_arrival,,,85,57,0,1,0,
33.0,passenger_queue_arrival,,,86,58,0,1,0,
33.0,passenger_queue_arrival,,,87,59,0,1,0,
33.0,passenger_queue_arrival,,,88,60,0,1,0,
33.0,passenger_queue_arrival,,,89,61,0,1,0,
33.0,passenger_queue_arrival,,,90,62,0,1,0,
33.0,passenger_queue_arrival,,,91,63,0,1,0,
33.0,passenger_queue_arrival,,,92,64,0,1,0,
33.0,passenger_queue_arrival,,,93,65,0,1,0,
33.0,passenger_queue_arrival,,,94,66,0,1,0,
33.0,passenger_queue_arrival,,,95,67,0,1,0,
33.0,passenger_queue_arrival,,,96,68,0,1,0,
33.0,passenger_queue_arrival,,,97,69,0,1,0,
33.0,passenger_queue_arrival,,,98,70,0,1,0,
33.0,passenger_queue_arrival,,,99,71,0,1,0,
33.0,passenger_queue_arrival,,,100,72,0,1,0,
33.0,passenger_queue_arrival,,,101,73,0,1,0,
33.0,passenger_queue_arrival,,,102,74,0,1,0,
33.0,passenger_queue_arrival,,,103,75,0,1,0,
33.0,passenger_queue_arrival,,,104,76,0,1,0,
33.0,passenger_queue_arrival,,,105,77,0,1,0,
33.0,passenger_queue_arrival,,,106,78,0,1,0,
33.0,passenger_queue_arrival,,,107,79,0,1,0,
33.0,passenger_queue_arrival,,,108,80,0,1,0,
33.0,passenger_queue_arrival,,,109,81,0,1,0,
33.0,passenger_queue_arrival,,,110,82,0,1,0,
33.0,passenger_queue_arrival,,,111,83,0,1,0,
33.0,passenger_queue_arrival,,,112,84,0,1,0,
33.0,passenger_queue_arrival,,,113,85,0,1,0,
33.0,passenger_queue_arrival,,,114,86,0,1,0,
33.0,landing_start,4,2,,86,0,1,0,landing_time=4
35.17283610891628,repair,,,,,1,1,1,"element=scanner, repair_time=6.801"
35.47086236287346,service_end,,,28,86,1,1,1,duration=11.471
35.47086236287346,service_start,,,29,85,1,1,1,service_time_sampled=0.010
35.48086236287346,service_end,,,29,85,1,1,1,duration=0.010
35.48086236287346,service_start,,,30,84,1,1,1,service_time_sampled=0.044
35.52514061975463,service_end,,,30,84,1,1,1,duration=0.044
35.52514061975463,service_start,,,31,83,1,1,1,service_time_sampled=0.013
35.53772853581152,service_end,,,31,83,1,1,1,duration=0.013
35.53772853581152,service_start,,,32,82,1,1,1,service_time_sampled=0.135
35.67252879296334,service_end,,,32,82,1,1,1,duration=0.135
35.67252879296334,service_start,,,33,81,1,1,1,service_time_sampled=0.015
35.687907894639565,service_end,,,33,81,1,1,1,duration=0.015
35.687907894639565,service_start,,,34,80,1,1,1,service_time_sampled=0.106
35.794045049591176,service_end,,,34,80,1,1,1,duration=0.106
35.794045049591176,service_start,,,35,79,1,1,1,service_time_sampled=0.152
35.94618389723815,service_end,,,35,79,1,1,1,duration=0.152
35.94618389723815,service_start,,,36,78,1,1,1,service_time_sampled=0.016
35.962380882689146,service_end,,,36,78,1,1,1,duration=0.016
35.962380882689146,service_start,,,37,77,1,1,1,service_time_sampled=0.179
36.14180339029865,service_end,,,37,77,1,1,1,duration=0.179
36.14180339029865,service_start,,,38,76,1,1,1,service_time_sampled=0.147
36.288550659662995,service_end,,,38,76,1,1,1,duration=0.147
36.288550659662995,service_start,,,39,75,1,1,1,service_time_sampled=0.169
36.45760059260127,service_end,,,39,75,1,1,1,duration=0.169
36.45760059260127,service_start,,,40,74,1,1,1,service_time_sampled=0.205
36.663006549842414,service_end,,,40,74,1,1,1,duration=0.205
36.663006549842414,service_start,,,41,73,1,1,1,service_time_sampled=0.112
36.775422206956634,service_end,,,41,73,1,1,1,duration=0.112
36.775422206956634,service_start,,,42,72,1,1,1,service_time_sampled=0.066
36.84151495822274,service_end,,,42,72,1,1,1,duration=0.066
36.84151495822274,service_start,,,43,71,1,1,1,service_time_sampled=0.029
36.87045762803308,service_end,,,43,71,1,1,1,duration=0.029
36.87045762803308,service_start,,,44,70,1,1,1,service_time_sampled=0.070
36.94043758368479,service_end,,,44,70,1,1,1,duration=0.070
36.94043758368479,service_start,,,45,69,1,1,1,service_time_sampled=0.104
37.0,landing_end,4,2,,69,1,1,1,pad_q=1
37.04483195815851,service_end,,,45,69,1,1,1,duration=0.104
37.04483195815851,service_start,,,46,68,1,1,1,service_time_sampled=0.135
37.1799781361044,service_end,,,46,68,1,1,1,duration=0.135
37.1799781361044,service_start,,,47,67,1,1,1,service_time_sampled=0.188
37.36794359933253,service_end,,,47,67,1,1,1,duration=0.188
37.36794359933253,service_start,,,48,66,1,1,1,service_time_sampled=0.063
37.431399569586326,service_end,,,48,66,1,1,1,duration=0.063
37.431399569586326,service_start,,,49,65,1,1,1,service_time_sampled=0.010
37.44139956958632,service_end,,,49,65,1,1,1,duration=0.010
37.44139956958632,service_start,,,50,64,1,1,1,service_time_sampled=0.104
37.54516233129338,service_end,,,50,64,1,1,1,duration=0.104
37.54516233129338,service_start,,,51,63,1,1,1,service_time_sampled=0.055
37.600644858337105,service_end,,,51,63,1,1,1,duration=0.055
37.600644858337105,service_start,,,52,62,1,1,1,service_time_sampled=0.047
37.647476827587305,service_end,,,52,62,1,1,1,duration=0.047
37.647476827587305,service_start,,,53,61,1,1,1,service_time_sampled=0.067
37.71458404168873,service_end,,,53,61,1,1,1,duration=0.067
37.71458404168873,service_start,,,54,60,1,1,1,service_time_sampled=0.277
37.99108973095115,service_end,,,54,60,1,1,1,duration=0.277
37.99108973095115,service_start,,,55,59,1,1,1,service_time_sampled=0.225
38.21561969311711,service_end,,,55,59,1,1,1,duration=0.225
38.21561969311711,service_start,,,56,58,1,1,1,service_time_sampled=0.114
38.329905463630986,service_end,,,56,58,1,1,1,duration=0.114
38.329905463630986,service_start,,,57,57,1,1,1,service_time_sampled=0.304
38.63370383131274,service_end,,,57,57,1,1,1,duration=0.304
38.63370383131274,service_start,,,58,56,1,1,1,service_time_sampled=0.020
38.653728754087794,service_end,,,58,56,1,1,1,duration=0.020
38.653728754087794,service_start,,,59,55,1,1,1,service_time_sampled=0.302
38.9557626386546,service_end,,,59,55,1,1,1,duration=0.302
38.9557626386546,service_start,,,60,54,1,1,1,service_time_sampled=0.369
39.32437321322879,service_end,,,60,54,1,1,1,duration=0.369
39.32437321322879,service_start,,,61,53,1,1,1,service_time_sampled=0.022
39.34675055588112,service_end,,,61,53,1,1,1,duration=0.022
39.34675055588112,service_start,,,62,52,1,1,1,service_time_sampled=0.170
39.51673968555562,service_end,,,62,52,1,1,1,duration=0.170
39.51673968555562,service_start,,,63,51,1,1,1,service_time_sampled=0.053
39.56961654883354,service_end,,,63,51,1,1,1,duration=0.053
39.56961654883354,service_start,,,64,50,1,1,1,service_time_sampled=0.085
39.65507559405877,service_end,,,64,50,1,1,1,duration=0.085
39.65507559405877,service_start,,,65,49,1,1,1,service_time_sampled=0.202
39.85725198316345,service_end,,,65,49,1,1,1,duration=0.202
39.85725198316345,service_start,,,66,48,1,1,1,service_time_sampled=0.078
39.93560113371572,service_end,,,66,48,1,1,1,duration=0.078
39.93560113371572,service_start,,,67,47,1,1,1,service_time_sampled=0.019
39.95499987216312,service_end,,,67,47,1,1,1,duration=0.019
39.95499987216312,service_start,,,68,46,1,1,1,service_time_sampled=0.073
40.027802255088886,service_end,,,68,46,1,1,1,duration=0.073
40.027802255088886,service_start,,,69,45,1,1,1,service_time_sampled=0.068
40.0953084720335,service_end,,,69,45,1,1,1,duration=0.068
40.0953084720335,service_start,,,70,44,1,1,1,service_time_sampled=0.010
40.1053084720335,service_end,,,70,44,1,1,1,duration=0.010
40.1053084720335,service_start,,,71,43,1,1,1,service_time_sampled=0.063
40.167966837992815,service_end,,,71,43,1,1,1,duration=0.063
40.167966837992815,service_start,,,72,42,1,1,1,service_time_sampled=0.010
40.17821547956211,service_end,,,72,42,1,1,1,duration=0.010
40.17821547956211,service_start,,,73,41,1,1,1,service_time_sampled=0.010
40.18821547956211,service_end,,,73,41,1,1,1,duration=0.010
40.18821547956211,service_start,,,74,40,1,1,1,service_time_sampled=0.242
40.43023559662337,service_end,,,74,40,1,1,1,duration=0.242
40.43023559662337,service_start,,,75,39,1,1,1,service_time_sampled=0.130
40.559794421954564,service_end,,,75,39,1,1,1,duration=0.130
40.559794421954564,service_start,,,76,38,1,1,1,service_time_sampled=0.065
40.62462794291478,service_end,,,76,38,1,1,1,duration=0.065
40.62462794291478,service_start,,,77,37,1,1,1,service_time_sampled=0.059
40.68326310321044,service_end,,,77,37,1,1,1,duration=0.059
40.68326310321044,service_start,,,78,36,1,1,1,service_time_sampled=0.027
40.7105741466207,service_end,,,78,36,1,1,1,duration=0.027
40.7105741466207,service_start,,,79,35,1,1,1,service_time_sampled=0.010
40.7205741466207,service_end,,,79,35,1,1,1,duration=0.010
40.7205741466207,service_start,,,80,34,1,1,1,service_time_sampled=0.049
40.769239197447746,service_end,,,80,34,1,1,1,duration=0.049
40.769239197447746,service_start,,,81,33,1,1,1,service_time_sampled=0.121
40.89040943806809,service_end,,,81,33,1,1,1,duration=0.121
40.89040943806809,service_start,,,82,32,1,1,1,service_time_sampled=0.865
41.755774880870945,service_end,,,82,32,1,1,1,duration=0.865
41.755774880870945,service_start,,,83,31,1,1,1,service_time_sampled=0.058
41.81409797230794,service_end,,,83,31,1,1,1,duration=0.058
41.81409797230794,service_start,,,84,30,1,1,1,service_time_sampled=0.032
41.84572313994288,service_end,,,84,30,1,1,1,duration=0.032
41.84572313994288,service_start,,,85,29,1,1,1,service_time_sampled=0.050
41.89525300158127,service_end,,,85,29,1,1,1,duration=0.050
41.89525300158127,service_start,,,86,28,1,1,1,service_time_sampled=0.031
41.92644715856318,service_end,,,86,28,1,1,1,duration=0.031
41.92644715856318,service_start,,,87,27,1,1,1,service_time_sampled=0.055
41.981261938905924,service_end,,,87,27,1,1,1,duration=0.055
41.981261938905924,service_start,,,88,26,1,1,1,service_time_sampled=0.032
42.01355801338204,service_end,,,88,26,1,1,1,duration=0.032
42.01355801338204,service_start,,,89,25,1,1,1,service_time_sampled=0.148
42.16159301127936,service_end,,,89,25,1,1,1,duration=0.148
42.16159301127936,service_start,,,90,24,1,1,1,service_time_sampled=0.166
42.3272626361054,service_end,,,90,24,1,1,1,duration=0.166
42.3272626361054,service_start,,,91,23,1,1,1,service_time_sampled=0.278
42.605191746454295,service_end,,,91,23,1,1,1,duration=0.278
42.605191746454295,service_start,,,92,22,1,1,1,service_time_sampled=0.203
42.80771139122928,service_end,,,92,22,1,1,1,duration=0.203
42.80771139122928,service_start,,,93,21,1,1,1,service_time_sampled=0.012
42.82017600371783,service_end,,,93,21,1,1,1,duration=0.012
42.82017600371783,service_start,,,94,20,1,1,1,service_time_sampled=0.075
42.89495313208023,service_end,,,94,20,1,1,1,duration=0.075
42.89495313208023,service_start,,,95,19,1,1,1,service_time_sampled=0.059
42.95398378344151,service_end,,,95,19,1,1,1,duration=0.059
42.95398378344151,service_start,,,96,18,1,1,1,service_time_sampled=0.143
43.09650086554757,service_end,,,96,18,1,1,1,duration=0.143
43.09650086554757,service_start,,,97,17,1,1,1,service_time_sampled=0.106
43.20225821705016,service_end,,,97,17,1,1,1,duration=0.106
43.20225821705016,service_start,,,98,16,1,1,1,service_time_sampled=0.154
43.35627017186214,service_end,,,98,16,1,1,1,duration=0.154
43.35627017186214,service_start,,,99,15,1,1,1,service_time_sampled=0.256
43.61205813659333,service_end,,,99,15,1,1,1,duration=0.256
43.61205813659333,service_start,,,100,14,1,1,1,service_time_sampled=0.073
43.68552273677967,service_end,,,100,14,1,1,1,duration=0.073
43.68552273677967,service_start,,,101,13,1,1,1,service_time_sampled=0.025
43.71038191691048,service_end,,,101,13,1,1,1,duration=0.025
43.71038191691048,service_start,,,102,12,1,1,1,service_time_sampled=0.010
43.720381916910476,service_end,,,102,12,1,1,1,duration=0.010
43.720381916910476,service_start,,,103,11,1,1,1,service_time_sampled=0.081
43.80158600623405,service_end,,,103,11,1,1,1,duration=0.081
43.80158600623405,service_start,,,104,10,1,1,1,service_time_sampled=0.043
43.84413959740386,service_end,,,104,10,1,1,1,duration=0.043
43.84413959740386,service_start,,,105,9,1,1,1,service_time_sampled=0.074
43.91801080301821,service_end,,,105,9,1,1,1,duration=0.074
43.91801080301821,service_start,,,106,8,1,1,1,service_time_sampled=0.044
43.961993461362155,service_end,,,106,8,1,1,1,duration=0.044
43.961993461362155,service_start,,,107,7,1,1,1,service_time_sampled=0.364
44.0,unload_end,4,2,,7,1,1,1,
44.0,passengers_spawned,4,2,,7,1,1,1,count=44
44.0,passenger_queue_arrival,,,115,8,1,1,1,
44.0,passenger_queue_arrival,,,116,9,1,1,1,
44.0,passenger_queue_arrival,,,117,10,1,1,1,
44.0,passenger_queue_arrival,,,118,11,1,1,1,
44.0,passenger_queue_arrival,,,119,12,1,1,1,
44.0,passenger_queue_arrival,,,120,13,1,1,1,
44.0,passenger_queue_arrival,,,121,14,1,1,1,
44.0,passenger_queue_arrival,,,122,15,1,1,1,
44.0,passenger_queue_arrival,,,123,16,1,1,1,
44.0,passenger_queue_arrival,,,124,17,1,1,1,
44.0,passenger_queue_arrival,,,125,18,1,1,1,
44.0,passenger_queue_arrival,,,126,19,1,1,1,
44.0,passenger_queue_arrival,,,127,20,1,1,1,
44.0,passenger_queue_arrival,,,128,21,1,1,1,
44.0,passenger_queue_arrival,,,129,22,1,1,1,
44.0,passenger_queue_arrival,,,130,23,1,1,1,
44.0,passenger_queue_arrival,,,131,24,1,1,1,
44.0,passenger_queue_arrival,,,132,25,1,1,1,
44.0,passenger_queue_arrival,,,133,26,1,1,1,
44.0,passenger_queue_arrival,,,134,27,1,1,1,
44.0,passenger_queue_arrival,,,135,28,1,1,1,
44.0,passenger_queue_arrival,,,136,29,1,1,1,
44.0,passenger_queue_arrival,,,137,30,1,1,1,
44.0,passenger_queue_arrival,,,138,31,1,1,1,
44.0,passenger_queue_arrival,,,139,32,1,1,1,
44.0,passenger_queue_arrival,,,140,33,1,1,1,
44.0,passenger_queue_arrival,,,141,34,1,1,1,
44.0,passenger_queue_arrival,,,142,35,1,1,1,
44.0,passenger_queue_arrival,,,143,36,1,1,1,
44.0,passenger_queue_arrival,,,144,37,1,1,1,
44.0,passenger_queue_arrival,,,145,38,1,1,1,
44.0,passenger_queue_arrival,,,146,39,1,1,1,
44.0,passenger_queue_arrival,,,147,40,1,1,1,
44.0,passenger_queue_arrival,,,148,41,1,1,1,
44.0,passenger_queue_arrival,,,149,42,1,1,1,
44.0,passenger_queue_arrival,,,150,43,1,1,1,
44.0,passenger_queue_arrival,,,151,44,1,1,1,
44.0,passenger_queue_arrival,,,152,45,1,1,1,
44.0,passenger_queue_arrival,,,153,46,1,1,1,
44.0,passenger_queue_arrival,,,154,47,1,1,1,
44.0,passenger_queue_arrival,,,155,48,1,1,1,
44.0,passenger_queue_arrival,,,156,49,1,1,1,
44.0,passenger_queue_arrival,,,157,50,1,1,1,
44.0,passenger_queue_arrival,,,158,51,1,1,1,
44.0,landing_start,5,2,,51,1,1,1,landing_time=4
44.32645415026773,service_end,,,107,51,1,1,1,duration=0.364
44.32645415026773,service_start,,,108,50,1,1,1,service_time_sampled=0.068
44.39424261715405,service_end,,,108,50,1,1,1,duration=0.068
44.39424261715405,service_start,,,109,49,1,1,1,service_time_sampled=0.021
44.41571824161598,service_end,,,109,49,1,1,1,duration=0.021
44.41571824161598,service_start,,,110,48,1,1,1,service_time_sampled=0.053
44.468886060595345,service_end,,,110,48,1,1,1,duration=0.053
44.468886060595345,service_start,,,111,47,1,1,1,service_time_sampled=0.020
44.48887751043305,service_end,,,111,47,1,1,1,duration=0.020
44.48887751043305,service_start,,,112,46,1,1,1,service_time_sampled=0.027
44.51586360294779,service_end,,,112,46,1,1,1,duration=0.027
44.51586360294779,service_start,,,113,45,1,1,1,service_time_sampled=0.099
44.61463292706739,service_end,,,113,45,1,1,1,duration=0.099
44.61463292706739,service_start,,,114,44,1,1,1,service_time_sampled=0.016
44.63072346194032,service_end,,,114,44,1,1,1,duration=0.016
44.63072346194032,service_start,,,115,43,1,1,1,service_time_sampled=0.073
44.703348476712236,service_end,,,115,43,1,1,1,duration=0.073
44.703348476712236,service_start,,,116,42,1,1,1,service_time_sampled=0.210
44.91318975539493,service_end,,,116,42,1,1,1,duration=0.210
44.91318975539493,service_start,,,117,41,1,1,1,service_time_sampled=0.073
44.9861922330946,service_end,,,117,41,1,1,1,duration=0.073
44.9861922330946,service_start,,,118,40,1,1,1,service_time_sampled=0.271
45.25701594523008,service_end,,,118,40,1,1,1,duration=0.271
45.25701594523008,service_start,,,119,39,1,1,1,service_time_sampled=0.044
45.301466067665,service_end,,,119,39,1,1,1,duration=0.044
45.301466067665,service_start,,,120,38,1,1,1,service_time_sampled=0.014
45.31498844305139,service_end,,,120,38,1,1,1,duration=0.014
45.31498844305139,service_start,,,121,37,1,1,1,service_time_sampled=0.205
45.51977864589622,service_end,,,121,37,1,1,1,duration=0.205
45.51977864589622,service_start,,,122,36,1,1,1,service_time_sampled=0.036
45.55596906726213,service_end,,,122,36,1,1,1,duration=0.036
45.55596906726213,service_start,,,123,35,1,1,1,service_time_sampled=0.282
45.838324504721115,service_end,,,123,35,1,1,1,duration=0.282
45.838324504721115,service_start,,,124,34,1,1,1,service_time_sampled=0.023
45.86115990765695,service_end,,,124,34,1,1,1,duration=0.023
45.86115990765695,service_start,,,125,33,1,1,1,service_time_sampled=0.189
46.05001918991043,service_end,,,125,33,1,1,1,duration=0.189
46.05001918991043,service_start,,,126,32,1,1,1,service_time_sampled=0.014
46.0640531263919,service_end,,,126,32,1,1,1,duration=0.014
46.0640531263919,service_start,,,127,31,1,1,1,service_time_sampled=0.035
46.09857932858031,service_end,,,127,31,1,1,1,duration=0.035
46.09857932858031,service_start,,,128,30,1,1,1,service_time_sampled=0.031
46.12950543262094,service_end,,,128,30,1,1,1,duration=0.031
46.12950543262094,service_start,,,129,29,1,1,1,service_time_sampled=0.014
46.14304062859129,service_end,,,129,29,1,1,1,duration=0.014
46.14304062859129,service_start,,,130,28,1,1,1,service_time_sampled=0.362
46.50517773216414,service_end,,,130,28,1,1,1,duration=0.362
46.50517773216414,service_start,,,131,27,1,1,1,service_time_sampled=0.161
46.666233892017445,service_end,,,131,27,1,1,1,duration=0.161
46.666233892017445,service_start,,,132,26,1,1,1,service_time_sampled=0.085
46.75127250346897,service_end,,,132,26,1,1,1,duration=0.085
46.75127250346897,service_start,,,133,25,1,1,1,service_time_sampled=0.302
47.05291168527752,service_end,,,133,25,1,1,1,duration=0.302
47.05291168527752,service_start,,,134,24,1,1,1,service_time_sampled=0.128
47.18061658130044,service_end,,,134,24,1,1,1,duration=0.128
47.18061658130044,service_start,,,135,23,1,1,1,service_time_sampled=0.139
47.32001046745482,service_end,,,135,23,1,1,1,duration=0.139
47.32001046745482,service_start,,,136,22,1,1,1,service_time_sampled=0.097
47.4169810492942,service_end,,,136,22,1,1,1,duration=0.097
47.4169810492942,service_start,,,137,21,1,1,1,service_time_sampled=0.136
47.553184520707205,service_end,,,137,21,1,1,1,duration=0.136
47.553184520707205,service_start,,,138,20,1,1,1,service_time_sampled=0.192
47.745478538357006,service_end,,,138,20,1,1,1,duration=0.192
47.745478538357006,service_start,,,139,19,1,1,1,service_time_sampled=0.243
47.98890746195072,service_end,,,139,19,1,1,1,duration=0.243
47.98890746195072,service_start,,,140,18,1,1,1,service_time_sampled=0.023
48.0,landing_end,5,2,,18,1,1,1,pad_q=1
48.011720016052074,service_end,,,140,18,1,1,1,duration=0.023
48.011720016052074,service_start,,,141,17,1,1,1,service_time_sampled=0.032
48.04400541596008,service_end,,,141,17,1,1,1,duration=0.032
48.04400541596008,service_start,,,142,16,1,1,1,service_time_sampled=0.367
48.41089738446347,service_end,,,142,16,1,1,1,duration=0.367
48.41089738446347,service_start,,,143,15,1,1,1,service_time_sampled=0.047
48.457760145719924,service_end,,,143,15,1,1,1,duration=0.047
48.457760145719924,service_start,,,144,14,1,1,1,service_time_sampled=0.041
48.49840853026003,service_end,,,144,14,1,1,1,duration=0.041
48.49840853026003,service_start,,,145,13,1,1,1,service_time_sampled=0.010
48.50840853026003,service_end,,,145,13,1,1,1,duration=0.010
48.50840853026003,service_start,,,146,12,1,1,1,service_time_sampled=0.283
48.791031039312216,service_end,,,146,12,1,1,1,duration=0.283
48.791031039312216,service_start,,,147,11,1,1,1,service_time_sampled=0.065
48.85627038246859,service_end,,,147,11,1,1,1,duration=0.065
48.85627038246859,service_start,,,148,10,1,1,1,service_time_sampled=0.184
49.04022593561373,service_end,,,148,10,1,1,1,duration=0.184
49.04022593561373,service_start,,,149,9,1,1,1,service_time_sampled=0.052
49.09271881039124,service_end,,,149,9,1,1,1,duration=0.052
49.09271881039124,service_start,,,150,8,1,1,1,service_time_sampled=0.086
49.17832257705718,service_end,,,150,8,1,1,1,duration=0.086
49.17832257705718,service_start,,,151,7,1,1,1,service_time_sampled=0.169
49.3469999479688,service_end,,,151,7,1,1,1,duration=0.169
49.3469999479688,service_start,,,152,6,1,1,1,service_time_sampled=0.269
49.615946903773484,service_end,,,152,6,1,1,1,duration=0.269
49.615946903773484,service_start,,,153,5,1,1,1,service_time_sampled=0.252
49.86825203523538,service_end,,,153,5,1,1,1,duration=0.252
49.86825203523538,service_start,,,154,4,1,1,1,service_time_sampled=0.189
50.05748332605015,service_end,,,154,4,1,1,1,duration=0.189
50.05748332605015,service_start,,,155,3,1,1,1,service_time_sampled=0.131
50.18895958621704,service_end,,,155,3,1,1,1,duration=0.131
50.18895958621704,service_start,,,156,2,1,1,1,service_time_sampled=0.061
50.250403319231886,service_end,,,156,2,1,1,1,duration=0.061
50.250403319231886,service_start,,,157,1,1,1,1,service_time_sampled=0.035
50.28511649623757,service_end,,,157,1,1,1,1,duration=0.035
50.28511649623757,service_start,,,158,0,1,1,1,service_time_sampled=0.103
50.3877939078803,service_end,,,158,0,1,1,1,duration=0.103
55.0,unload_end,5,2,,0,1,1,1,
55.0,passengers_spawned,5,2,,0,1,1,1,count=42
55.0,passenger_queue_arrival,,,159,1,1,1,1,
55.0,passenger_queue_arrival,,,160,2,1,1,1,
55.0,passenger_queue_arrival,,,161,3,1,1,1,
55.0,passenger_queue_arrival,,,162,4,1,1,1,
55.0,passenger_queue_arrival,,,163,5,1,1,1,
55.0,passenger_queue_arrival,,,164,6,1,1,1,
55.0,passenger_queue_arrival,,,165,7,1,1,1,
55.0,passenger_queue_arrival,,,166,8,1,1,1,
55.0,passenger_queue_arrival,,,167,9,1,1,1,
55.0,passenger_queue_arrival,,,168,10,1,1,1,
55.0,passenger_queue_arrival,,,169,11,1,1,1,
55.0,passenger_queue_arrival,,,170,12,1,1,1,
55.0,passenger_queue_arrival,,,171,13,1,1,1,
55.0,passenger_queue_arrival,,,172,14,1,1,1,
55.0,passenger_queue_arrival,,,173,15,1,1,1,
55.0,passenger_queue_arrival,,,174,16,1,1,1,
55.0,passenger_queue_arrival,,,175,17,1,1,1,
55.0,passenger_queue_arrival,,,176,18,1,1,1,
55.0,passenger_queue_arrival,,,177,19,1,1,1,
55.0,passenger_queue_arrival,,,178,20,1,1,1,
55.0,passenger_queue_arrival,,,179,21,1,1,1,
55.0,passenger_queue_arrival,,,180,22,1,1,1,
55.0,passenger_queue_arrival,,,181,23,1,1,1,
55.0,passenger_queue_arrival,,,182,24,1,1,1,
55.0,passenger_queue_arrival,,,183,25,1,1,1,
55.0,passenger_queue_arrival,,,184,26,1,1,1,
55.0,passenger_queue_arrival,,,185,27,1,1,1,
55.0,passenger_queue_arrival,,,186,28,1,1,1,
55.0,passenger_queue_arrival,,,187,29,1,1,1,
55.0,passenger_queue_arrival,,,188,30,1,1,1,
55.0,passenger_queue_arrival,,,189,31,1,1,1,
55.0,passenger_queue_arrival,,,190,32,1,1,1,
55.0,passenger_queue_arrival,,,191,33,1,1,1,
55.0,passenger_queue_arrival,,,192,34,1,1,1,
55.0,passenger_queue_arrival,,,193,35,1,1,1,
55.0,passenger_queue_arrival,,,194,36,1,1,1,
55.0,passenger_queue_arrival,,,195,37,1,1,1,
55.0,passenger_queue_arrival,,,196,38,1,1,1,
55.0,passenger_queue_arrival,,,197,39,1,1,1,
55.0,passenger_queue_arrival,,,198,40,1,1,1,
55.0,passenger_queue_arrival,,,199,41,1,1,1,
55.0,passenger_queue_arrival,,,200,42,1,1,1,
55.0,landing_start,6,3,,42,1,1,1,landing_time=4
55.0,service_start,,,159,41,1,1,1,service_time_sampled=0.825
55.82525937037344,service_end,,,159,41,1,1,1,duration=0.825
55.82525937037344,service_start,,,160,40,1,1,1,service_time_sampled=0.010
55.835259370373436,service_end,,,160,40,1,1,1,duration=0.010
55.835259370373436,service_start,,,161,39,1,1,1,service_time_sampled=0.091
55.925939044082085,service_end,,,161,39,1,1,1,duration=0.091
55.925939044082085,service_start,,,162,38,1,1,1,service_time_sampled=0.042
55.96831256951811,service_end,,,162,38,1,1,1,duration=0.042
55.96831256951811,service_start,,,163,37,1,1,1,service_time_sampled=0.025
55.993540239029194,service_end,,,163,37,1,1,1,duration=0.025
55.993540239029194,service_start,,,164,36,1,1,1,service_time_sampled=0.034
56.027624123209264,service_end,,,164,36,1,1,1,duration=0.034
56.027624123209264,service_start,,,165,35,1,1,1,service_time_sampled=0.370
56.39737370862743,service_end,,,165,35,1,1,1,duration=0.370
56.39737370862743,service_start,,,166,34,1,1,1,service_time_sampled=0.145
56.5427325372153,service_end,,,166,34,1,1,1,duration=0.145
56.5427325372153,service_start,,,167,33,1,1,1,service_time_sampled=0.152
56.6943782734725,service_end,,,167,33,1,1,1,duration=0.152
56.6943782734725,service_start,,,168,32,1,1,1,service_time_sampled=0.010
56.7043782734725,service_end,,,168,32,1,1,1,duration=0.010
56.7043782734725,service_start,,,169,31,1,1,1,service_time_sampled=0.196
56.90000146717028,service_end,,,169,31,1,1,1,duration=0.196
56.90000146717028,service_start,,,170,30,1,1,1,service_time_sampled=0.010
56.910001467170275,service_end,,,170,30,1,1,1,duration=0.010
56.910001467170275,service_start,,,171,29,1,1,1,service_time_sampled=0.129
57.03899692033799,service_end,,,171,29,1,1,1,duration=0.129
57.03899692033799,service_start,,,172,28,1,1,1,service_time_sampled=0.029
57.06814283418888,service_end,,,172,28,1,1,1,duration=0.029
57.06814283418888,service_start,,,173,27,1,1,1,service_time_sampled=0.307
57.37487604792283,service_end,,,173,27,1,1,1,duration=0.307
57.37487604792283,service_start,,,174,26,1,1,1,service_time_sampled=0.079
57.453396799601435,service_end,,,174,26,1,1,1,duration=0.079
57.453396799601435,service_start,,,175,25,1,1,1,service_time_sampled=0.076
57.52949462098114,service_end,,,175,25,1,1,1,duration=0.076
57.52949462098114,service_start,,,176,24,1,1,1,service_time_sampled=0.160
57.68943936222014,service_end,,,176,24,1,1,1,duration=0.160
57.68943936222014,service_start,,,177,23,1,1,1,service_time_sampled=0.022
57.71118983208556,service_end,,,177,23,1,1,1,duration=0.022
57.71118983208556,service_start,,,178,22,1,1,1,service_time_sampled=0.020
57.731492564103014,service_end,,,178,22,1,1,1,duration=0.020
57.731492564103014,service_start,,,179,21,1,1,1,service_time_sampled=0.079
57.81029555624685,service_end,,,179,21,1,1,1,duration=0.079
57.81029555624685,service_start,,,180,20,1,1,1,service_time_sampled=0.078
57.887842280067225,service_end,,,180,20,1,1,1,duration=0.078
57.887842280067225,service_start,,,181,19,1,1,1,service_time_sampled=0.057
57.945267006092116,service_end,,,181,19,1,1,1,duration=0.057
57.945267006092116,service_start,,,182,18,1,1,1,service_time_sampled=0.024
57.96936707184928,service_end,,,182,18,1,1,1,duration=0.024
57.96936707184928,service_start,,,183,17,1,1,1,service_time_sampled=0.143
58.11242541513567,service_end,,,183,17,1,1,1,duration=0.143
58.11242541513567,service_start,,,184,16,1,1,1,service_time_sampled=0.555
58.66760948383749,service_end,,,184,16,1,1,1,duration=0.555
58.66760948383749,service_start,,,185,15,1,1,1,service_time_sampled=0.345
59.0,landing_end,6,3,,15,1,1,1,pad_q=1
59.01263494390314,service_end,,,185,15,1,1,1,duration=0.345
59.01263494390314,service_start,,,186,14,1,1,1,service_time_sampled=0.010
59.022634943903135,service_end,,,186,14,1,1,1,duration=0.010
59.022634943903135,service_start,,,187,13,1,1,1,service_time_sampled=0.064
59.086440362997905,service_end,,,187,13,1,1,1,duration=0.064
59.086440362997905,service_start,,,188,12,1,1,1,service_time_sampled=0.114
59.2006106437867,service_end,,,188,12,1,1,1,duration=0.114
59.2006106437867,service_start,,,189,11,1,1,1,service_time_sampled=0.560
59.76100885807551,service_end,,,189,11,1,1,1,duration=0.560
59.76100885807551,service_start,,,190,10,1,1,1,service_time_sampled=0.095
59.8560848068331,service_end,,,190,10,1,1,1,duration=0.095
59.8560848068331,service_start,,,191,9,1,1,1,service_time_sampled=0.130
59.98592078527338,service_end,,,191,9,1,1,1,duration=0.130
59.98592078527338,service_start,,,192,8,1,1,1,service_time_sampled=0.088
60.07363015592758,service_end,,,192,8,1,1,1,duration=0.088
60.07363015592758,service_start,,,193,7,1,1,1,service_time_sampled=0.259
60.3327966761123,service_end,,,193,7,1,1,1,duration=0.259
60.3327966761123,service_start,,,194,6,1,1,1,service_time_sampled=0.110
60.44237001502213,service_end,,,194,6,1,1,1,duration=0.110
60.44237001502213,service_start,,,195,5,1,1,1,service_time_sampled=0.174
60.616471175702635,service_end,,,195,5,1,1,1,duration=0.174
60.616471175702635,service_start,,,196,4,1,1,1,service_time_sampled=0.020
60.636792198384505,service_end,,,196,4,1,1,1,duration=0.020
60.636792198384505,service_start,,,197,3,1,1,1,service_time_sampled=0.723
61.35934919144038,service_end,,,197,3,1,1,1,duration=0.723
61.35934919144038,service_start,,,198,2,1,1,1,service_time_sampled=0.099
61.4584234191519,service_end,,,198,2,1,1,1,duration=0.099
61.4584234191519,service_start,,,199,1,1,1,1,service_time_sampled=0.041
61.4994114561398,service_end,,,199,1,1,1,1,duration=0.041
61.4994114561398,service_start,,,200,0,1,1,1,service_time_sampled=0.041
61.54051240440164,service_end,,,200,0,1,1,1,duration=0.041
66.0,unload_end,6,3,,0,1,1,1,
66.0,passengers_spawned,6,3,,0,1,1,1,count=46
66.0,passenger_queue_arrival,,,201,1,1,1,1,
66.0,passenger_queue_arrival,,,202,2,1,1,1,
66.0,passenger_queue_arrival,,,203,3,1,1,1,
66.0,passenger_queue_arrival,,,204,4,1,1,1,
66.0,passenger_queue_arrival,,,205,5,1,1,1,
66.0,passenger_queue_arrival,,,206,6,1,1,1,
66.0,passenger_queue_arrival,,,207,7,1,1,1,
66.0,passenger_queue_arrival,,,208,8,1,1,1,
66.0,passenger_queue_arrival,,,209,9,1,1,1,
66.0,passenger_queue_arrival,,,210,10,1,1,1,
66.0,passenger_queue_arrival,,,211,11,1,1,1,
66.0,passenger_queue_arrival,,,212,12,1,1,1,
66.0,passenger_queue_arrival,,,213,13,1,1,1,
66.0,passenger_queue_arrival,,,214,14,1,1,1,
66.0,passenger_queue_arrival,,,215,15,1,1,1,
66.0,passenger_queue_arrival,,,216,16,1,1,1,
66.0,passenger_queue_arrival,,,217,17,1,1,1,
66.0,passenger_queue_arrival,,,218,18,1,1,1,
66.0,passenger_queue_arrival,,,219,19,1,1,1,
66.0,passenger_queue_arrival,,,220,20,1,1,1,
66.0,passenger_queue_arrival,,,221,21,1,1,1,
66.0,passenger_queue_arrival,,,222,22,1,1,1,
66.0,passenger_queue_arrival,,,223,23,1,1,1,
66.0,passenger_queue_arrival,,,224,24,1,1,1,
66.0,passenger_queue_arrival,,,225,25,1,1,1,
66.0,passenger_queue_arrival,,,226,26,1,1,1,
66.0,passenger_queue_arrival,,,227,27,1,1,1,
66.0,passenger_queue_arrival,,,228,28,1,1,1,
66.0,passenger_queue_arrival,,,229,29,1,1,1,
66.0,passenger_queue_arrival,,,230,30,1,1,1,
66.0,passenger_queue_arrival,,,231,31,1,1,1,
66.0,passenger_queue_arrival,,,232,32,1,1,1,
66.0,passenger_queue_arrival,,,233,33,1,1,1,
66.0,passenger_queue_arrival,,,234,34,1,1,1,
66.0,passenger_queue_arrival,,,235,35,1,1,1,
66.0,passenger_queue_arrival,,,236,36,1,1,1,
66.0,passenger_queue_arrival,,,237,37,1,1,1,
66.0,passenger_queue_arrival,,,238,38,1,1,1,
66.0,passenger_queue_arrival,,,239,39,1,1,1,
66.0,passenger_queue_arrival,,,240,40,1,1,1,
66.0,passenger_queue_arrival,,,241,41,1,1,1,
66.0,passenger_queue_arrival,,,242,42,1,1,1,
66.0,passenger_queue_arrival,,,243,43,1,1,1,
66.0,passenger_queue_arrival,,,244,44,1,1,1,
66.0,passenger_queue_arrival,,,245,45,1,1,1,
66.0,passenger_queue_arrival,,,246,46,1,1,1,
66.0,landing_start,7,3,,46,1,1,1,landing_time=2
66.0,service_start,,,201,45,1,1,1,service_time_sampled=0.035
66.03514153214967,service_end,,,201,45,1,1,1,duration=0.035
66.03514153214967,service_start,,,202,44,1,1,1,service_time_sampled=0.148
66.1832641650948,service_end,,,202,44,1,1,1,duration=0.148
66.1832641650948,service_start,,,203,43,1,1,1,service_time_sampled=0.010
66.1932641650948,service_end,,,203,43,1,1,1,duration=0.010
66.1932641650948,service_start,,,204,42,1,1,1,service_time_sampled=0.027
66.21978776457506,service_end,,,204,42,1,1,1,duration=0.027
66.21978776457506,service_start,,,205,41,1,1,1,service_time_sampled=0.456
66.67620124494648,service_end,,,205,41,1,1,1,duration=0.456
66.67620124494648,service_start,,,206,40,1,1,1,service_time_sampled=0.104
66.77977421799348,service_end,,,206,40,1,1,1,duration=0.104
66.77977421799348,service_start,,,207,39,1,1,1,service_time_sampled=0.096
66.87612223513975,service_end,,,207,39,1,1,1,duration=0.096
66.87612223513975,service_start,,,208,38,1,1,1,service_time_sampled=0.010
66.88612223513975,service_end,,,208,38,1,1,1,duration=0.010
66.88612223513975,service_start,,,209,37,1,1,1,service_time_sampled=0.136
67.02247751126984,service_end,,,209,37,1,1,1,duration=0.136
67.02247751126984,service_start,,,210,36,1,1,1,service_time_sampled=0.038
67.06071345727716,service_end,,,210,36,1,1,1,duration=0.038
67.06071345727716,service_start,,,211,35,1,1,1,service_time_sampled=0.115
67.17557593573359,service_end,,,211,35,1,1,1,duration=0.115
67.17557593573359,service_start,,,212,34,1,1,1,service_time_sampled=0.165
67.34102684798141,service_end,,,212,34,1,1,1,duration=0.165
67.34102684798141,service_start,,,213,33,1,1,1,service_time_sampled=0.170
67.51113104478992,service_end,,,213,33,1,1,1,duration=0.170
67.51113104478992,service_start,,,214,32,1,1,1,service_time_sampled=0.067
67.57768325264323,service_end,,,214,32,1,1,1,duration=0.067
67.57768325264323,service_start,,,215,31,1,1,1,service_time_sampled=0.047
67.62462012046493,service_end,,,215,31,1,1,1,duration=0.047
67.62462012046493,service_start,,,216,30,1,1,1,service_time_sampled=0.022
67.64658743629319,service_end,,,216,30,1,1,1,duration=0.022
67.64658743629319,service_start,,,217,29,1,1,1,service_time_sampled=0.029
67.6758387344027,service_end,,,217,29,1,1,1,duration=0.029
67.6758387344027,service_start,,,218,28,1,1,1,service_time_sampled=0.055
67.73124276383054,service_end,,,218,28,1,1,1,duration=0.055
67.73124276383054,service_start,,,219,27,1,1,1,service_time_sampled=0.010
67.74124276383054,service_end,,,219,27,1,1,1,duration=0.010
67.74124276383054,service_start,,,220,26,1,1,1,service_time_sampled=0.150
67.890748395864,service_end,,,220,26,1,1,1,duration=0.150
67.890748395864,service_start,,,221,25,1,1,1,service_time_sampled=0.011
67.90130487573003,service_end,,,221,25,1,1,1,duration=0.011
67.90130487573003,service_start,,,222,24,1,1,1,service_time_sampled=0.173
68.0,landing_end,7,3,,24,1,1,1,pad_q=1
68.07403503303567,service_end,,,222,24,1,1,1,duration=0.173
68.07403503303567,service_start,,,223,23,1,1,1,service_time_sampled=0.066
68.13982711235873,service_end,,,223,23,1,1,1,duration=0.066
68.13982711235873,service_start,,,224,22,1,1,1,service_time_sampled=0.025
68.16513359767754,service_end,,,224,22,1,1,1,duration=0.025
68.16513359767754,service_start,,,225,21,1,1,1,service_time_sampled=0.037
68.20244328303433,service_end,,,225,21,1,1,1,duration=0.037
68.20244328303433,service_start,,,226,20,1,1,1,service_time_sampled=0.054
68.25611467947105,service_end,,,226,20,1,1,1,duration=0.054
68.25611467947105,service_start,,,227,19,1,1,1,service_time_sampled=0.128
68.38384332020442,service_end,,,227,19,1,1,1,duration=0.128
68.38384332020442,service_start,,,228,18,1,1,1,service_time_sampled=0.312
68.69589815325621,service_end,,,228,18,1,1,1,duration=0.312
68.69589815325621,service_start,,,229,17,1,1,1,service_time_sampled=0.178
68.8736669088839,service_end,,,229,17,1,1,1,duration=0.178
68.8736669088839,service_start,,,230,16,1,1,1,service_time_sampled=0.110
68.98329401864395,service_end,,,230,16,1,1,1,duration=0.110
68.98329401864395,service_start,,,231,15,1,1,1,service_time_sampled=0.153
69.13632774292083,service_end,,,231,15,1,1,1,duration=0.153
69.13632774292083,service_start,,,232,14,1,1,1,service_time_sampled=0.411
69.54758242729186,service_end,,,232,14,1,1,1,duration=0.411
69.54758242729186,service_start,,,233,13,1,1,1,service_time_sampled=0.010
69.55758242729186,service_end,,,233,13,1,1,1,duration=0.010
69.55758242729186,service_start,,,234,12,1,1,1,service_time_sampled=0.028
69.58570942215049,service_end,,,234,12,1,1,1,duration=0.028
69.58570942215049,service_start,,,235,11,1,1,1,service_time_sampled=0.040
69.62563945218247,service_end,,,235,11,1,1,1,duration=0.040
69.62563945218247,service_start,,,236,10,1,1,1,service_time_sampled=0.028
69.65317289569651,service_end,,,236,10,1,1,1,duration=0.028
69.65317289569651,service_start,,,237,9,1,1,1,service_time_sampled=0.010
69.66317289569652,service_end,,,237,9,1,1,1,duration=0.010
69.66317289569652,service_start,,,238,8,1,1,1,service_time_sampled=0.247
69.68213268526483,failure,,,,,1,0,0,element=door
69.68213268526483,service_interrupted,,,238,8,1,0,0,remaining=0.229
70.0,plane_arrive,8,3,,8,1,0,0,air_q=1
75.0,unload_end,7,3,,8,1,0,0,
75.0,passengers_spawned,7,3,,8,1,0,0,count=53
75.0,passenger_queue_arrival,,,247,9,1,0,0,
75.0,passenger_queue_arrival,,,248,10,1,0,0,
75.0,passenger_queue_arrival,,,249,11,1,0,0,
75.0,passenger_queue_arrival,,,250,12,1,0,0,
75.0,passenger_queue_arrival,,,251,13,1,0,0,
75.0,passenger_queue_arrival,,,252,14,1,0,0,
75.0,passenger_queue_arrival,,,253,15,1,0,0,
75.0,passenger_queue_arrival,,,254,16,1,0,0,
75.0,passenger_queue_arrival,,,255,17,1,0,0,
75.0,passenger_queue_arrival,,,256,18,1,0,0,
75.0,passenger_queue_arrival,,,257,19,1,0,0,
75.0,passenger_queue_arrival,,,258,20,1,0,0,
75.0,passenger_queue_arrival,,,259,21,1,0,0,
75.0,passenger_queue_arrival,,,260,22,1,0,0,
75.0,passenger_queue_arrival,,,261,23,1,0,0,
75.0,passenger_queue_arrival,,,262,24,1,0,0,
75.0,passenger_queue_arrival,,,263,25,1,0,0,
75.0,passenger_queue_arrival,,,264,26,1,0,0,
75.0,passenger_queue_arrival,,,265,27,1,0,0,
75.0,passenger_queue_arrival,,,266,28,1,0,0,
75.0,passenger_queue_arrival,,,267,29,1,0,0,
75.0,passenger_queue_arrival,,,268,30,1,0,0,
75.0,passenger_queue_arrival,,,269,31,1,0,0,
75.0,passenger_queue_arrival,,,270,32,1,0,0,
75.0,passenger_queue_arrival,,,271,33,1,0,0,
75.0,passenger_queue_arrival,,,272,34,1,0,0,
75.0,passenger_queue_arrival,,,273,35,1,0,0,
75.0,passenger_queue_arrival,,,274,36,1,0,0,
75.0,passenger_queue_arrival,,,275,37,1,0,0,
75.0,passenger_queue_arrival,,,276,38,1,0,0,
75.0,passenger_queue_arrival,,,277,39,1,0,0,
75.0,passenger_queue_arrival,,,278,40,1,0,0,
75.0,passenger_queue_arrival,,,279,41,1,0,0,
75.0,passenger_queue_arrival,,,280,42,1,0,0,
75.0,passenger_queue_arrival,,,281,43,1,0,0,
75.0,passenger_queue_arrival,,,282,44,1,0,0,
75.0,passenger_queue_arrival,,,283,45,1,0,0,
75.0,passenger_queue_arrival,,,284,46,1,0,0,
75.0,passenger_queue_arrival,,,285,47,1,0,0,
75.0,passenger_queue_arrival,,,286,48,1,0,0,
75.0,passenger_queue_arrival,,,287,49,1,0,0,
75.0,passenger_queue_arrival,,,288,50,1,0,0,
75.0,passenger_queue_arrival,,,289,51,1,0,0,
75.0,passenger_queue_arrival,,,290,52,1,0,0,
75.0,passenger_queue_arrival,,,291,53,1,0,0,
75.0,passenger_queue_arrival,,,292,54,1,0,0,
75.0,passenger_queue_arrival,,,293,55,1,0,0,
75.0,passenger_queue_arrival,,,294,56,1,0,0,
75.0,passenger_queue_arrival,,,295,57,1,0,0,
75.0,passenger_queue_arrival,,,296,58,1,0,0,
75.0,passenger_queue_arrival,,,297,59,1,0,0,
75.0,passenger_queue_arrival,,,298,60,1,0,0,
75.0,passenger_queue_arrival,,,299,61,1,0,0,
75.0,landing_start,8,3,,61,1,0,0,landing_time=3
77.54454421000338,repair,,,,,1,1,1,"element=door, repair_time=7.862"
77.81064400690701,service_end,,,238,61,1,1,1,duration=8.147
77.81064400690701,service_start,,,239,60,1,1,1,service_time_sampled=0.075
77.8856312710499,service_end,,,239,60,1,1,1,duration=0.075
77.8856312710499,service_start,,,240,59,1,1,1,service_time_sampled=0.190
78.0,landing_end,8,3,,59,1,1,1,pad_q=1
78.0757037574224,service_end,,,240,59,1,1,1,duration=0.190
78.0757037574224,service_start,,,241,58,1,1,1,service_time_sampled=0.010
78.08570375742241,service_end,,,241,58,1,1,1,duration=0.010
78.08570375742241,service_start,,,242,57,1,1,1,service_time_sampled=0.096
78.1819169816001,service_end,,,242,57,1,1,1,duration=0.096
78.1819169816001,service_start,,,243,56,1,1,1,service_time_sampled=0.020
78.20226218954745,service_end,,,243,56,1,1,1,duration=0.020
78.20226218954745,service_start,,,244,55,1,1,1,service_time_sampled=0.038
78.23992929729329,service_end,,,244,55,1,1,1,duration=0.038
78.23992929729329,service_start,,,245,54,1,1,1,service_time_sampled=0.021
78.26065987874797,service_end,,,245,54,1,1,1,duration=0.021
78.26065987874797,service_start,,,246,53,1,1,1,service_time_sampled=0.140
78.40018459690646,service_end,,,246,53,1,1,1,duration=0.140
78.40018459690646,service_start,,,247,52,1,1,1,service_time_sampled=0.010
78.41018459690646,service_end,,,247,52,1,1,1,duration=0.010
78.41018459690646,service_start,,,248,51,1,1,1,service_time_sampled=0.091
78.50112475241284,service_end,,,248,51,1,1,1,duration=0.091
78.50112475241284,service_start,,,249,50,1,1,1,service_time_sampled=0.233
78.73411320182261,service_end,,,249,50,1,1,1,duration=0.233
78.73411320182261,service_start,,,250,49,1,1,1,service_time_sampled=0.086
78.81973428673528,service_end,,,250,49,1,1,1,duration=0.086
78.81973428673528,service_start,,,251,48,1,1,1,service_time_sampled=0.034
78.85399318741891,service_end,,,251,48,1,1,1,duration=0.034
78.85399318741891,service_start,,,252,47,1,1,1,service_time_sampled=0.095
78.94939532386654,service_end,,,252,47,1,1,1,duration=0.095
78.94939532386654,service_start,,,253,46,1,1,1,service_time_sampled=0.034
78.98359973323453,service_end,,,253,46,1,1,1,duration=0.034
78.98359973323453,service_start,,,254,45,1,1,1,service_time_sampled=0.040
79.02368100494097,service_end,,,254,45,1,1,1,duration=0.040
79.02368100494097,service_start,,,255,44,1,1,1,service_time_sampled=0.158
79.18156534125859,service_end,,,255,44,1,1,1,duration=0.158
79.18156534125859,service_start,,,256,43,1,1,1,service_time_sampled=0.015
79.19630458285124,service_end,,,256,43,1,1,1,duration=0.015
79.19630458285124,service_start,,,257,42,1,1,1,service_time_sampled=0.028
79.22406817294193,service_end,,,257,42,1,1,1,duration=0.028
79.22406817294193,service_start,,,258,41,1,1,1,service_time_sampled=0.067
79.29152730067023,service_end,,,258,41,1,1,1,duration=0.067
79.29152730067023,service_start,,,259,40,1,1,1,service_time_sampled=0.012
79.30370477027144,service_end,,,259,40,1,1,1,duration=0.012
79.30370477027144,service_start,,,260,39,1,1,1,service_time_sampled=0.027
79.33032004291695,service_end,,,260,39,1,1,1,duration=0.027
79.33032004291695,service_start,,,261,38,1,1,1,service_time_sampled=0.010
79.34032004291696,service_end,,,261,38,1,1,1,duration=0.010
79.34032004291696,service_start,,,262,37,1,1,1,service_time_sampled=0.015
79.35562200830262,service_end,,,262,37,1,1,1,duration=0.015
79.35562200830262,service_start,,,263,36,1,1,1,service_time_sampled=0.122
79.47769662806627,service_end,,,263,36,1,1,1,duration=0.122
79.47769662806627,service_start,,,264,35,1,1,1,service_time_sampled=0.048
79.52548695781476,service_end,,,264,35,1,1,1,duration=0.048
79.52548695781476,service_start,,,265,34,1,1,1,service_time_sampled=0.478
80.0,plane_arrive,9,3,,34,1,1,1,air_q=1
80.00371255159676,service_end,,,265,34,1,1,1,duration=0.478
80.00371255159676,service_start,,,266,33,1,1,1,service_time_sampled=0.010
80.01371255159677,service_end,,,266,33,1,1,1,duration=0.010
80.01371255159677,service_start,,,267,32,1,1,1,service_time_sampled=0.249
80.26280686110371,service_end,,,267,32,1,1,1,duration=0.249
80.26280686110371,service_start,,,268,31,1,1,1,service_time_sampled=0.272
80.53529975135228,service_end,,,268,31,1,1,1,duration=0.272
80.53529975135228,service_start,,,269,30,1,1,1,service_time_sampled=0.010
80.54529975135229,service_end,,,269,30,1,1,1,duration=0.010
80.54529975135229,service_start,,,270,29,1,1,1,service_time_sampled=0.139
80.68434638163698,service_end,,,270,29,1,1,1,duration=0.139
80.68434638163698,service_start,,,271,28,1,1,1,service_time_sampled=0.164
80.84821576575425,service_end,,,271,28,1,1,1,duration=0.164
80.84821576575425,service_start,,,272,27,1,1,1,service_time_sampled=0.018
80.86660921251061,service_end,,,272,27,1,1,1,duration=0.018
80.86660921251061,service_start,,,273,26,1,1,1,service_time_sampled=0.042
80.90902258435904,service_end,,,273,26,1,1,1,duration=0.042
80.90902258435904,service_start,,,274,25,1,1,1,service_time_sampled=0.102
81.01079544086517,service_end,,,274,25,1,1,1,duration=0.102
81.01079544086517,service_start,,,275,24,1,1,1,service_time_sampled=0.146
81.156595128662,service_end,,,275,24,1,1,1,duration=0.146
81.156595128662,service_start,,,276,23,1,1,1,service_time_sampled=0.058
81.21437169279369,service_end,,,276,23,1,1,1,duration=0.058
81.21437169279369,service_start,,,277,22,1,1,1,service_time_sampled=0.051
81.2656392167242,service_end,,,277,22,1,1,1,duration=0.051
81.2656392167242,service_start,,,278,21,1,1,1,service_time_sampled=0.101
81.3664596176804,service_end,,,278,21,1,1,1,duration=0.101
81.3664596176804,service_start,,,279,20,1,1,1,service_time_sampled=0.083
81.44941137176686,service_end,,,279,20,1,1,1,duration=0.083
81.44941137176686,service_start,,,280,19,1,1,1,service_time_sampled=0.018
81.4674359207481,service_end,,,280,19,1,1,1,duration=0.018
81.4674359207481,service_start,,,281,18,1,1,1,service_time_sampled=0.614
82.08157324320666,service_end,,,281,18,1,1,1,duration=0.614
82.08157324320666,service_start,,,282,17,1,1,1,service_time_sampled=0.010
82.09157324320667,service_end,,,282,17,1,1,1,duration=0.010
82.09157324320667,service_start,,,283,16,1,1,1,service_time_sampled=0.141
82.23236398999131,service_end,,,283,16,1,1,1,duration=0.141
82.23236398999131,service_start,,,284,15,1,1,1,service_time_sampled=0.302
82.53401514273283,service_end,,,284,15,1,1,1,duration=0.302
82.53401514273283,service_start,,,285,14,1,1,1,service_time_sampled=0.137
82.67098526221261,service_end,,,285,14,1,1,1,duration=0.137
82.67098526221261,service_start,,,286,13,1,1,1,service_time_sampled=0.031
82.70190742955263,service_end,,,286,13,1,1,1,duration=0.031
82.70190742955263,service_start,,,287,12,1,1,1,service_time_sampled=0.105
82.80727832252119,service_end,,,287,12,1,1,1,duration=0.105
82.80727832252119,service_start,,,288,11,1,1,1,service_time_sampled=0.067
82.87433723821363,service_end,,,288,11,1,1,1,duration=0.067
82.87433723821363,service_start,,,289,10,1,1,1,service_time_sampled=0.024
82.89877489306066,service_end,,,289,10,1,1,1,duration=0.024
82.89877489306066,service_start,,,290,9,1,1,1,service_time_sampled=0.232
83.13115589170005,service_end,,,290,9,1,1,1,duration=0.232
83.13115589170005,service_start,,,291,8,1,1,1,service_time_sampled=0.011
83.14215078557052,service_end,,,291,8,1,1,1,duration=0.011
83.14215078557052,service_start,,,292,7,1,1,1,service_time_sampled=0.040
83.18258528370248,service_end,,,292,7,1,1,1,duration=0.040
83.18258528370248,service_start,,,293,6,1,1,1,service_time_sampled=0.154
83.3365532925102,service_end,,,293,6,1,1,1,duration=0.154
83.3365532925102,service_start,,,294,5,1,1,1,service_time_sampled=0.123
83.45946412209449,service_end,,,294,5,1,1,1,duration=0.123
83.45946412209449,service_start,,,295,4,1,1,1,service_time_sampled=0.034
83.49304835198123,service_end,,,295,4,1,1,1,duration=0.034
83.49304835198123,service_start,,,296,3,1,1,1,service_time_sampled=0.703
84.19653774575212,service_end,,,296,3,1,1,1,duration=0.703
84.19653774575212,service_start,,,297,2,1,1,1,service_time_sampled=0.153
84.34937823091636,service_end,,,297,2,1,1,1,duration=0.153
84.34937823091636,service_start,,,298,1,1,1,1,service_time_sampled=0.055
84.40469443522434,service_end,,,298,1,1,1,1,duration=0.055
84.40469443522434,service_start,,,299,0,1,1,1,service_time_sampled=0.220
84.62500296813043,service_end,,,299,0,1,1,1,duration=0.220
85.0,unload_end,8,3,,0,1,1,1,
85.0,passengers_spawned,8,3,,0,1,1,1,count=46
85.0,passenger_queue_arrival,,,300,1,1,1,1,
85.0,passenger_queue_arrival,,,301,2,1,1,1,
85.0,passenger_queue_arrival,,,302,3,1,1,1,
85.0,passenger_queue_arrival,,,303,4,1,1,1,
85.0,passenger_queue_arrival,,,304,5,1,1,1,
85.0,passenger_queue_arrival,,,305,6,1,1,1,
85.0,passenger_queue_arrival,,,306,7,1,1,1,
85.0,passenger_queue_arrival,,,307,8,1,1,1,
85.0,passenger_queue_arrival,,,308,9,1,1,1,
85.0,passenger_queue_arrival,,,309,10,1,1,1,
85.0,passenger_queue_arrival,,,310,11,1,1,1,
85.0,passenger_queue_arrival,,,311,12,1,1,1,
85.0,passenger_queue_arrival,,,312,13,1,1,1,
85.0,passenger_queue_arrival,,,313,14,1,1,1,
85.0,passenger_queue_arrival,,,314,15,1,1,1,
85.0,passenger_queue_arrival,,,315,16,1,1,1,
85.0,passenger_queue_arrival,,,316,17,1,1,1,
85.0,passenger_queue_arrival,,,317,18,1,1,1,
85.0,passenger_queue_arrival,,,318,19,1,1,1,
85.0,passenger_queue_arrival,,,319,20,1,1,1,
85.0,passenger_queue_arrival,,,320,21,1,1,1,
85.0,passenger_queue_arrival,,,321,22,1,1,1,
85.0,passenger_queue_arrival,,,322,23,1,1,1,
85.0,passenger_queue_arrival,,,323,24,1,1,1,
85.0,passenger_queue_arrival,,,324,25,1,1,1,
85.0,passenger_queue_arrival,,,325,26,1,1,1,
85.0,passenger_queue_arrival,,,326,27,1,1,1,
85.0,passenger_queue_arrival,,,327,28,1,1,1,
85.0,passenger_queue_arrival,,,328,29,1,1,1,
85.0,passenger_queue_arrival,,,329,30,1,1,1,
85.0,passenger_queue_arrival,,,330,31,1,1,1,
85.0,passenger_queue_arrival,,,331,32,1,1,1,
85.0,passenger_queue_arrival,,,332,33,1,1,1,
85.0,passenger_queue_arrival,,,333,34,1,1,1,
85.0,passenger_queue_arrival,,,334,35,1,1,1,
85.0,passenger_queue_arrival,,,335,36,1,1,1,
85.0,passenger_queue_arrival,,,336,37,1,1,1,
85.0,passenger_queue_arrival,,,337,38,1,1,1,
85.0,passenger_queue_arrival,,,338,39,1,1,1,
85.0,passenger_queue_arrival,,,339,40,1,1,1,
85.0,passenger_queue_arrival,,,340,41,1,1,1,
85.0,passenger_queue_arrival,,,341,42,1,1,1,
85.0,passenger_queue_arrival,,,342,43,1,1,1,
85.0,passenger_queue_arrival,,,343,44,1,1,1,
85.0,passenger_queue_arrival,,,344,45,1,1,1,
85.0,passenger_queue_arrival,,,345,46,1,1,1,
85.0,landing_start,9,3,,46,1,1,1,landing_time=4
85.0,service_start,,,300,45,1,1,1,service_time_sampled=0.127
85.12684655705618,service_end,,,300,45,1,1,1,duration=0.127
85.12684655705618,service_start,,,301,44,1,1,1,service_time_sampled=0.162
85.28923693354507,service_end,,,301,44,1,1,1,duration=0.162
85.28923693354507,service_start,,,302,43,1,1,1,service_time_sampled=0.137
85.42582205562923,service_end,,,302,43,1,1,1,duration=0.137
85.42582205562923,service_start,,,303,42,1,1,1,service_time_sampled=0.043
85.46899757140122,service_end,,,303,42,1,1,1,duration=0.043
85.46899757140122,service_start,,,304,41,1,1,1,service_time_sampled=0.216
85.68473922763317,service_end,,,304,41,1,1,1,duration=0.216
85.68473922763317,service_start,,,305,40,1,1,1,service_time_sampled=0.111
85.7961747408337,service_end,,,305,40,1,1,1,duration=0.111
85.7961747408337,service_start,,,306,39,1,1,1,service_time_sampled=0.027
85.8231506248161,service_end,,,306,39,1,1,1,duration=0.027
85.8231506248161,service_start,,,307,38,1,1,1,service_time_sampled=0.010
85.8331506248161,service_end,,,307,38,1,1,1,duration=0.010
85.8331506248161,service_start,,,308,37,1,1,1,service_time_sampled=0.451
86.2838476605809,service_end,,,308,37,1,1,1,duration=0.451
86.2838476605809,service_start,,,309,36,1,1,1,service_time_sampled=0.010
86.29384766058091,service_end,,,309,36,1,1,1,duration=0.010
86.29384766058091,service_start,,,310,35,1,1,1,service_time_sampled=0.026
86.31948587412445,service_end,,,310,35,1,1,1,duration=0.026
86.31948587412445,service_start,,,311,34,1,1,1,service_time_sampled=0.722
87.04172681055127,service_end,,,311,34,1,1,1,duration=0.722
87.04172681055127,service_start,,,312,33,1,1,1,service_time_sampled=0.155
87.196899653077,service_end,,,312,33,1,1,1,duration=0.155
87.196899653077,service_start,,,313,32,1,1,1,service_time_sampled=0.015
87.21201892188661,service_end,,,313,32,1,1,1,duration=0.015
87.21201892188661,service_start,,,314,31,1,1,1,service_time_sampled=0.284
87.49645008670417,service_end,,,314,31,1,1,1,duration=0.284
87.49645008670417,service_start,,,315,30,1,1,1,service_time_sampled=0.270
87.76684708749737,service_end,,,315,30,1,1,1,duration=0.270
87.76684708749737,service_start,,,316,29,1,1,1,service_time_sampled=0.220
87.98726468011128,service_end,,,316,29,1,1,1,duration=0.220
87.98726468011128,service_start,,,317,28,1,1,1,service_time_sampled=0.010
87.99726468011129,service_end,,,317,28,1,1,1,duration=0.010
87.99726468011129,service_start,,,318,27,1,1,1,service_time_sampled=0.028
88.02517396848188,service_end,,,318,27,1,1,1,duration=0.028
88.02517396848188,service_start,,,319,26,1,1,1,service_time_sampled=0.184
88.20940954277962,service_end,,,319,26,1,1,1,duration=0.184
88.20940954277962,service_start,,,320,25,1,1,1,service_time_sampled=0.193
88.40256807967313,service_end,,,320,25,1,1,1,duration=0.193
88.40256807967313,service_start,,,321,24,1,1,1,service_time_sampled=0.010
88.41256807967314,service_end,,,321,24,1,1,1,duration=0.010
88.41256807967314,service_start,,,322,23,1,1,1,service_time_sampled=0.016
88.42830354792925,service_end,,,322,23,1,1,1,duration=0.016
88.42830354792925,service_start,,,323,22,1,1,1,service_time_sampled=0.278
88.70664992860652,service_end,,,323,22,1,1,1,duration=0.278
88.70664992860652,service_start,,,324,21,1,1,1,service_time_sampled=0.120
88.82684300284421,service_end,,,324,21,1,1,1,duration=0.120
88.82684300284421,service_start,,,325,20,1,1,1,service_time_sampled=0.092
88.91910173976159,service_end,,,325,20,1,1,1,duration=0.092
88.91910173976159,service_start,,,326,19,1,1,1,service_time_sampled=0.121
89.0,landing_end,9,3,,19,1,1,1,pad_q=1
89.04016107813645,service_end,,,326,19,1,1,1,duration=0.121
89.04016107813645,service_start,,,327,18,1,1,1,service_time_sampled=0.098
89.1382857282184,service_end,,,327,18,1,1,1,duration=0.098
89.1382857282184,service_start,,,328,17,1,1,1,service_time_sampled=0.040
89.17873497953937,service_end,,,328,17,1,1,1,duration=0.040
89.17873497953937,service_start,,,329,16,1,1,1,service_time_sampled=0.010
89.18873497953938,service_end,,,329,16,1,1,1,duration=0.010
89.18873497953938,service_start,,,330,15,1,1,1,service_time_sampled=0.085
89.27328412228225,service_end,,,330,15,1,1,1,duration=0.085
89.27328412228225,service_start,,,331,14,1,1,1,service_time_sampled=0.436
89.70974329670717,service_end,,,331,14,1,1,1,duration=0.436
89.70974329670717,service_start,,,332,13,1,1,1,service_time_sampled=0.020
89.73001132915803,service_end,,,332,13,1,1,1,duration=0.020
89.73001132915803,service_start,,,333,12,1,1,1,service_time_sampled=0.109
89.83936412126242,service_end,,,333,12,1,1,1,duration=0.109
89.83936412126242,service_start,,,334,11,1,1,1,service_time_sampled=0.085
89.92399059420418,service_end,,,334,11,1,1,1,duration=0.085
89.92399059420418,service_start,,,335,10,1,1,1,service_time_sampled=0.085
90.00878359402627,service_end,,,335,10,1,1,1,duration=0.085
90.00878359402627,service_start,,,336,9,1,1,1,service_time_sampled=0.015
90.02382223167977,service_end,,,336,9,1,1,1,duration=0.015
90.02382223167977,service_start,,,337,8,1,1,1,service_time_sampled=0.346
90.37023530981786,service_end,,,337,8,1,1,1,duration=0.346
90.37023530981786,service_start,,,338,7,1,1,1,service_time_sampled=0.090
90.46009387276003,service_end,,,338,7,1,1,1,duration=0.090
90.46009387276003,service_start,,,339,6,1,1,1,service_time_sampled=0.010
90.47009387276003,service_end,,,339,6,1,1,1,duration=0.010
90.47009387276003,service_start,,,340,5,1,1,1,service_time_sampled=0.141
90.61119990907103,service_end,,,340,5,1,1,1,duration=0.141
90.61119990907103,service_start,,,341,4,1,1,1,service_time_sampled=0.012
90.62288719238289,service_end,,,341,4,1,1,1,duration=0.012
90.62288719238289,service_start,,,342,3,1,1,1,service_time_sampled=0.066
90.68873846788978,service_end,,,342,3,1,1,1,duration=0.066
90.68873846788978,service_start,,,343,2,1,1,1,service_time_sampled=0.033
90.72212778767644,service_end,,,343,2,1,1,1,duration=0.033
90.72212778767644,service_start,,,344,1,1,1,1,service_time_sampled=0.161
90.88307639010398,service_end,,,344,1,1,1,1,duration=0.161
90.88307639010398,service_start,,,345,0,1,1,1,service_time_sampled=0.010
90.89307639010399,service_end,,,345,0,1,1,1,duration=0.010
95.0,plane_arrive,10,1,,0,1,1,1,air_q=1
96.0,unload_end,9,3,,0,1,1,1,
96.0,passengers_spawned,9,3,,0,1,1,1,count=52
96.0,passenger_queue_arrival,,,346,1,1,1,1,
96.0,passenger_queue_arrival,,,347,2,1,1,1,
96.0,passenger_queue_arrival,,,348,3,1,1,1,
96.0,passenger_queue_arrival,,,349,4,1,1,1,
96.0,passenger_queue_arrival,,,350,5,1,1,1,
96.0,passenger_queue_arrival,,,351,6,1,1,1,
96.0,passenger_queue_arrival,,,352,7,1,1,1,
96.0,passenger_queue_arrival,,,353,8,1,1,1,
96.0,passenger_queue_arrival,,,354,9,1,1,1,
96.0,passenger_queue_arrival,,,355,10,1,1,1,
96.0,passenger_queue_arrival,,,356,11,1,1,1,
96.0,passenger_queue_arrival,,,357,12,1,1,1,
96.0,passenger_queue_arrival,,,358,13,1,1,1,
96.0,passenger_queue_arrival,,,359,14,1,1,1,
96.0,passenger_queue_arrival,,,360,15,1,1,1,
96.0,passenger_queue_arrival,,,361,16,1,1,1,
96.0,passenger_queue_arrival,,,362,17,1,1,1,
96.0,passenger_queue_arrival,,,363,18,1,1,1,
96.0,passenger_queue_arrival,,,364,19,1,1,1,
96.0,passenger_queue_arrival,,,365,20,1,1,1,
96.0,passenger_queue_arrival,,,366,21,1,1,1,
96.0,passenger_queue_arrival,,,367,22,1,1,1,
96.0,passenger_queue_arrival,,,368,23,1,1,1,
96.0,passenger_queue_arrival,,,369,24,1,1,1,
96.0,passenger_queue_arrival,,,370,25,1,1,1,
96.0,passenger_queue_arrival,,,371,26,1,1,1,
96.0,passenger_queue_arrival,,,372,27,1,1,1,
96.0,passenger_queue_arrival,,,373,28,1,1,1,
96.0,passenger_queue_arrival,,,374,29,1,1,1,
96.0,passenger_queue_arrival,,,375,30,1,1,1,
96.0,passenger_queue_arrival,,,376,31,1,1,1,
96.0,passenger_queue_arrival,,,377,32,1,1,1,
96.0,passenger_queue_arrival,,,378,33,1,1,1,
96.0,passenger_queue_arrival,,,379,34,1,1,1,
96.0,passenger_queue_arrival,,,380,35,1,1,1,
96.0,passenger_queue_arrival,,,381,36,1,1,1,
96.0,passenger_queue_arrival,,,382,37,1,1,1,
96.0,passenger_queue_arrival,,,383,38,1,1,1,
96.0,passenger_queue_arrival,,,384,39,1,1,1,
96.0,passenger_queue_arrival,,,385,40,1,1,1,
96.0,passenger_queue_arrival,,,386,41,1,1,1,
96.0,passenger_queue_arrival,,,387,42,1,1,1,
96.0,passenger_queue_arrival,,,388,43,1,1,1,
96.0,passenger_queue_arrival,,,389,44,1,1,1,
96.0,passenger_queue_arrival,,,390,45,1,1,1,
96.0,passenger_queue_arrival,,,391,46,1,1,1,
96.0,passenger_queue_arrival,,,392,47,1,1,1,
96.0,passenger_queue_arrival,,,393,48,1,1,1,
96.0,passenger_queue_arrival,,,394,49,1,1,1,
96.0,passenger_queue_arrival,,,395,50,1,1,1,
96.0,passenger_queue_arrival,,,396,51,1,1,1,
96.0,passenger_queue_arrival,,,397,52,1,1,1,
96.0,landing_start,10,1,,52,1,1,1,landing_time=3
96.0,service_start,,,346,51,1,1,1,service_time_sampled=0.167
96.16733617424063,service_end,,,346,51,1,1,1,duration=0.167
96.16733617424063,service_start,,,347,50,1,1,1,service_time_sampled=0.342
96.50974196147833,service_end,,,347,50,1,1,1,duration=0.342
96.50974196147833,service_start,,,348,49,1,1,1,service_time_sampled=0.018
96.52816589197532,service_end,,,348,49,1,1,1,duration=0.018
96.52816589197532,service_start,,,349,48,1,1,1,service_time_sampled=0.034
96.5618785551274,service_end,,,349,48,1,1,1,duration=0.034
96.5618785551274,service_start,,,350,47,1,1,1,service_time_sampled=0.274
96.835644484106,service_end,,,350,47,1,1,1,duration=0.274
96.835644484106,service_start,,,351,46,1,1,1,service_time_sampled=0.190
97.02613188928295,service_end,,,351,46,1,1,1,duration=0.190
97.02613188928295,service_start,,,352,45,1,1,1,service_time_sampled=0.176
97.2024338365329,service_end,,,352,45,1,1,1,duration=0.176
97.2024338365329,service_start,,,353,44,1,1,1,service_time_sampled=0.064
97.26643333074146,service_end,,,353,44,1,1,1,duration=0.064
97.26643333074146,service_start,,,354,43,1,1,1,service_time_sampled=0.101
97.36793078378057,service_end,,,354,43,1,1,1,duration=0.101
97.36793078378057,service_start,,,355,42,1,1,1,service_time_sampled=0.076
97.44367946658103,service_end,,,355,42,1,1,1,duration=0.076
97.44367946658103,service_start,,,356,41,1,1,1,service_time_sampled=0.301
97.7442946468406,service_end,,,356,41,1,1,1,duration=0.301
97.7442946468406,service_start,,,357,40,1,1,1,service_time_sampled=0.193
97.93777695852462,service_end,,,357,40,1,1,1,duration=0.193
97.93777695852462,service_start,,,358,39,1,1,1,service_time_sampled=0.036
97.97410498544929,service_end,,,358,39,1,1,1,duration=0.036
97.97410498544929,service_start,,,359,38,1,1,1,service_time_sampled=0.010
97.98410498544929,service_end,,,359,38,1,1,1,duration=0.010
97.98410498544929,service_start,,,360,37,1,1,1,service_time_sampled=0.118
98.10160598039546,service_end,,,360,37,1,1,1,duration=0.118
98.10160598039546,service_start,,,361,36,1,1,1,service_time_sampled=0.110
98.21181589140353,service_end,,,361,36,1,1,1,duration=0.110
98.21181589140353,service_start,,,362,35,1,1,1,service_time_sampled=0.376
98.58764490943342,service_end,,,362,35,1,1,1,duration=0.376
98.58764490943342,service_start,,,363,34,1,1,1,service_time_sampled=0.010
98.59764490943343,service_end,,,363,34,1,1,1,duration=0.010
98.59764490943343,service_start,,,364,33,1,1,1,service_time_sampled=0.151
98.748302667954,service_end,,,364,33,1,1,1,duration=0.151
98.748302667954,service_start,,,365,32,1,1,1,service_time_sampled=0.111
98.85909919355012,service_end,,,365,32,1,1,1,duration=0.111
98.85909919355012,service_start,,,366,31,1,1,1,service_time_sampled=0.023
98.88252299351227,service_end,,,366,31,1,1,1,duration=0.023
98.88252299351227,service_start,,,367,30,1,1,1,service_time_sampled=0.120
99.0,landing_end,10,1,,30,1,1,1,pad_q=1
99.00274124472041,service_end,,,367,30,1,1,1,duration=0.120
99.00274124472041,service_start,,,368,29,1,1,1,service_time_sampled=0.042
99.0448047135249,service_end,,,368,29,1,1,1,duration=0.042
99.0448047135249,service_start,,,369,28,1,1,1,service_time_sampled=0.214
99.2586037919111,service_end,,,369,28,1,1,1,duration=0.214
99.2586037919111,service_start,,,370,27,1,1,1,service_time_sampled=0.141
99.39931041396122,service_end,,,370,27,1,1,1,duration=0.141
99.39931041396122,service_start,,,371,26,1,1,1,service_time_sampled=0.054
99.45380053992427,service_end,,,371,26,1,1,1,duration=0.054
99.45380053992427,service_start,,,372,25,1,1,1,service_time_sampled=0.010
99.46380053992428,service_end,,,372,25,1,1,1,duration=0.010
99.46380053992428,service_start,,,373,24,1,1,1,service_time_sampled=0.078
99.54220862816186,service_end,,,373,24,1,1,1,duration=0.078
99.54220862816186,service_start,,,374,23,1,1,1,service_time_sampled=0.117
99.65898855204344,service_end,,,374,23,1,1,1,duration=0.117
99.65898855204344,service_start,,,375,22,1,1,1,service_time_sampled=0.019
99.67786790781508,service_end,,,375,22,1,1,1,duration=0.019
99.67786790781508,service_start,,,376,21,1,1,1,service_time_sampled=0.107
99.78438749372914,service_end,,,376,21,1,1,1,duration=0.107
99.78438749372914,service_start,,,377,20,1,1,1,service_time_sampled=0.701
100.48542795551467,service_end,,,377,20,1,1,1,duration=0.701
100.48542795551467,service_start,,,378,19,1,1,1,service_time_sampled=0.014
100.4995023527148,service_end,,,378,19,1,1,1,duration=0.014
100.4995023527148,service_start,,,379,18,1,1,1,service_time_sampled=0.019
100.51864277425491,service_end,,,379,18,1,1,1,duration=0.019
100.51864277425491,service_start,,,380,17,1,1,1,service_time_sampled=0.015
100.53377220896304,service_end,,,380,17,1,1,1,duration=0.015
100.53377220896304,service_start,,,381,16,1,1,1,service_time_sampled=0.014
100.54802972935508,service_end,,,381,16,1,1,1,duration=0.014
100.54802972935508,service_start,,,382,15,1,1,1,service_time_sampled=0.064
100.61216942246789,service_end,,,382,15,1,1,1,duration=0.064
100.61216942246789,service_start,,,383,14,1,1,1,service_time_sampled=0.034
100.64646968057397,service_end,,,383,14,1,1,1,duration=0.034
100.64646968057397,service_start,,,384,13,1,1,1,service_time_sampled=0.010
100.65646968057398,service_end,,,384,13,1,1,1,duration=0.010
100.65646968057398,service_start,,,385,12,1,1,1,service_time_sampled=0.200
100.85624216152348,service_end,,,385,12,1,1,1,duration=0.200
100.85624216152348,service_start,,,386,11,1,1,1,service_time_sampled=0.060
100.91633234625378,service_end,,,386,11,1,1,1,duration=0.060
100.91633234625378,service_start,,,387,10,1,1,1,service_time_sampled=0.022
100.93788303821482,service_end,,,387,10,1,1,1,duration=0.022
100.93788303821482,service_start,,,388,9,1,1,1,service_time_sampled=0.095
101.0330058449734,service_end,,,388,9,1,1,1,duration=0.095
101.0330058449734,service_start,,,389,8,1,1,1,service_time_sampled=0.117
101.15000686297066,service_end,,,389,8,1,1,1,duration=0.117
101.15000686297066,service_start,,,390,7,1,1,1,service_time_sampled=0.173
101.3228279443473,service_end,,,390,7,1,1,1,duration=0.173
101.3228279443473,service_start,,,391,6,1,1,1,service_time_sampled=0.296
101.61897926777867,service_end,,,391,6,1,1,1,duration=0.296
101.61897926777867,service_start,,,392,5,1,1,1,service_time_sampled=0.400
102.0192302002618,service_end,,,392,5,1,1,1,duration=0.400
102.0192302002618,service_start,,,393,4,1,1,1,service_time_sampled=0.513
102.53173700638983,service_end,,,393,4,1,1,1,duration=0.513
102.53173700638983,service_start,,,394,3,1,1,1,service_time_sampled=0.040
102.5716714750109,service_end,,,394,3,1,1,1,duration=0.040
102.5716714750109,service_start,,,395,2,1,1,1,service_time_sampled=0.218
102.78948651868426,service_end,,,395,2,1,1,1,duration=0.218
102.78948651868426,service_start,,,396,1,1,1,1,service_time_sampled=0.257
103.04620303538857,service_end,,,396,1,1,1,1,duration=0.257
103.04620303538857,service_start,,,397,0,1,1,1,service_time_sampled=0.013
103.05899488913856,service_end,,,397,0,1,1,1,duration=0.013
106.0,unload_end,10,1,,0,1,1,1,
106.0,passengers_spawned,10,1,,0,1,1,1,count=20
106.0,passenger_queue_arrival,,,398,1,1,1,1,
106.0,passenger_queue_arrival,,,399,2,1,1,1,
106.0,passenger_queue_arrival,,,400,3,1,1,1,
106.0,passenger_queue_arrival,,,401,4,1,1,1,
106.0,passenger_queue_arrival,,,402,5,1,1,1,
106.0,passenger_queue_arrival,,,403,6,1,1,1,
106.0,passenger_queue_arrival,,,404,7,1,1,1,
106.0,passenger_queue_arrival,,,405,8,1,1,1,
106.0,passenger_queue_arrival,,,406,9,1,1,1,
106.0,passenger_queue_arrival,,,407,10,1,1,1,
106.0,passenger_queue_arrival,,,408,11,1,1,1,
106.0,passenger_queue_arrival,,,409,12,1,1,1,
106.0,passenger_queue_arrival,,,410,13,1,1,1,
106.0,passenger_queue_arrival,,,411,14,1,1,1,
106.0,passenger_queue_arrival,,,412,15,1,1,1,
106.0,passenger_queue_arrival,,,413,16,1,1,1,
106.0,passenger_queue_arrival,,,414,17,1,1,1,
106.0,passenger_queue_arrival,,,415,18,1,1,1,
106.0,passenger_queue_arrival,,,416,19,1,1,1,
106.0,passenger_queue_arrival,,,417,20,1,1,1,
106.0,service_start,,,398,19,1,1,1,service_time_sampled=0.097
106.0970253312007,service_end,,,398,19,1,1,1,duration=0.097
106.0970253312007,service_start,,,399,18,1,1,1,service_time_sampled=0.049
106.14583685821407,service_end,,,399,18,1,1,1,duration=0.049
106.14583685821407,service_start,,,400,17,1,1,1,service_time_sampled=0.351
106.49653082767519,service_end,,,400,17,1,1,1,duration=0.351
106.49653082767519,service_start,,,401,16,1,1,1,service_time_sampled=0.361
106.8570829824159,service_end,,,401,16,1,1,1,duration=0.361
106.8570829824159,service_start,,,402,15,1,1,1,service_time_sampled=0.047
106.90400956613095,service_end,,,402,15,1,1,1,duration=0.047
106.90400956613095,service_start,,,403,14,1,1,1,service_time_sampled=0.031
106.9352606759645,service_end,,,403,14,1,1,1,duration=0.031
106.9352606759645,service_start,,,404,13,1,1,1,service_time_sampled=0.060
106.99481174394242,service_end,,,404,13,1,1,1,duration=0.060
106.99481174394242,service_start,,,405,12,1,1,1,service_time_sampled=0.067
107.06224104433065,service_end,,,405,12,1,1,1,duration=0.067
107.06224104433065,service_start,,,406,11,1,1,1,service_time_sampled=0.118
107.18052732383268,service_end,,,406,11,1,1,1,duration=0.118
107.18052732383268,service_start,,,407,10,1,1,1,service_time_sampled=0.253
107.4333221383819,service_end,,,407,10,1,1,1,duration=0.253
107.4333221383819,service_start,,,408,9,1,1,1,service_time_sampled=0.138
107.5713344300806,service_end,,,408,9,1,1,1,duration=0.138
107.5713344300806,service_start,,,409,8,1,1,1,service_time_sampled=0.086
107.65706685505933,service_end,,,409,8,1,1,1,duration=0.086
107.65706685505933,service_start,,,410,7,1,1,1,service_time_sampled=0.111
107.7684014840417,service_end,,,410,7,1,1,1,duration=0.111
107.7684014840417,service_start,,,411,6,1,1,1,service_time_sampled=0.253
108.0,plane_arrive,11,2,,6,1,1,1,air_q=1
108.0,landing_start,11,2,,6,1,1,1,landing_time=5
108.02182747843854,service_end,,,411,6,1,1,1,duration=0.253
108.02182747843854,service_start,,,412,5,1,1,1,service_time_sampled=0.144
108.16628411476626,service_end,,,412,5,1,1,1,duration=0.144
108.16628411476626,service_start,,,413,4,1,1,1,service_time_sampled=0.010
108.17628411476626,service_end,,,413,4,1,1,1,duration=0.010
108.17628411476626,service_start,,,414,3,1,1,1,service_time_sampled=0.188
108.36384946049047,service_end,,,414,3,1,1,1,duration=0.188
108.36384946049047,service_start,,,415,2,1,1,1,service_time_sampled=0.132
108.49570956759065,service_end,,,415,2,1,1,1,duration=0.132
108.49570956759065,service_start,,,416,1,1,1,1,service_time_sampled=0.072
108.56790881415986,service_end,,,416,1,1,1,1,duration=0.072
108.56790881415986,service_start,,,417,0,1,1,1,service_time_sampled=0.010
108.57790881415987,service_end,,,417,0,1,1,1,duration=0.010
113.0,landing_end,11,2,,0,1,1,1,pad_q=1
120.0,unload_end,11,2,,0,1,1,1,
120.0,passengers_spawned,11,2,,0,1,1,1,count=41
120.0,passenger_queue_arrival,,,418,1,1,1,1,
120.0,passenger_queue_arrival,,,419,2,1,1,1,
120.0,passenger_queue_arrival,,,420,3,1,1,1,
120.0,passenger_queue_arrival,,,421,4,1,1,1,
120.0,passenger_queue_arrival,,,422,5,1,1,1,
120.0,passenger_queue_arrival,,,423,6,1,1,1,
120.0,passenger_queue_arrival,,,424,7,1,1,1,
120.0,passenger_queue_arrival,,,425,8,1,1,1,
120.0,passenger_queue_arrival,,,426,9,1,1,1,
120.0,passenger_queue_arrival,,,427,10,1,1,1,
120.0,passenger_queue_arrival,,,428,11,1,1,1,
120.0,passenger_queue_arrival,,,429,12,1,1,1,
120.0,passenger_queue_arrival,,,430,13,1,1,1,
120.0,passenger_queue_arrival,,,431,14,1,1,1,
120.0,passenger_queue_arrival,,,432,15,1,1,1,
120.0,passenger_queue_arrival,,,433,16,1,1,1,
120.0,passenger_queue_arrival,,,434,17,1,1,1,
120.0,passenger_queue_arrival,,,435,18,1,1,1,
120.0,passenger_queue_arrival,,,436,19,1,1,1,
120.0,passenger_queue_arrival,,,437,20,1,1,1,
120.0,passenger_queue_arrival,,,438,21,1,1,1,
120.0,passenger_queue_arrival,,,439,22,1,1,1,
120.0,passenger_queue_arrival,,,440,23,1,1,1,
120.0,passenger_queue_arrival,,,441,24,1,1,1,
120.0,passenger_queue_arrival,,,442,25,1,1,1,
120.0,passenger_queue_arrival,,,443,26,1,1,1,
120.0,passenger_queue_arrival,,,444,27,1,1,1,
120.0,passenger_queue_arrival,,,445,28,1,1,1,
120.0,passenger_queue_arrival,,,446,29,1,1,1,
120.0,passenger_queue_arrival,,,447,30,1,1,1,
120.0,passenger_queue_arrival,,,448,31,1,1,1,
120.0,passenger_queue_arrival,,,449,32,1,1,1,
120.0,passenger_queue_arrival,,,450,33,1,1,1,
120.0,passenger_queue_arrival,,,451,34,1,1,1,
120.0,passenger_queue_arrival,,,452,35,1,1,1,
120.0,passenger_queue_arrival,,,453,36,1,1,1,
120.0,passenger_queue_arrival,,,454,37,1,1,1,
120.0,passenger_queue_arrival,,,455,38,1,1,1,
120.0,passenger_queue_arrival,,,456,39,1,1,1,
120.0,passenger_queue_arrival,,,457,40,1,1,1,
120.0,passenger_queue_arrival,,,458,41,1,1,1,
120.0,service_start,,,418,40,1,1,1,service_time_sampled=0.054
120.05432149861448,service_end,,,418,40,1,1,1,duration=0.054
120.05432149861448,service_start,,,419,39,1,1,1,service_time_sampled=0.296
120.3506425562105,service_end,,,419,39,1,1,1,duration=0.296
120.3506425562105,service_start,,,420,38,1,1,1,service_time_sampled=0.121
120.47187940908994,service_end,,,420,38,1,1,1,duration=0.121
120.47187940908994,service_start,,,421,37,1,1,1,service_time_sampled=0.216
120.68746810367605,service_end,,,421,37,1,1,1,duration=0.216
120.68746810367605,service_start,,,422,36,1,1,1,service_time_sampled=0.213
120.90060805178187,service_end,,,422,36,1,1,1,duration=0.213
120.90060805178187,service_start,,,423,35,1,1,1,service_time_sampled=0.066
120.9661172615667,service_end,,,423,35,1,1,1,duration=0.066
120.9661172615667,service_start,,,424,34,1,1,1,service_time_sampled=0.077
121.04284724502119,service_end,,,424,34,1,1,1,duration=0.077
121.04284724502119,service_start,,,425,33,1,1,1,service_time_sampled=0.010
121.0528472450212,service_end,,,425,33,1,1,1,duration=0.010
121.0528472450212,service_start,,,426,32,1,1,1,service_time_sampled=0.136
121.18916727005673,service_end,,,426,32,1,1,1,duration=0.136
121.18916727005673,service_start,,,427,31,1,1,1,service_time_sampled=0.061
121.25043990070897,service_end,,,427,31,1,1,1,duration=0.061
121.25043990070897,service_start,,,428,30,1,1,1,service_time_sampled=0.010
121.26043990070897,service_end,,,428,30,1,1,1,duration=0.010
121.26043990070897,service_start,,,429,29,1,1,1,service_time_sampled=0.173
121.43337148325791,service_end,,,429,29,1,1,1,duration=0.173
121.43337148325791,service_start,,,430,28,1,1,1,service_time_sampled=0.045
121.47837678164639,service_end,,,430,28,1,1,1,duration=0.045
121.47837678164639,service_start,,,431,27,1,1,1,service_time_sampled=0.196
121.6740130295282,service_end,,,431,27,1,1,1,duration=0.196
121.6740130295282,service_start,,,432,26,1,1,1,service_time_sampled=0.169
121.84332410846798,service_end,,,432,26,1,1,1,duration=0.169
121.84332410846798,service_start,,,433,25,1,1,1,service_time_sampled=0.258
122.10154693986817,service_end,,,433,25,1,1,1,duration=0.258
122.10154693986817,service_start,,,434,24,1,1,1,service_time_sampled=0.315
122.4163645919727,service_end,,,434,24,1,1,1,duration=0.315
122.4163645919727,service_start,,,435,23,1,1,1,service_time_sampled=0.276
122.6925510148067,service_end,,,435,23,1,1,1,duration=0.276
122.6925510148067,service_start,,,436,22,1,1,1,service_time_sampled=0.325
123.01706456744478,service_end,,,436,22,1,1,1,duration=0.325
123.01706456744478,service_start,,,437,21,1,1,1,service_time_sampled=0.267
123.28409120619739,service_end,,,437,21,1,1,1,duration=0.267
123.28409120619739,service_start,,,438,20,1,1,1,service_time_sampled=0.102
123.38624396779434,service_end,,,438,20,1,1,1,duration=0.102
123.38624396779434,service_start,,,439,19,1,1,1,service_time_sampled=0.095
123.4811232205324,service_end,,,439,19,1,1,1,duration=0.095
123.4811232205324,service_start,,,440,18,1,1,1,service_time_sampled=0.078
123.55915726803174,service_end,,,440,18,1,1,1,duration=0.078
123.55915726803174,service_start,,,441,17,1,1,1,service_time_sampled=0.010
123.56915726803174,service_end,,,441,17,1,1,1,duration=0.010
123.56915726803174,service_start,,,442,16,1,1,1,service_time_sampled=0.042
123.6108280328057,service_end,,,442,16,1,1,1,duration=0.042
123.6108280328057,service_start,,,443,15,1,1,1,service_time_sampled=0.221
123.83140471823182,service_end,,,443,15,1,1,1,duration=0.221
123.83140471823182,service_start,,,444,14,1,1,1,service_time_sampled=0.183
124.01433020885453,service_end,,,444,14,1,1,1,duration=0.183
124.01433020885453,service_start,,,445,13,1,1,1,service_time_sampled=0.031
124.04514804970128,service_end,,,445,13,1,1,1,duration=0.031
124.04514804970128,service_start,,,446,12,1,1,1,service_time_sampled=0.139
124.18422988677352,service_end,,,446,12,1,1,1,duration=0.139
124.18422988677352,service_start,,,447,11,1,1,1,service_time_sampled=0.010
124.19422988677353,service_end,,,447,11,1,1,1,duration=0.010
124.19422988677353,service_start,,,448,10,1,1,1,service_time_sampled=0.029
124.22286464218186,service_end,,,448,10,1,1,1,duration=0.029
124.22286464218186,service_start,,,449,9,1,1,1,service_time_sampled=0.155
124.37792898903572,service_end,,,449,9,1,1,1,duration=0.155
124.37792898903572,service_start,,,450,8,1,1,1,service_time_sampled=0.147
124.5250247145551,service_end,,,450,8,1,1,1,duration=0.147
124.5250247145551,service_start,,,451,7,1,1,1,service_time_sampled=0.079
124.60354462376499,service_end,,,451,7,1,1,1,duration=0.079
124.60354462376499,service_start,,,452,6,1,1,1,service_time_sampled=0.033
124.63677827366597,service_end,,,452,6,1,1,1,duration=0.033
124.63677827366597,service_start,,,453,5,1,1,1,service_time_sampled=0.018
124.65439064342138,service_end,,,453,5,1,1,1,duration=0.018
124.65439064342138,service_start,,,454,4,1,1,1,service_time_sampled=0.046
124.70071086069329,service_end,,,454,4,1,1,1,duration=0.046
124.70071086069329,service_start,,,455,3,1,1,1,service_time_sampled=0.044
124.74484436746378,service_end,,,455,3,1,1,1,duration=0.044
124.74484436746378,service_start,,,456,2,1,1,1,service_time_sampled=0.273
125.0,plane_arrive,12,1,,2,1,1,1,air_q=1
125.0,landing_start,12,1,,2,1,1,1,landing_time=3
125.01786101878174,service_end,,,456,2,1,1,1,duration=0.273
125.01786101878174,service_start,,,457,1,1,1,1,service_time_sampled=0.014
125.0317161550766,service_end,,,457,1,1,1,1,duration=0.014
125.0317161550766,service_start,,,458,0,1,1,1,service_time_sampled=0.154
125.18540639819571,service_end,,,458,0,1,1,1,duration=0.154
128.0,landing_end,12,1,,0,1,1,1,pad_q=1
135.0,unload_end,12,1,,0,1,1,1,
135.0,passengers_spawned,12,1,,0,1,1,1,count=23
135.0,passenger_queue_arrival,,,459,1,1,1,1,
135.0,passenger_queue_arrival,,,460,2,1,1,1,
135.0,passenger_queue_arrival,,,461,3,1,1,1,
135.0,passenger_queue_arrival,,,462,4,1,1,1,
135.0,passenger_queue_arrival,,,463,5,1,1,1,
135.0,passenger_queue_arrival,,,464,6,1,1,1,
135.0,passenger_queue_arrival,,,465,7,1,1,1,
135.0,passenger_queue_arrival,,,466,8,1,1,1,
135.0,passenger_queue_arrival,,,467,9,1,1,1,
135.0,passenger_queue_arrival,,,468,10,1,1,1,
135.0,passenger_queue_arrival,,,469,11,1,1,1,
135.0,passenger_queue_arrival,,,470,12,1,1,1,
135.0,passenger_queue_arrival,,,471,13,1,1,1,
135.0,passenger_queue_arrival,,,472,14,1,1,1,
135.0,passenger_queue_arrival,,,473,15,1,1,1,
135.0,passenger_queue_arrival,,,474,16,1,1,1,
135.0,passenger_queue_arrival,,,475,17,1,1,1,
135.0,passenger_queue_arrival,,,476,18,1,1,1,
135.0,passenger_queue_arrival,,,477,19,1,1,1,
135.0,passenger_queue_arrival,,,478,20,1,1,1,
135.0,passenger_queue_arrival,,,479,21,1,1,1,
135.0,passenger_queue_arrival,,,480,22,1,1,1,
135.0,passenger_queue_arrival,,,481,23,1,1,1,
135.0,service_start,,,459,22,1,1,1,service_time_sampled=0.019
135.01927148958265,service_end,,,459,22,1,1,1,duration=0.019
135.01927148958265,service_start,,,460,21,1,1,1,service_time_sampled=0.039
135.05782104454173,service_end,,,460,21,1,1,1,duration=0.039
135.05782104454173,service_start,,,461,20,1,1,1,service_time_sampled=0.045
135.10271864293716,service_end,,,461,20,1,1,1,duration=0.045
135.10271864293716,service_start,,,462,19,1,1,1,service_time_sampled=0.059
135.16182801498059,service_end,,,462,19,1,1,1,duration=0.059
135.16182801498059,service_start,,,463,18,1,1,1,service_time_sampled=0.035
135.1970079560258,service_end,,,463,18,1,1,1,duration=0.035
135.1970079560258,service_start,,,464,17,1,1,1,service_time_sampled=0.290
135.48685893670847,service_end,,,464,17,1,1,1,duration=0.290
135.48685893670847,service_start,,,465,16,1,1,1,service_time_sampled=0.112
135.5990730709717,service_end,,,465,16,1,1,1,duration=0.112
135.5990730709717,service_start,,,466,15,1,1,1,service_time_sampled=0.048
135.647270427184,service_end,,,466,15,1,1,1,duration=0.048
135.647270427184,service_start,,,467,14,1,1,1,service_time_sampled=0.255
135.90187824921512,service_end,,,467,14,1,1,1,duration=0.255
135.90187824921512,service_start,,,468,13,1,1,1,service_time_sampled=0.489
136.39076037749743,service_end,,,468,13,1,1,1,duration=0.489
136.39076037749743,service_start,,,469,12,1,1,1,service_time_sampled=0.037
136.42728609673298,service_end,,,469,12,1,1,1,duration=0.037
136.42728609673298,service_start,,,470,11,1,1,1,service_time_sampled=0.122
136.54910430279372,service_end,,,470,11,1,1,1,duration=0.122
136.54910430279372,service_start,,,471,10,1,1,1,service_time_sampled=0.016
136.56489385230805,service_end,,,471,10,1,1,1,duration=0.016
136.56489385230805,service_start,,,472,9,1,1,1,service_time_sampled=0.075
136.640204643664,service_end,,,472,9,1,1,1,duration=0.075
136.640204643664,service_start,,,473,8,1,1,1,service_time_sampled=0.044
136.6845359974323,service_end,,,473,8,1,1,1,duration=0.044
136.6845359974323,service_start,,,474,7,1,1,1,service_time_sampled=0.207
136.8913135987454,service_end,,,474,7,1,1,1,duration=0.207
136.8913135987454,service_start,,,475,6,1,1,1,service_time_sampled=0.356
137.2471966888168,service_end,,,475,6,1,1,1,duration=0.356
137.2471966888168,service_start,,,476,5,1,1,1,service_time_sampled=0.117
137.3646553263556,service_end,,,476,5,1,1,1,duration=0.117
137.3646553263556,service_start,,,477,4,1,1,1,service_time_sampled=0.237
137.6018022619736,service_end,,,477,4,1,1,1,duration=0.237
137.6018022619736,service_start,,,478,3,1,1,1,service_time_sampled=0.030
137.6316638820274,service_end,,,478,3,1,1,1,duration=0.030
137.6316638820274,service_start,,,479,2,1,1,1,service_time_sampled=0.109
137.74046884038952,service_end,,,479,2,1,1,1,duration=0.109
137.74046884038952,service_start,,,480,1,1,1,1,service_time_sampled=0.074
137.81461106495414,service_end,,,480,1,1,1,1,duration=0.074
137.81461106495414,service_start,,,481,0,1,1,1,service_time_sampled=0.019
137.8336781514714,service_end,,,481,0,1,1,1,duration=0.019
148.0,plane_arrive,13,2,,0,1,1,1,air_q=1
148.0,landing_start,13,2,,0,1,1,1,landing_time=4
152.0,landing_end,13,2,,0,1,1,1,pad_q=1
159.0,unload_end,13,2,,0,1,1,1,
159.0,passengers_spawned,13,2,,0,1,1,1,count=42
159.0,passenger_queue_arrival,,,482,1,1,1,1,
159.0,passenger_queue_arrival,,,483,2,1,1,1,
159.0,passenger_queue_arrival,,,484,3,1,1,1,
159.0,passenger_queue_arrival,,,485,4,1,1,1,
159.0,passenger_queue_arrival,,,486,5,1,1,1,
159.0,passenger_queue_arrival,,,487,6,1,1,1,
159.0,passenger_queue_arrival,,,488,7,1,1,1,
159.0,passenger_queue_arrival,,,489,8,1,1,1,
159.0,passenger_queue_arrival,,,490,9,1,1,1,
159.0,passenger_queue_arrival,,,491,10,1,1,1,
159.0,passenger_queue_arrival,,,492,11,1,1,1,
159.0,passenger_queue_arrival,,,493,12,1,1,1,
159.0,passenger_queue_arrival,,,494,13,1,1,1,
159.0,passenger_queue_arrival,,,495,14,1,1,1,
159.0,passenger_queue_arrival,,,496,15,1,1,1,
159.0,passenger_queue_arrival,,,497,16,1,1,1,
159.0,passenger_queue_arrival,,,498,17,1,1,1,
159.0,passenger_queue_arrival,,,499,18,1,1,1,
159.0,passenger_queue_arrival,,,500,19,1,1,1,
159.0,passenger_queue_arrival,,,501,20,1,1,1,
159.0,passenger_queue_arrival,,,502,21,1,1,1,
159.0,passenger_queue_arrival,,,503,22,1,1,1,
159.0,passenger_queue_arrival,,,504,23,1,1,1,
159.0,passenger_queue_arrival,,,505,24,1,1,1,
159.0,passenger_queue_arrival,,,506,25,1,1,1,
159.0,passenger_queue_arrival,,,507,26,1,1,1,
159.0,passenger_queue_arrival,,,508,27,1,1,1,
159.0,passenger_queue_arrival,,,509,28,1,1,1,
159.0,passenger_queue_arrival,,,510,29,1,1,1,
159.0,passenger_queue_arrival,,,511,30,1,1,1,
159.0,passenger_queue_arrival,,,512,31,1,1,1,
159.0,passenger_queue_arrival,,,513,32,1,1,1,
159.0,passenger_queue_arrival,,,514,33,1,1,1,
159.0,passenger_queue_arrival,,,515,34,1,1,1,
159.0,passenger_queue_arrival,,,516,35,1,1,1,
159.0,passenger_queue_arrival,,,517,36,1,1,1,
159.0,passenger_queue_arrival,,,518,37,1,1,1,
159.0,passenger_queue_arrival,,,519,38,1,1,1,
159.0,passenger_queue_arrival,,,520,39,1,1,1,
159.0,passenger_queue_arrival,,,521,40,1,1,1,
159.0,passenger_queue_arrival,,,522,41,1,1,1,
159.0,passenger_queue_arrival,,,523,42,1,1,1,
159.0,service_start,,,482,41,1,1,1,service_time_sampled=0.017
159.01653703347736,service_end,,,482,41,1,1,1,duration=0.017
159.01653703347736,service_start,,,483,40,1,1,1,service_time_sampled=0.227
159.2439686662308,service_end,,,483,40,1,1,1,duration=0.227
159.2439686662308,service_start,,,484,39,1,1,1,service_time_sampled=0.105
159.34919060434478,service_end,,,484,39,1,1,1,duration=0.105
159.34919060434478,service_start,,,485,38,1,1,1,service_time_sampled=0.027
159.37619803037666,service_end,,,485,38,1,1,1,duration=0.027
159.37619803037666,service_start,,,486,37,1,1,1,service_time_sampled=0.010
159.38619803037665,service_end,,,486,37,1,1,1,duration=0.010
159.38619803037665,service_start,,,487,36,1,1,1,service_time_sampled=0.083
159.46967458540712,service_end,,,487,36,1,1,1,duration=0.083
159.46967458540712,service_start,,,488,35,1,1,1,service_time_sampled=0.107
159.57681004855613,service_end,,,488,35,1,1,1,duration=0.107
159.57681004855613,service_start,,,489,34,1,1,1,service_time_sampled=0.055
159.63174250711907,service_end,,,489,34,1,1,1,duration=0.055
159.63174250711907,service_start,,,490,33,1,1,1,service_time_sampled=0.010
159.64174250711906,service_end,,,490,33,1,1,1,duration=0.010
159.64174250711906,service_start,,,491,32,1,1,1,service_time_sampled=0.106
159.7479257316984,service_end,,,491,32,1,1,1,duration=0.106
159.7479257316984,service_start,,,492,31,1,1,1,service_time_sampled=0.039
159.78663186528277,service_end,,,492,31,1,1,1,duration=0.039
159.78663186528277,service_start,,,493,30,1,1,1,service_time_sampled=0.138
159.9247033193489,service_end,,,493,30,1,1,1,duration=0.138
159.9247033193489,service_start,,,494,29,1,1,1,service_time_sampled=0.010
159.9347033193489,service_end,,,494,29,1,1,1,duration=0.010
159.9347033193489,service_start,,,495,28,1,1,1,service_time_sampled=0.046
159.98080682948677,service_end,,,495,28,1,1,1,duration=0.046
159.98080682948677,service_start,,,496,27,1,1,1,service_time_sampled=0.015
159.9961079877731,service_end,,,496,27,1,1,1,duration=0.015
159.9961079877731,service_start,,,497,26,1,1,1,service_time_sampled=0.175
160.1708395223659,service_end,,,497,26,1,1,1,duration=0.175
160.1708395223659,service_start,,,498,25,1,1,1,service_time_sampled=0.021
160.1918253198197,service_end,,,498,25,1,1,1,duration=0.021
160.1918253198197,service_start,,,499,24,1,1,1,service_time_sampled=0.100
160.2920102817033,service_end,,,499,24,1,1,1,duration=0.100
160.2920102817033,service_start,,,500,23,1,1,1,service_time_sampled=0.259
160.5510433991509,service_end,,,500,23,1,1,1,duration=0.259
160.5510433991509,service_start,,,501,22,1,1,1,service_time_sampled=0.061
160.6121150959736,service_end,,,501,22,1,1,1,duration=0.061
160.6121150959736,service_start,,,502,21,1,1,1,service_time_sampled=0.133
160.74502751639992,service_end,,,502,21,1,1,1,duration=0.133
160.74502751639992,service_start,,,503,20,1,1,1,service_time_sampled=0.020
160.76505069975272,service_end,,,503,20,1,1,1,duration=0.020
160.76505069975272,service_start,,,504,19,1,1,1,service_time_sampled=0.011
160.77579092517385,service_end,,,504,19,1,1,1,duration=0.011
160.77579092517385,service_start,,,505,18,1,1,1,service_time_sampled=0.171
160.9468193952974,service_end,,,505,18,1,1,1,duration=0.171
160.9468193952974,service_start,,,506,17,1,1,1,service_time_sampled=0.410
161.35663793059206,service_end,,,506,17,1,1,1,duration=0.410
161.35663793059206,service_start,,,507,16,1,1,1,service_time_sampled=0.129
161.48555790011932,service_end,,,507,16,1,1,1,duration=0.129
161.48555790011932,service_start,,,508,15,1,1,1,service_time_sampled=0.149
161.6341296774516,service_end,,,508,15,1,1,1,duration=0.149
161.6341296774516,service_start,,,509,14,1,1,1,service_time_sampled=0.080
161.7143086951203,service_end,,,509,14,1,1,1,duration=0.080
161.7143086951203,service_start,,,510,13,1,1,1,service_time_sampled=0.240
161.95443223282763,service_end,,,510,13,1,1,1,duration=0.240
161.95443223282763,service_start,,,511,12,1,1,1,service_time_sampled=0.252
162.20676984620624,service_end,,,511,12,1,1,1,duration=0.252
162.20676984620624,service_start,,,512,11,1,1,1,service_time_sampled=0.078
162.28444971622804,service_end,,,512,11,1,1,1,duration=0.078
162.28444971622804,service_start,,,513,10,1,1,1,service_time_sampled=0.169
162.45356005728655,service_end,,,513,10,1,1,1,duration=0.169
162.45356005728655,service_start,,,514,9,1,1,1,service_time_sampled=0.137
162.59103159711566,service_end,,,514,9,1,1,1,duration=0.137
162.59103159711566,service_start,,,515,8,1,1,1,service_time_sampled=0.041
162.63231888780965,service_end,,,515,8,1,1,1,duration=0.041
162.63231888780965,service_start,,,516,7,1,1,1,service_time_sampled=0.142
162.7741955526091,service_end,,,516,7,1,1,1,duration=0.142
162.7741955526091,service_start,,,517,6,1,1,1,service_time_sampled=0.125
162.89951824630714,service_end,,,517,6,1,1,1,duration=0.125
162.89951824630714,service_start,,,518,5,1,1,1,service_time_sampled=0.041
162.94099122292323,service_end,,,518,5,1,1,1,duration=0.041
162.94099122292323,service_start,,,519,4,1,1,1,service_time_sampled=0.106
163.04696434708572,service_end,,,519,4,1,1,1,duration=0.106
163.04696434708572,service_start,,,520,3,1,1,1,service_time_sampled=0.105
163.1519162501957,service_end,,,520,3,1,1,1,duration=0.105
163.1519162501957,service_start,,,521,2,1,1,1,service_time_sampled=0.197
163.3490714715345,service_end,,,521,2,1,1,1,duration=0.197
163.3490714715345,service_start,,,522,1,1,1,1,service_time_sampled=0.113
163.46211237059518,service_end,,,522,1,1,1,1,duration=0.113
163.46211237059518,service_start,,,523,0,1,1,1,service_time_sampled=0.228
163.68985584324508,service_end,,,523,0,1,1,1,duration=0.228
165.0,plane_arrive,14,2,,0,1,1,1,air_q=1
165.0,landing_start,14,2,,0,1,1,1,landing_time=5
170.0,landing_end,14,2,,0,1,1,1,pad_q=1
177.0,unload_end,14,2,,0,1,1,1,
177.0,passengers_spawned,14,2,,0,1,1,1,count=42
177.0,passenger_queue_arrival,,,524,1,1,1,1,
177.0,passenger_queue_arrival,,,525,2,1,1,1,
177.0,passenger_queue_arrival,,,526,3,1,1,1,
177.0,passenger_queue_arrival,,,527,4,1,1,1,
177.0,passenger_queue_arrival,,,528,5,1,1,1,
177.0,passenger_queue_arrival,,,529,6,1,1,1,
177.0,passenger_queue_arrival,,,530,7,1,1,1,
177.0,passenger_queue_arrival,,,531,8,1,1,1,
177.0,passenger_queue_arrival,,,532,9,1,1,1,
177.0,passenger_queue_arrival,,,533,10,1,1,1,
177.0,passenger_queue_arrival,,,534,11,1,1,1,
177.0,passenger_queue_arrival,,,535,12,1,1,1,
177.0,passenger_queue_arrival,,,536,13,1,1,1,
177.0,passenger_queue_arrival,,,537,14,1,1,1,
177.0,passenger_queue_arrival,,,538,15,1,1,1,
177.0,passenger_queue_arrival,,,539,16,1,1,1,
177.0,passenger_queue_arrival,,,540,17,1,1,1,
177.0,passenger_queue_arrival,,,541,18,1,1,1,
177.0,passenger_queue_arrival,,,542,19,1,1,1,
177.0,passenger_queue_arrival,,,543,20,1,1,1,
177.0,passenger_queue_arrival,,,544,21,1,1,1,
177.0,passenger_queue_arrival,,,545,22,1,1,1,
177.0,passenger_queue_arrival,,,546,23,1,1,1,
177.0,passenger_queue_arrival,,,547,24,1,1,1,
177.0,passenger_queue_arrival,,,548,25,1,1,1,
177.0,passenger_queue_arrival,,,549,26,1,1,1,
177.0,passenger_queue_arrival,,,550,27,1,1,1,
177.0,passenger_queue_arrival,,,551,28,1,1,1,
177.0,passenger_queue_arrival,,,552,29,1,1,1,
177.0,passenger_queue_arrival,,,553,30,1,1,1,
177.0,passenger_queue_arrival,,,554,31,1,1,1,
177.0,passenger_queue_arrival,,,555,32,1,1,1,
177.0,passenger_queue_arrival,,,556,33,1,1,1,
177.0,passenger_queue_arrival,,,557,34,1,1,1,
177.0,passenger_queue_arrival,,,558,35,1,1,1,
177.0,passenger_queue_arrival,,,559,36,1,1,1,
177.0,passenger_queue_arrival,,,560,37,1,1,1,
177.0,passenger_queue_arrival,,,561,38,1,1,1,
177.0,passenger_queue_arrival,,,562,39,1,1,1,
177.0,passenger_queue_arrival,,,563,40,1,1,1,
177.0,passenger_queue_arrival,,,564,41,1,1,1,
177.0,passenger_queue_arrival,,,565,42,1,1,1,
177.0,service_start,,,524,41,1,1,1,service_time_sampled=0.074
177.07441708081114,service_end,,,524,41,1,1,1,duration=0.074
177.07441708081114,service_start,,,525,40,1,1,1,service_time_sampled=0.072
177.14647275794664,service_end,,,525,40,1,1,1,duration=0.072
177.14647275794664,service_start,,,526,39,1,1,1,service_time_sampled=0.024
177.17051679314073,service_end,,,526,39,1,1,1,duration=0.024
177.17051679314073,service_start,,,527,38,1,1,1,service_time_sampled=0.178
177.3481296156968,service_end,,,527,38,1,1,1,duration=0.178
177.3481296156968,service_start,,,528,37,1,1,1,service_time_sampled=0.069
177.4171859547583,service_end,,,528,37,1,1,1,duration=0.069
177.4171859547583,service_start,,,529,36,1,1,1,service_time_sampled=0.159
177.57589403381567,service_end,,,529,36,1,1,1,duration=0.159
177.57589403381567,service_start,,,530,35,1,1,1,service_time_sampled=0.069
177.6453552968812,service_end,,,530,35,1,1,1,duration=0.069
177.6453552968812,service_start,,,531,34,1,1,1,service_time_sampled=0.436
178.08139671380727,service_end,,,531,34,1,1,1,duration=0.436
178.08139671380727,service_start,,,532,33,1,1,1,service_time_sampled=0.098
178.17983030477183,service_end,,,532,33,1,1,1,duration=0.098
178.17983030477183,service_start,,,533,32,1,1,1,service_time_sampled=0.447
178.62678902016697,service_end,,,533,32,1,1,1,duration=0.447
178.62678902016697,service_start,,,534,31,1,1,1,service_time_sampled=0.025
178.651393326033,service_end,,,534,31,1,1,1,duration=0.025
178.651393326033,service_start,,,535,30,1,1,1,service_time_sampled=0.117
178.7679397574949,service_end,,,535,30,1,1,1,duration=0.117
178.7679397574949,service_start,,,536,29,1,1,1,service_time_sampled=0.143
178.91109027562212,service_end,,,536,29,1,1,1,duration=0.143
178.91109027562212,service_start,,,537,28,1,1,1,service_time_sampled=0.102
179.01259631032337,service_end,,,537,28,1,1,1,duration=0.102
179.01259631032337,service_start,,,538,27,1,1,1,service_time_sampled=0.199
179.21195447357408,service_end,,,538,27,1,1,1,duration=0.199
179.21195447357408,service_start,,,539,26,1,1,1,service_time_sampled=0.186
179.3974684901988,service_end,,,539,26,1,1,1,duration=0.186
179.3974684901988,service_start,,,540,25,1,1,1,service_time_sampled=0.093
179.49005918621958,service_end,,,540,25,1,1,1,duration=0.093
179.49005918621958,service_start,,,541,24,1,1,1,service_time_sampled=0.033
179.52293670754233,service_end,,,541,24,1,1,1,duration=0.033
179.52293670754233,service_start,,,542,23,1,1,1,service_time_sampled=0.154
179.67708106721963,service_end,,,542,23,1,1,1,duration=0.154
179.67708106721963,service_start,,,543,22,1,1,1,service_time_sampled=0.015
179.69179235691223,service_end,,,543,22,1,1,1,duration=0.015
179.69179235691223,service_start,,,544,21,1,1,1,service_time_sampled=0.038
179.7300637156014,service_end,,,544,21,1,1,1,duration=0.038
179.7300637156014,service_start,,,545,20,1,1,1,service_time_sampled=0.173
179.90265899416224,service_end,,,545,20,1,1,1,duration=0.173
179.90265899416224,service_start,,,546,19,1,1,1,service_time_sampled=0.229
180.0,plane_arrive,15,1,,19,1,1,1,air_q=1
180.0,landing_start,15,1,,19,1,1,1,landing_time=3
180.13193702511614,service_end,,,546,19,1,1,1,duration=0.229
180.13193702511614,service_start,,,547,18,1,1,1,service_time_sampled=0.261
180.39313819809252,service_end,,,547,18,1,1,1,duration=0.261
180.39313819809252,service_start,,,548,17,1,1,1,service_time_sampled=0.099
180.492568526396,service_end,,,548,17,1,1,1,duration=0.099
180.492568526396,service_start,,,549,16,1,1,1,service_time_sampled=0.020
180.51261027156286,service_end,,,549,16,1,1,1,duration=0.020
180.51261027156286,service_start,,,550,15,1,1,1,service_time_sampled=0.016
180.52876305701835,service_end,,,550,15,1,1,1,duration=0.016
180.52876305701835,service_start,,,551,14,1,1,1,service_time_sampled=0.010
180.53876305701834,service_end,,,551,14,1,1,1,duration=0.010
180.53876305701834,service_start,,,552,13,1,1,1,service_time_sampled=0.139
180.67730123358302,service_end,,,552,13,1,1,1,duration=0.139
180.67730123358302,service_start,,,553,12,1,1,1,service_time_sampled=0.027
180.70396660175297,service_end,,,553,12,1,1,1,duration=0.027
180.70396660175297,service_start,,,554,11,1,1,1,service_time_sampled=0.087
180.79093142611828,service_end,,,554,11,1,1,1,duration=0.087
180.79093142611828,service_start,,,555,10,1,1,1,service_time_sampled=0.044
180.83472178950487,service_end,,,555,10,1,1,1,duration=0.044
180.83472178950487,service_start,,,556,9,1,1,1,service_time_sampled=0.082
180.916527512563,service_end,,,556,9,1,1,1,duration=0.082
180.916527512563,service_start,,,557,8,1,1,1,service_time_sampled=0.095
181.01199023026996,service_end,,,557,8,1,1,1,duration=0.095
181.01199023026996,service_start,,,558,7,1,1,1,service_time_sampled=0.048
181.0601174840391,service_end,,,558,7,1,1,1,duration=0.048
181.0601174840391,service_start,,,559,6,1,1,1,service_time_sampled=0.013
181.07341022696951,service_end,,,559,6,1,1,1,duration=0.013
181.07341022696951,service_start,,,560,5,1,1,1,service_time_sampled=0.150
181.22361978539337,service_end,,,560,5,1,1,1,duration=0.150
181.22361978539337,service_start,,,561,4,1,1,1,service_time_sampled=0.252
181.47608945807852,service_end,,,561,4,1,1,1,duration=0.252
181.47608945807852,service_start,,,562,3,1,1,1,service_time_sampled=0.033
181.50922288394082,service_end,,,562,3,1,1,1,duration=0.033
181.50922288394082,service_start,,,563,2,1,1,1,service_time_sampled=0.444
181.95273954679632,service_end,,,563,2,1,1,1,duration=0.444
181.95273954679632,service_start,,,564,1,1,1,1,service_time_sampled=0.011
181.96347406215256,service_end,,,564,1,1,1,1,duration=0.011
181.96347406215256,service_start,,,565,0,1,1,1,service_time_sampled=0.027
181.99042367233568,service_end,,,565,0,1,1,1,duration=0.027
183.0,landing_end,15,1,,0,1,1,1,pad_q=1
184.0,plane_arrive,16,2,,0,1,1,1,air_q=1
185.99247729025726,failure,,,,,0,1,0,element=scanner
187.0,plane_arrive,17,3,,0,0,1,0,air_q=2
190.0,unload_end,15,1,,0,0,1,0,
190.0,passengers_spawned,15,1,,0,0,1,0,count=28
190.0,passenger_queue_arrival,,,566,1,0,1,0,
190.0,passenger_queue_arrival,,,567,2,0,1,0,
190.0,passenger_queue_arrival,,,568,3,0,1,0,
190.0,passenger_queue_arrival,,,569,4,0,1,0,
190.0,passenger_queue_arrival,,,570,5,0,1,0,
190.0,passenger_queue_arrival,,,571,6,0,1,0,
190.0,passenger_queue_arrival,,,572,7,0,1,0,
190.0,passenger_queue_arrival,,,573,8,0,1,0,
190.0,passenger_queue_arrival,,,574,9,0,1,0,
190.0,passenger_queue_arrival,,,575,10,0,1,0,
190.0,passenger_queue_arrival,,,576,11,0,1,0,
190.0,passenger_queue_arrival,,,577,12,0,1,0,
190.0,passenger_queue_arrival,,,578,13,0,1,0,
190.0,passenger_queue_arrival,,,579,14,0,1,0,
190.0,passenger_queue_arrival,,,580,15,0,1,0,
190.0,passenger_queue_arrival,,,581,16,0,1,0,
190.0,passenger_queue_arrival,,,582,17,0,1,0,
190.0,passenger_queue_arrival,,,583,18,0,1,0,
190.0,passenger_queue_arrival,,,584,19,0,1,0,
190.0,passenger_queue_arrival,,,585,20,0,1,0,
190.0,passenger_queue_arrival,,,586,21,0,1,0,
190.0,passenger_queue_arrival,,,587,22,0,1,0,
190.0,passenger_queue_arrival,,,588,23,0,1,0,
190.0,passenger_queue_arrival,,,589,24,0,1,0,
190.0,passenger_queue_arrival,,,590,25,0,1,0,
190.0,passenger_queue_arrival,,,591,26,0,1,0,
190.0,passenger_queue_arrival,,,592,27,0,1,0,
190.0,passenger_queue_arrival,,,593,28,0,1,0,
190.0,landing_start,16,2,,28,0,1,0,landing_time=2
190.0,service_start,,,566,27,0,1,0,service_time_sampled=0.056
192.0,landing_end,16,2,,27,0,1,0,pad_q=1
192.42716163702767,repair,,,,,1,1,1,"element=scanner, repair_time=6.435"
192.5559399150842,service_end,,,566,27,1,1,1,duration=2.556
192.5559399150842,service_start,,,567,26,1,1,1,service_time_sampled=0.120
192.67544482939022,service_end,,,567,26,1,1,1,duration=0.120
192.67544482939022,service_start,,,568,25,1,1,1,service_time_sampled=0.278
192.95353190483033,service_end,,,568,25,1,1,1,duration=0.278
192.95353190483033,service_start,,,569,24,1,1,1,service_time_sampled=0.489
193.4425702789204,service_end,,,569,24,1,1,1,duration=0.489
193.4425702789204,service_start,,,570,23,1,1,1,service_time_sampled=0.228
193.67080357727812,service_end,,,570,23,1,1,1,duration=0.228
193.67080357727812,service_start,,,571,22,1,1,1,service_time_sampled=0.027
193.6973165535355,service_end,,,571,22,1,1,1,duration=0.027
193.6973165535355,service_start,,,572,21,1,1,1,service_time_sampled=0.208
193.90521948797743,service_end,,,572,21,1,1,1,duration=0.208
193.90521948797743,service_start,,,573,20,1,1,1,service_time_sampled=0.045
193.9507008373634,service_end,,,573,20,1,1,1,duration=0.045
193.9507008373634,service_start,,,574,19,1,1,1,service_time_sampled=0.152
194.1030703886169,service_end,,,574,19,1,1,1,duration=0.152
194.1030703886169,service_start,,,575,18,1,1,1,service_time_sampled=0.076
194.17933689882315,service_end,,,575,18,1,1,1,duration=0.076
194.17933689882315,service_start,,,576,17,1,1,1,service_time_sampled=0.136
194.31495253834592,service_end,,,576,17,1,1,1,duration=0.136
194.31495253834592,service_start,,,577,16,1,1,1,service_time_sampled=0.039
194.35429559863599,service_end,,,577,16,1,1,1,duration=0.039
194.35429559863599,service_start,,,578,15,1,1,1,service_time_sampled=0.062
194.41644915753346,service_end,,,578,15,1,1,1,duration=0.062
194.41644915753346,service_start,,,579,14,1,1,1,service_time_sampled=0.078
194.49456049300034,service_end,,,579,14,1,1,1,duration=0.078
194.49456049300034,service_start,,,580,13,1,1,1,service_time_sampled=0.047
194.54176982551186,service_end,,,580,13,1,1,1,duration=0.047
194.54176982551186,service_start,,,581,12,1,1,1,service_time_sampled=0.060
194.6015598044005,service_end,,,581,12,1,1,1,duration=0.060
194.6015598044005,service_start,,,582,11,1,1,1,service_time_sampled=0.206
194.8078625801729,service_end,,,582,11,1,1,1,duration=0.206
194.8078625801729,service_start,,,583,10,1,1,1,service_time_sampled=0.023
194.83063833105388,service_end,,,583,10,1,1,1,duration=0.023
194.83063833105388,service_start,,,584,9,1,1,1,service_time_sampled=0.028
194.85820825993707,service_end,,,584,9,1,1,1,duration=0.028
194.85820825993707,service_start,,,585,8,1,1,1,service_time_sampled=0.084
194.9420842234731,service_end,,,585,8,1,1,1,duration=0.084
194.9420842234731,service_start,,,586,7,1,1,1,service_time_sampled=0.066
195.0082976906831,service_end,,,586,7,1,1,1,duration=0.066
195.0082976906831,service_start,,,587,6,1,1,1,service_time_sampled=0.069
195.07697003278253,service_end,,,587,6,1,1,1,duration=0.069
195.07697003278253,service_start,,,588,5,1,1,1,service_time_sampled=0.238
195.3153398831843,service_end,,,588,5,1,1,1,duration=0.238
195.3153398831843,service_start,,,589,4,1,1,1,service_time_sampled=0.023
195.3382568976982,service_end,,,589,4,1,1,1,duration=0.023
195.3382568976982,service_start,,,590,3,1,1,1,service_time_sampled=0.017
195.35572614234954,service_end,,,590,3,1,1,1,duration=0.017
195.35572614234954,service_start,,,591,2,1,1,1,service_time_sampled=0.025
195.38087034473963,service_end,,,591,2,1,1,1,duration=0.025
195.38087034473963,service_start,,,592,1,1,1,1,service_time_sampled=0.012
195.39313539767284,service_end,,,592,1,1,1,1,duration=0.012
195.39313539767284,service_start,,,593,0,1,1,1,service_time_sampled=0.010
195.40313539767283,service_end,,,593,0,1,1,1,duration=0.010
197.0,plane_arrive,18,1,,0,1,1,1,air_q=2
199.0,unload_end,16,2,,0,1,1,1,
199.0,passengers_spawned,16,2,,0,1,1,1,count=39
199.0,passenger_queue_arrival,,,594,1,1,1,1,
199.0,passenger_queue_arrival,,,595,2,1,1,1,
199.0,passenger_queue_arrival,,,596,3,1,1,1,
199.0,passenger_queue_arrival,,,597,4,1,1,1,
199.0,passenger_queue_arrival,,,598,5,1,1,1,
199.0,passenger_queue_arrival,,,599,6,1,1,1,
199.0,passenger_queue_arrival,,,600,7,1,1,1,
199.0,passenger_queue_arrival,,,601,8,1,1,1,
199.0,passenger_queue_arrival,,,602,9,1,1,1,
199.0,passenger_queue_arrival,,,603,10,1,1,1,
199.0,passenger_queue_arrival,,,604,11,1,1,1,
199.0,passenger_queue_arrival,,,605,12,1,1,1,
199.0,passenger_queue_arrival,,,606,13,1,1,1,
199.0,passenger_queue_arrival,,,607,14,1,1,1,
199.0,passenger_queue_arrival,,,608,15,1,1,1,
199.0,passenger_queue_arrival,,,609,16,1,1,1,
199.0,passenger_queue_arrival,,,610,17,1,1,1,
199.0,passenger_queue_arrival,,,611,18,1,1,1,
199.0,passenger_queue_arrival,,,612,19,1,1,1,
199.0,passenger_queue_arrival,,,613,20,1,1,1,
199.0,passenger_queue_arrival,,,614,21,1,1,1,
199.0,passenger_queue_arrival,,,615,22,1,1,1,
199.0,passenger_queue_arrival,,,616,23,1,1,1,
199.0,passenger_queue_arrival,,,617,24,1,1,1,
199.0,passenger_queue_arrival,,,618,25,1,1,1,
199.0,passenger_queue_arrival,,,619,26,1,1,1,
199.0,passenger_queue_arrival,,,620,27,1,1,1,
199.0,passenger_queue_arrival,,,621,28,1,1,1,
199.0,passenger_queue_arrival,,,622,29,1,1,1,
199.0,passenger_queue_arrival,,,623,30,1,1,1,
199.0,passenger_queue_arrival,,,624,31,1,1,1,
199.0,passenger_queue_arrival,,,625,32,1,1,1,
199.0,passenger_queue_arrival,,,626,33,1,1,1,
199.0,passenger_queue_arrival,,,627,34,1,1,1,
199.0,passenger_queue_arrival,,,628,35,1,1,1,
199.0,passenger_queue_arrival,,,629,36,1,1,1,
199.0,passenger_queue_arrival,,,630,37,1,1,1,
199.0,passenger_queue_arrival,,,631,38,1,1,1,
199.0,passenger_queue_arrival,,,632,39,1,1,1,
199.0,landing_start,17,3,,39,1,1,1,landing_time=4
199.0,service_start,,,594,38,1,1,1,service_time_sampled=0.097
199.09671093191463,service_end,,,594,38,1,1,1,duration=0.097
199.09671093191463,service_start,,,595,37,1,1,1,service_time_sampled=0.012
199.1089583686498,service_end,,,595,37,1,1,1,duration=0.012
199.1089583686498,service_start,,,596,36,1,1,1,service_time_sampled=0.041
199.1504270670662,service_end,,,596,36,1,1,1,duration=0.041
199.1504270670662,service_start,,,597,35,1,1,1,service_time_sampled=0.017
199.16702659300765,service_end,,,597,35,1,1,1,duration=0.017
199.16702659300765,service_start,,,598,34,1,1,1,service_time_sampled=0.133
199.30032253688978,service_end,,,598,34,1,1,1,duration=0.133
199.30032253688978,service_start,,,599,33,1,1,1,service_time_sampled=0.112
199.41203833459682,service_end,,,599,33,1,1,1,duration=0.112
199.41203833459682,service_start,,,600,32,1,1,1,service_time_sampled=0.017
199.42946235733476,service_end,,,600,32,1,1,1,duration=0.017
199.42946235733476,service_start,,,601,31,1,1,1,service_time_sampled=0.081
199.51021036801794,service_end,,,601,31,1,1,1,duration=0.081
199.51021036801794,service_start,,,602,30,1,1,1,service_time_sampled=0.587
200.09695360984185,service_end,,,602,30,1,1,1,duration=0.587
200.09695360984185,service_start,,,603,29,1,1,1,service_time_sampled=0.135
200.23243054030127,service_end,,,603,29,1,1,1,duration=0.135
200.23243054030127,service_start,,,604,28,1,1,1,service_time_sampled=0.148
200.38054682906525,service_end,,,604,28,1,1,1,duration=0.148
200.38054682906525,service_start,,,605,27,1,1,1,service_time_sampled=0.109
200.48953354195527,service_end,,,605,27,1,1,1,duration=0.109
200.48953354195527,service_start,,,606,26,1,1,1,service_time_sampled=0.196
200.68515441737395,service_end,,,606,26,1,1,1,duration=0.196
200.68515441737395,service_start,,,607,25,1,1,1,service_time_sampled=0.060
200.7454909248567,service_end,,,607,25,1,1,1,duration=0.060
200.7454909248567,service_start,,,608,24,1,1,1,service_time_sampled=0.074
200.81958888317456,service_end,,,608,24,1,1,1,duration=0.074
200.81958888317456,service_start,,,609,23,1,1,1,service_time_sampled=0.029
200.84851529058645,service_end,,,609,23,1,1,1,duration=0.029
200.84851529058645,service_start,,,610,22,1,1,1,service_time_sampled=0.080
200.92867440817673,service_end,,,610,22,1,1,1,duration=0.080
200.92867440817673,service_start,,,611,21,1,1,1,service_time_sampled=0.408
201.33644504757606,service_end,,,611,21,1,1,1,duration=0.408
201.33644504757606,service_start,,,612,20,1,1,1,service_time_sampled=0.036
201.37202306482342,service_end,,,612,20,1,1,1,duration=0.036
201.37202306482342,service_start,,,613,19,1,1,1,service_time_sampled=0.019
201.39117882940556,service_end,,,613,19,1,1,1,duration=0.019
201.39117882940556,service_start,,,614,18,1,1,1,service_time_sampled=0.013
201.40368769071904,service_end,,,614,18,1,1,1,duration=0.013
201.40368769071904,service_start,,,615,17,1,1,1,service_time_sampled=0.272
201.67540559866268,service_end,,,615,17,1,1,1,duration=0.272
201.67540559866268,service_start,,,616,16,1,1,1,service_time_sampled=0.104
201.7795395213713,service_end,,,616,16,1,1,1,duration=0.104
201.7795395213713,service_start,,,617,15,1,1,1,service_time_sampled=0.178
201.95728644907584,service_end,,,617,15,1,1,1,duration=0.178
201.95728644907584,service_start,,,618,14,1,1,1,service_time_sampled=0.160
202.11744085380693,service_end,,,618,14,1,1,1,duration=0.160
202.11744085380693,service_start,,,619,13,1,1,1,service_time_sampled=0.188
202.30516182831624,service_end,,,619,13,1,1,1,duration=0.188
202.30516182831624,service_start,,,620,12,1,1,1,service_time_sampled=0.255
202.56049177079413,service_end,,,620,12,1,1,1,duration=0.255
202.56049177079413,service_start,,,621,11,1,1,1,service_time_sampled=0.212
202.77238228134067,service_end,,,621,11,1,1,1,duration=0.212
202.77238228134067,service_start,,,622,10,1,1,1,service_time_sampled=0.256
203.0,landing_end,17,3,,10,1,1,1,pad_q=1
203.02820992402772,service_end,,,622,10,1,1,1,duration=0.256
203.02820992402772,service_start,,,623,9,1,1,1,service_time_sampled=0.013
203.04119531556424,service_end,,,623,9,1,1,1,duration=0.013
203.04119531556424,service_start,,,624,8,1,1,1,service_time_sampled=0.087
203.12803669429113,service_end,,,624,8,1,1,1,duration=0.087
203.12803669429113,service_start,,,625,7,1,1,1,service_time_sampled=0.010
203.13803669429112,service_end,,,625,7,1,1,1,duration=0.010
203.13803669429112,service_start,,,626,6,1,1,1,service_time_sampled=0.125
203.26283403845977,service_end,,,626,6,1,1,1,duration=0.125
203.26283403845977,service_start,,,627,5,1,1,1,service_time_sampled=0.189
203.45196219451884,service_end,,,627,5,1,1,1,duration=0.189
203.45196219451884,service_start,,,628,4,1,1,1,service_time_sampled=0.010
203.46196219451883,service_end,,,628,4,1,1,1,duration=0.010
203.46196219451883,service_start,,,629,3,1,1,1,service_time_sampled=0.059
203.52132870340986,service_end,,,629,3,1,1,1,duration=0.059
203.52132870340986,service_start,,,630,2,1,1,1,service_time_sampled=0.137
203.65808411893602,service_end,,,630,2,1,1,1,duration=0.137
203.65808411893602,service_start,,,631,1,1,1,1,service_time_sampled=0.083
203.74139877162378,service_end,,,631,1,1,1,1,duration=0.083
203.74139877162378,service_start,,,632,0,1,1,1,service_time_sampled=0.229
203.97083456722342,service_end,,,632,0,1,1,1,duration=0.229
210.0,unload_end,17,3,,0,1,1,1,
210.0,passengers_spawned,17,3,,0,1,1,1,count=49
210.0,passenger_queue_arrival,,,633,1,1,1,1,
210.0,passenger_queue_arrival,,,634,2,1,1,1,
210.0,passenger_queue_arrival,,,635,3,1,1,1,
210.0,passenger_queue_arrival,,,636,4,1,1,1,
210.0,passenger_queue_arrival,,,637,5,1,1,1,
210.0,passenger_queue_arrival,,,638,6,1,1,1,
210.0,passenger_queue_arrival,,,639,7,1,1,1,
210.0,passenger_queue_arrival,,,640,8,1,1,1,
210.0,passenger_queue_arrival,,,641,9,1,1,1,
210.0,passenger_queue_arrival,,,642,10,1,1,1,
210.0,passenger_queue_arrival,,,643,11,1,1,1,
210.0,passenger_queue_arrival,,,644,12,1,1,1,
210.0,passenger_queue_arrival,,,645,13,1,1,1,
210.0,passenger_queue_arrival,,,646,14,1,1,1,
210.0,passenger_queue_arrival,,,647,15,1,1,1,
210.0,passenger_queue_arrival,,,648,16,1,1,1,
210.0,passenger_queue_arrival,,,649,17,1,1,1,
210.0,passenger_queue_arrival,,,650,18,1,1,1,
210.0,passenger_queue_arrival,,,651,19,1,1,1,
210.0,passenger_queue_arrival,,,652,20,1,1,1,
210.0,passenger_queue_arrival,,,653,21,1,1,1,
210.0,passenger_queue_arrival,,,654,22,1,1,1,
210.0,passenger_queue_arrival,,,655,23,1,1,1,
210.0,passenger_queue_arrival,,,656,24,1,1,1,
210.0,passenger_queue_arrival,,,657,25,1,1,1,
210.0,passenger_queue_arrival,,,658,26,1,1,1,
210.0,passenger_queue_arrival,,,659,27,1,1,1,
210.0,passenger_queue_arrival,,,660,28,1,1,1,
210.0,passenger_queue_arrival,,,661,29,1,1,1,
210.0,passenger_queue_arrival,,,662,30,1,1,1,
210.0,passenger_queue_arrival,,,663,31,1,1,1,
210.0,passenger_queue_arrival,,,664,32,1,1,1,
210.0,passenger_queue_arrival,,,665,33,1,1,1,
210.0,passenger_queue_arrival,,,666,34,1,1,1,
210.0,passenger_queue_arrival,,,667,35,1,1,1,
210.0,passenger_queue_arrival,,,668,36,1,1,1,
210.0,passenger_queue_arrival,,,669,37,1,1,1,
210.0,passenger_queue_arrival,,,670,38,1,1,1,
210.0,passenger_queue_arrival,,,671,39,1,1,1,
210.0,passenger_queue_arrival,,,672,40,1,1,1,
210.0,passenger_queue_arrival,,,673,41,1,1,1,
210.0,passenger_queue_arrival,,,674,42,1,1,1,
210.0,passenger_queue_arrival,,,675,43,1,1,1,
210.0,passenger_queue_arrival,,,676,44,1,1,1,
210.0,passenger_queue_arrival,,,677,45,1,1,1,
210.0,passenger_queue_arrival,,,678,46,1,1,1,
210.0,passenger_queue_arrival,,,679,47,1,1,1,
210.0,passenger_queue_arrival,,,680,48,1,1,1,
210.0,passenger_queue_arrival,,,681,49,1,1,1,
210.0,landing_start,18,1,,49,1,1,1,landing_time=3
210.0,service_start,,,633,48,1,1,1,service_time_sampled=0.130
210.13033105117222,service_end,,,633,48,1,1,1,duration=0.130
210.13033105117222,service_start,,,634,47,1,1,1,service_time_sampled=0.025
210.1557877530862,service_end,,,634,47,1,1,1,duration=0.025
210.1557877530862,service_start,,,635,46,1,1,1,service_time_sampled=0.356
210.51215654233502,service_end,,,635,46,1,1,1,duration=0.356
210.51215654233502,service_start,,,636,45,1,1,1,service_time_sampled=0.121
210.63286274145185,service_end,,,636,45,1,1,1,duration=0.121
210.63286274145185,service_start,,,637,44,1,1,1,service_time_sampled=0.207
210.84026874878552,service_end,,,637,44,1,1,1,duration=0.207
210.84026874878552,service_start,,,638,43,1,1,1,service_time_sampled=0.136
210.9758600229975,service_end,,,638,43,1,1,1,duration=0.136
210.9758600229975,service_start,,,639,42,1,1,1,service_time_sampled=0.089
211.06497882058432,service_end,,,639,42,1,1,1,duration=0.089
211.06497882058432,service_start,,,640,41,1,1,1,service_time_sampled=0.372
211.4366847784837,service_end,,,640,41,1,1,1,duration=0.372
211.4366847784837,service_start,,,641,40,1,1,1,service_time_sampled=0.186
211.62284038700176,service_end,,,641,40,1,1,1,duration=0.186
211.62284038700176,service_start,,,642,39,1,1,1,service_time_sampled=0.054
211.67718801895953,service_end,,,642,39,1,1,1,duration=0.054
211.67718801895953,service_start,,,643,38,1,1,1,service_time_sampled=0.078
211.75557131292993,service_end,,,643,38,1,1,1,duration=0.078
211.75557131292993,service_start,,,644,37,1,1,1,service_time_sampled=0.087
211.8422183953856,service_end,,,644,37,1,1,1,duration=0.087
211.8422183953856,service_start,,,645,36,1,1,1,service_time_sampled=0.272
212.1141735797622,service_end,,,645,36,1,1,1,duration=0.272
212.1141735797622,service_start,,,646,35,1,1,1,service_time_sampled=0.124
212.23787070767497,service_end,,,646,35,1,1,1,duration=0.124
212.23787070767497,service_start,,,647,34,1,1,1,service_time_sampled=0.091
212.32878626571383,service_end,,,647,34,1,1,1,duration=0.091
212.32878626571383,service_start,,,648,33,1,1,1,service_time_sampled=0.012
212.34052247025434,service_end,,,648,33,1,1,1,duration=0.012
212.34052247025434,service_start,,,649,32,1,1,1,service_time_sampled=0.078
212.41836839772603,service_end,,,649,32,1,1,1,duration=0.078
212.41836839772603,service_start,,,650,31,1,1,1,service_time_sampled=0.172
212.5905859007745,service_end,,,650,31,1,1,1,duration=0.172
212.5905859007745,service_start,,,651,30,1,1,1,service_time_sampled=0.240
212.8305757833524,service_end,,,651,30,1,1,1,duration=0.240
212.8305757833524,service_start,,,652,29,1,1,1,service_time_sampled=0.010
212.8405757833524,service_end,,,652,29,1,1,1,duration=0.010
212.8405757833524,service_start,,,653,28,1,1,1,service_time_sampled=0.096
212.93656160730177,service_end,,,653,28,1,1,1,duration=0.096
212.93656160730177,service_start,,,654,27,1,1,1,service_time_sampled=0.069
213.0,landing_end,18,1,,27,1,1,1,pad_q=1
213.0050709351636,service_end,,,654,27,1,1,1,duration=0.069
213.0050709351636,service_start,,,655,26,1,1,1,service_time_sampled=0.102
213.10730381377002,service_end,,,655,26,1,1,1,duration=0.102
213.10730381377002,service_start,,,656,25,1,1,1,service_time_sampled=0.047
213.15426796488998,service_end,,,656,25,1,1,1,duration=0.047
213.15426796488998,service_start,,,657,24,1,1,1,service_time_sampled=0.110
213.26394599980824,service_end,,,657,24,1,1,1,duration=0.110
213.26394599980824,service_start,,,658,23,1,1,1,service_time_sampled=0.079
213.34312379816248,service_end,,,658,23,1,1,1,duration=0.079
213.34312379816248,service_start,,,659,22,1,1,1,service_time_sampled=0.087
213.43019966228064,service_end,,,659,22,1,1,1,duration=0.087
213.43019966228064,service_start,,,660,21,1,1,1,service_time_sampled=0.077
213.50732046164865,service_end,,,660,21,1,1,1,duration=0.077
213.50732046164865,service_start,,,661,20,1,1,1,service_time_sampled=0.047
213.55428395221384,service_end,,,661,20,1,1,1,duration=0.047
213.55428395221384,service_start,,,662,19,1,1,1,service_time_sampled=0.036
213.58985257276055,service_end,,,662,19,1,1,1,duration=0.036
213.58985257276055,service_start,,,663,18,1,1,1,service_time_sampled=0.030
213.6201304338416,service_end,,,663,18,1,1,1,duration=0.030
213.6201304338416,service_start,,,664,17,1,1,1,service_time_sampled=0.210
213.83055510425928,service_end,,,664,17,1,1,1,duration=0.210
213.83055510425928,service_start,,,665,16,1,1,1,service_time_sampled=0.336
214.16639140312142,service_end,,,665,16,1,1,1,duration=0.336
214.16639140312142,service_start,,,666,15,1,1,1,service_time_sampled=0.564
214.72990535098373,service_end,,,666,15,1,1,1,duration=0.564
214.72990535098373,service_start,,,667,14,1,1,1,service_time_sampled=0.064
214.7934239364361,service_end,,,667,14,1,1,1,duration=0.064
214.7934239364361,service_start,,,668,13,1,1,1,service_time_sampled=0.206
214.9992080071695,service_end,,,668,13,1,1,1,duration=0.206
214.9992080071695,service_start,,,669,12,1,1,1,service_time_sampled=0.010
215.0092080071695,service_end,,,669,12,1,1,1,duration=0.010
215.0092080071695,service_start,,,670,11,1,1,1,service_time_sampled=0.137
215.1465032107531,service_end,,,670,11,1,1,1,duration=0.137
215.1465032107531,service_start,,,671,10,1,1,1,service_time_sampled=0.062
215.2086216644697,service_end,,,671,10,1,1,1,duration=0.062
215.2086216644697,service_start,,,672,9,1,1,1,service_time_sampled=0.017
215.2255490883717,service_end,,,672,9,1,1,1,duration=0.017
215.2255490883717,service_start,,,673,8,1,1,1,service_time_sampled=0.100
215.325992118322,service_end,,,673,8,1,1,1,duration=0.100
215.325992118322,service_start,,,674,7,1,1,1,service_time_sampled=0.168
215.4944117966614,service_end,,,674,7,1,1,1,duration=0.168
215.4944117966614,service_start,,,675,6,1,1,1,service_time_sampled=0.094
215.58823791813174,service_end,,,675,6,1,1,1,duration=0.094
215.58823791813174,service_start,,,676,5,1,1,1,service_time_sampled=0.010
215.59853096169326,service_end,,,676,5,1,1,1,duration=0.010
215.59853096169326,service_start,,,677,4,1,1,1,service_time_sampled=0.126
215.7246479586507,service_end,,,677,4,1,1,1,duration=0.126
215.7246479586507,service_start,,,678,3,1,1,1,service_time_sampled=0.017
215.74195097391464,service_end,,,678,3,1,1,1,duration=0.017
215.74195097391464,service_start,,,679,2,1,1,1,service_time_sampled=0.166
215.9076362022048,service_end,,,679,2,1,1,1,duration=0.166
215.9076362022048,service_start,,,680,1,1,1,1,service_time_sampled=0.151
216.05843163263114,service_end,,,680,1,1,1,1,duration=0.151
216.05843163263114,service_start,,,681,0,1,1,1,service_time_sampled=0.053
216.11133235656797,service_end,,,681,0,1,1,1,duration=0.053
218.0,plane_arrive,19,2,,0,1,1,1,air_q=1
220.0,unload_end,18,1,,0,1,1,1,
220.0,passengers_spawned,18,1,,0,1,1,1,count=30
220.0,passenger_queue_arrival,,,682,1,1,1,1,
220.0,passenger_queue_arrival,,,683,2,1,1,1,
220.0,passenger_queue_arrival,,,684,3,1,1,1,
220.0,passenger_queue_arrival,,,685,4,1,1,1,
220.0,passenger_queue_arrival,,,686,5,1,1,1,
220.0,passenger_queue_arrival,,,687,6,1,1,1,
220.0,passenger_queue_arrival,,,688,7,1,1,1,
220.0,passenger_queue_arrival,,,689,8,1,1,1,
220.0,passenger_queue_arrival,,,690,9,1,1,1,
220.0,passenger_queue_arrival,,,691,10,1,1,1,
220.0,passenger_queue_arrival,,,692,11,1,1,1,
220.0,passenger_queue_arrival,,,693,12,1,1,1,
220.0,passenger_queue_arrival,,,694,13,1,1,1,
220.0,passenger_queue_arrival,,,695,14,1,1,1,
220.0,passenger_queue_arrival,,,696,15,1,1,1,
220.0,passenger_queue_arrival,,,697,16,1,1,1,
220.0,passenger_queue_arrival,,,698,17,1,1,1,
220.0,passenger_queue_arrival,,,699,18,1,1,1,
220.0,passenger_queue_arrival,,,700,19,1,1,1,
220.0,passenger_queue_arrival,,,701,20,1,1,1,
220.0,passenger_queue_arrival,,,702,21,1,1,1,
220.0,passenger_queue_arrival,,,703,22,1,1,1,
220.0,passenger_queue_arrival,,,704,23,1,1,1,
220.0,passenger_queue_arrival,,,705,24,1,1,1,
220.0,passenger_queue_arrival,,,706,25,1,1,1,
220.0,passenger_queue_arrival,,,707,26,1,1,1,
220.0,passenger_queue_arrival,,,708,27,1,1,1,
220.0,passenger_queue_arrival,,,709,28,1,1,1,
220.0,passenger_queue_arrival,,,710,29,1,1,1,
220.0,passenger_queue_arrival,,,711,30,1,1,1,
220.0,landing_start,19,2,,30,1,1,1,landing_time=2
220.0,service_start,,,682,29,1,1,1,service_time_sampled=0.181
220.18111662494582,service_end,,,682,29,1,1,1,duration=0.181
220.18111662494582,service_start,,,683,28,1,1,1,service_time_sampled=0.074
220.25470613666988,service_end,,,683,28,1,1,1,duration=0.074
220.25470613666988,service_start,,,684,27,1,1,1,service_time_sampled=0.141
220.39565549782628,service_end,,,684,27,1,1,1,duration=0.141
220.39565549782628,service_start,,,685,26,1,1,1,service_time_sampled=0.074
220.46995871049774,service_end,,,685,26,1,1,1,duration=0.074
220.46995871049774,service_start,,,686,25,1,1,1,service_time_sampled=0.018
220.4880608236235,service_end,,,686,25,1,1,1,duration=0.018
220.4880608236235,service_start,,,687,24,1,1,1,service_time_sampled=0.055
220.5430618522217,service_end,,,687,24,1,1,1,duration=0.055
220.5430618522217,service_start,,,688,23,1,1,1,service_time_sampled=0.080
220.62297916917993,service_end,,,688,23,1,1,1,duration=0.080
220.62297916917993,service_start,,,689,22,1,1,1,service_time_sampled=0.034
220.6567362644154,service_end,,,689,22,1,1,1,duration=0.034
220.6567362644154,service_start,,,690,21,1,1,1,service_time_sampled=0.066
220.72226662941,service_end,,,690,21,1,1,1,duration=0.066
220.72226662941,service_start,,,691,20,1,1,1,service_time_sampled=0.392
221.0,plane_arrive,20,2,,20,1,1,1,air_q=1
221.11472822872892,service_end,,,691,20,1,1,1,duration=0.392
221.11472822872892,service_start,,,692,19,1,1,1,service_time_sampled=0.080
221.19496600579924,service_end,,,692,19,1,1,1,duration=0.080
221.19496600579924,service_start,,,693,18,1,1,1,service_time_sampled=0.128
221.32288894887088,service_end,,,693,18,1,1,1,duration=0.128
221.32288894887088,service_start,,,694,17,1,1,1,service_time_sampled=0.058
221.38118632944278,service_end,,,694,17,1,1,1,duration=0.058
221.38118632944278,service_start,,,695,16,1,1,1,service_time_sampled=0.084
221.46494165063052,service_end,,,695,16,1,1,1,duration=0.084
221.46494165063052,service_start,,,696,15,1,1,1,service_time_sampled=0.170
221.6353649827486,service_end,,,696,15,1,1,1,duration=0.170
221.6353649827486,service_start,,,697,14,1,1,1,service_time_sampled=0.174
221.80977678022265,service_end,,,697,14,1,1,1,duration=0.174
221.80977678022265,service_start,,,698,13,1,1,1,service_time_sampled=0.062
221.8719575841565,service_end,,,698,13,1,1,1,duration=0.062
221.8719575841565,service_start,,,699,12,1,1,1,service_time_sampled=0.010
221.88195758415648,service_end,,,699,12,1,1,1,duration=0.010
221.88195758415648,service_start,,,700,11,1,1,1,service_time_sampled=0.097
221.97846343547462,service_end,,,700,11,1,1,1,duration=0.097
221.97846343547462,service_start,,,701,10,1,1,1,service_time_sampled=0.037
222.0,landing_end,19,2,,10,1,1,1,pad_q=1
222.01574100698502,service_end,,,701,10,1,1,1,duration=0.037
222.01574100698502,service_start,,,702,9,1,1,1,service_time_sampled=0.327
222.3431719045668,service_end,,,702,9,1,1,1,duration=0.327
222.3431719045668,service_start,,,703,8,1,1,1,service_time_sampled=0.169
222.5117866201825,service_end,,,703,8,1,1,1,duration=0.169
222.5117866201825,service_start,,,704,7,1,1,1,service_time_sampled=0.197
222.70889175013258,service_end,,,704,7,1,1,1,duration=0.197
222.70889175013258,service_start,,,705,6,1,1,1,service_time_sampled=0.217
222.9262408190302,service_end,,,705,6,1,1,1,duration=0.217
222.9262408190302,service_start,,,706,5,1,1,1,service_time_sampled=0.045
222.97109303454482,service_end,,,706,5,1,1,1,duration=0.045
222.97109303454482,service_start,,,707,4,1,1,1,service_time_sampled=0.144
223.0,plane_arrive,21,3,,4,1,1,1,air_q=2
223.1154992348829,service_end,,,707,4,1,1,1,duration=0.144
223.1154992348829,service_start,,,708,3,1,1,1,service_time_sampled=0.015
223.1303535744634,service_end,,,708,3,1,1,1,duration=0.015
223.1303535744634,service_start,,,709,2,1,1,1,service_time_sampled=0.208
223.33847527444968,service_end,,,709,2,1,1,1,duration=0.208
223.33847527444968,service_start,,,710,1,1,1,1,service_time_sampled=0.245
223.58316099537234,service_end,,,710,1,1,1,1,duration=0.245
223.58316099537234,service_start,,,711,0,1,1,1,service_time_sampled=0.030
223.61361289493007,service_end,,,711,0,1,1,1,duration=0.030
228.46274961601836,failure,,,,,0,1,0,element=scanner
229.0,unload_end,19,2,,0,0,1,0,
229.0,passengers_spawned,19,2,,0,0,1,0,count=39
229.0,passenger_queue_arrival,,,712,1,0,1,0,
229.0,passenger_queue_arrival,,,713,2,0,1,0,
229.0,passenger_queue_arrival,,,714,3,0,1,0,
229.0,passenger_queue_arrival,,,715,4,0,1,0,
229.0,passenger_queue_arrival,,,716,5,0,1,0,
229.0,passenger_queue_arrival,,,717,6,0,1,0,
229.0,passenger_queue_arrival,,,718,7,0,1,0,
229.0,passenger_queue_arrival,,,719,8,0,1,0,
229.0,passenger_queue_arrival,,,720,9,0,1,0,
229.0,passenger_queue_arrival,,,721,10,0,1,0,
229.0,passenger_queue_arrival,,,722,11,0,1,0,
229.0,passenger_queue_arrival,,,723,12,0,1,0,
229.0,passenger_queue_arrival,,,724,13,0,1,0,
229.0,passenger_queue_arrival,,,725,14,0,1,0,
229.0,passenger_queue_arrival,,,726,15,0,1,0,
229.0,passenger_queue_arrival,,,727,16,0,1,0,
229.0,passenger_queue_arrival,,,728,17,0,1,0,
229.0,passenger_queue_arrival,,,729,18,0,1,0,
229.0,passenger_queue_arrival,,,730,19,0,1,0,
229.0,passenger_queue_arrival,,,731,20,0,1,0,
229.0,passenger_queue_arrival,,,732,21,0,1,0,
229.0,passenger_queue_arrival,,,733,22,0,1,0,
229.0,passenger_queue_arrival,,,734,23,0,1,0,
229.0,passenger_queue_arrival,,,735,24,0,1,0,
229.0,passenger_queue_arrival,,,736,25,0,1,0,
229.0,passenger_queue_arrival,,,737,26,0,1,0,
229.0,passenger_queue_arrival,,,738,27,0,1,0,
229.0,passenger_queue_arrival,,,739,28,0,1,0,
229.0,passenger_queue_arrival,,,740,29,0,1,0,
229.0,passenger_queue_arrival,,,741,30,0,1,0,
229.0,passenger_queue_arrival,,,742,31,0,1,0,
229.0,passenger_queue_arrival,,,743,32,0,1,0,
229.0,passenger_queue_arrival,,,744,33,0,1,0,
229.0,passenger_queue_arrival,,,745,34,0,1,0,
229.0,passenger_queue_arrival,,,746,35,0,1,0,
229.0,passenger_queue_arrival,,,747,36,0,1,0,
229.0,passenger_queue_arrival,,,748,37,0,1,0,
229.0,passenger_queue_arrival,,,749,38,0,1,0,
229.0,passenger_queue_arrival,,,750,39,0,1,0,
229.0,landing_start,20,2,,39,0,1,0,landing_time=3
229.0,service_start,,,712,38,0,1,0,service_time_sampled=0.053
229.80171855259766,failure,,,,,0,0,0,element=door
232.0,landing_end,20,2,,38,0,0,0,pad_q=1
234.0,plane_arrive,22,1,,38,0,0,0,air_q=2
234.7943655627837,repair,,,,,1,0,0,"element=scanner, repair_time=6.332"
239.0,unload_end,20,2,,38,1,0,0,
239.0,passengers_spawned,20,2,,38,1,0,0,count=41
239.0,passenger_queue_arrival,,,751,39,1,0,0,
239.0,passenger_queue_arrival,,,752,40,1,0,0,
239.0,passenger_queue_arrival,,,753,41,1,0,0,
239.0,passenger_queue_arrival,,,754,42,1,0,0,
239.0,passenger_queue_arrival,,,755,43,1,0,0,
239.0,passenger_queue_arrival,,,756,44,1,0,0,
239.0,passenger_queue_arrival,,,757,45,1,0,0,
239.0,passenger_queue_arrival,,,758,46,1,0,0,
239.0,passenger_queue_arrival,,,759,47,1,0,0,
239.0,passenger_queue_arrival,,,760,48,1,0,0,
239.0,passenger_queue_arrival,,,761,49,1,0,0,
239.0,passenger_queue_arrival,,,762,50,1,0,0,
239.0,passenger_queue_arrival,,,763,51,1,0,0,
239.0,passenger_queue_arrival,,,764,52,1,0,0,
239.0,passenger_queue_arrival,,,765,53,1,0,0,
239.0,passenger_queue_arrival,,,766,54,1,0,0,
239.0,passenger_queue_arrival,,,767,55,1,0,0,
239.0,passenger_queue_arrival,,,768,56,1,0,0,
239.0,passenger_queue_arrival,,,769,57,1,0,0,
239.0,passenger_queue_arrival,,,770,58,1,0,0,
239.0,passenger_queue_arrival,,,771,59,1,0,0,
239.0,passenger_queue_arrival,,,772,60,1,0,0,
239.0,passenger_queue_arrival,,,773,61,1,0,0,
239.0,passenger_queue_arrival,,,774,62,1,0,0,
239.0,passenger_queue_arrival,,,775,63,1,0,0,
239.0,passenger_queue_arrival,,,776,64,1,0,0,
239.0,passenger_queue_arrival,,,777,65,1,0,0,
239.0,passenger_queue_arrival,,,778,66,1,0,0,
239.0,passenger_queue_arrival,,,779,67,1,0,0,
239.0,passenger_queue_arrival,,,780,68,1,0,0,
239.0,passenger_queue_arrival,,,781,69,1,0,0,
239.0,passenger_queue_arrival,,,782,70,1,0,0,
239.0,passenger_queue_arrival,,,783,71,1,0,0,
239.0,passenger_queue_arrival,,,784,72,1,0,0,
239.0,passenger_queue_arrival,,,785,73,1,0,0,
239.0,passenger_queue_arrival,,,786,74,1,0,0,
239.0,passenger_queue_arrival,,,787,75,1,0,0,
239.0,passenger_queue_arrival,,,788,76,1,0,0,
239.0,passenger_queue_arrival,,,789,77,1,0,0,
239.0,passenger_queue_arrival,,,790,78,1,0,0,
239.0,passenger_queue_arrival,,,791,79,1,0,0,
239.0,landing_start,21,3,,79,1,0,0,landing_time=3
240.17066654325072,repair,,,,,1,1,1,"element=door, repair_time=10.369"
240.25464890103572,service_end,,,712,79,1,1,1,duration=11.255
240.25464890103572,service_start,,,713,78,1,1,1,service_time_sampled=0.010
240.2646489010357,service_end,,,713,78,1,1,1,duration=0.010
240.2646489010357,service_start,,,714,77,1,1,1,service_time_sampled=0.036
240.30030077124437,service_end,,,714,77,1,1,1,duration=0.036
240.30030077124437,service_start,,,715,76,1,1,1,service_time_sampled=0.135
240.43568326454687,service_end,,,715,76,1,1,1,duration=0.135
240.43568326454687,service_start,,,716,75,1,1,1,service_time_sampled=0.052
240.48811876031073,service_end,,,716,75,1,1,1,duration=0.052
240.48811876031073,service_start,,,717,74,1,1,1,service_time_sampled=0.138
240.62575884594443,service_end,,,717,74,1,1,1,duration=0.138
240.62575884594443,service_start,,,718,73,1,1,1,service_time_sampled=0.015
240.64089235374877,service_end,,,718,73,1,1,1,duration=0.015
240.64089235374877,service_start,,,719,72,1,1,1,service_time_sampled=0.159
240.79953870702656,service_end,,,719,72,1,1,1,duration=0.159
240.79953870702656,service_start,,,720,71,1,1,1,service_time_sampled=0.010
240.80953870702655,service_end,,,720,71,1,1,1,duration=0.010
240.80953870702655,service_start,,,721,70,1,1,1,service_time_sampled=0.090
240.89967540639404,service_end,,,721,70,1,1,1,duration=0.090
240.89967540639404,service_start,,,722,69,1,1,1,service_time_sampled=0.183
241.0823574631154,service_end,,,722,69,1,1,1,duration=0.183
241.0823574631154,service_start,,,723,68,1,1,1,service_time_sampled=0.017
241.09958081679966,service_end,,,723,68,1,1,1,duration=0.017
241.09958081679966,service_start,,,724,67,1,1,1,service_time_sampled=0.271
241.37027491729071,service_end,,,724,67,1,1,1,duration=0.271
241.37027491729071,service_start,,,725,66,1,1,1,service_time_sampled=0.025
241.39576976101392,service_end,,,725,66,1,1,1,duration=0.025
241.39576976101392,service_start,,,726,65,1,1,1,service_time_sampled=0.050
241.44531315231686,service_end,,,726,65,1,1,1,duration=0.050
241.44531315231686,service_start,,,727,64,1,1,1,service_time_sampled=0.041
241.4860283912793,service_end,,,727,64,1,1,1,duration=0.041
241.4860283912793,service_start,,,728,63,1,1,1,service_time_sampled=0.083
241.56932165019296,service_end,,,728,63,1,1,1,duration=0.083
241.56932165019296,service_start,,,729,62,1,1,1,service_time_sampled=0.012
241.58160310988794,service_end,,,729,62,1,1,1,duration=0.012
241.58160310988794,service_start,,,730,61,1,1,1,service_time_sampled=0.110
241.6918184463316,service_end,,,730,61,1,1,1,duration=0.110
241.6918184463316,service_start,,,731,60,1,1,1,service_time_sampled=0.394
242.0,landing_end,21,3,,60,1,1,1,pad_q=1
242.08596786416777,service_end,,,731,60,1,1,1,duration=0.394
242.08596786416777,service_start,,,732,59,1,1,1,service_time_sampled=0.010
242.09596786416776,service_end,,,732,59,1,1,1,duration=0.010
242.09596786416776,service_start,,,733,58,1,1,1,service_time_sampled=0.133
242.22902522480908,service_end,,,733,58,1,1,1,duration=0.133
242.22902522480908,service_start,,,734,57,1,1,1,service_time_sampled=0.080
242.30916907418273,service_end,,,734,57,1,1,1,duration=0.080
242.30916907418273,service_start,,,735,56,1,1,1,service_time_sampled=0.268
242.57731143647817,service_end,,,735,56,1,1,1,duration=0.268
242.57731143647817,service_start,,,736,55,1,1,1,service_time_sampled=0.010
242.58761013141392,service_end,,,736,55,1,1,1,duration=0.010
242.58761013141392,service_start,,,737,54,1,1,1,service_time_sampled=0.185
242.7722057786065,service_end,,,737,54,1,1,1,duration=0.185
242.7722057786065,service_start,,,738,53,1,1,1,service_time_sampled=0.010
242.78220577860648,service_end,,,738,53,1,1,1,duration=0.010
242.78220577860648,service_start,,,739,52,1,1,1,service_time_sampled=0.113
242.894858907719,service_end,,,739,52,1,1,1,duration=0.113
242.894858907719,service_start,,,740,51,1,1,1,service_time_sampled=0.105
243.00020000708994,service_end,,,740,51,1,1,1,duration=0.105
243.00020000708994,service_start,,,741,50,1,1,1,service_time_sampled=0.054
243.05394584454868,service_end,,,741,50,1,1,1,duration=0.054
243.05394584454868,service_start,,,742,49,1,1,1,service_time_sampled=0.061
243.11462029840763,service_end,,,742,49,1,1,1,duration=0.061
243.11462029840763,service_start,,,743,48,1,1,1,service_time_sampled=0.032
243.1462455984986,service_end,,,743,48,1,1,1,duration=0.032
243.1462455984986,service_start,,,744,47,1,1,1,service_time_sampled=0.410
243.55654550948898,service_end,,,744,47,1,1,1,duration=0.410
243.55654550948898,service_start,,,745,46,1,1,1,service_time_sampled=0.159
243.715258047438,service_end,,,745,46,1,1,1,duration=0.159
243.715258047438,service_start,,,746,45,1,1,1,service_time_sampled=0.055
243.7701830573278,service_end,,,746,45,1,1,1,duration=0.055
243.7701830573278,service_start,,,747,44,1,1,1,service_time_sampled=0.037
243.807356401343,service_end,,,747,44,1,1,1,duration=0.037
243.807356401343,service_start,,,748,43,1,1,1,service_time_sampled=0.015
243.8224388530221,service_end,,,748,43,1,1,1,duration=0.015
243.8224388530221,service_start,,,749,42,1,1,1,service_time_sampled=0.035
243.85747401023784,service_end,,,749,42,1,1,1,duration=0.035
243.85747401023784,service_start,,,750,41,1,1,1,service_time_sampled=0.056
243.91325028843946,service_end,,,750,41,1,1,1,duration=0.056
243.91325028843946,service_start,,,751,40,1,1,1,service_time_sampled=0.029
243.94175457528132,service_end,,,751,40,1,1,1,duration=0.029
243.94175457528132,service_start,,,752,39,1,1,1,service_time_sampled=0.029
243.970766657506,service_end,,,752,39,1,1,1,duration=0.029
243.970766657506,service_start,,,753,38,1,1,1,service_time_sampled=0.111
244.08209400159146,service_end,,,753,38,1,1,1,duration=0.111
244.08209400159146,service_start,,,754,37,1,1,1,service_time_sampled=0.091
244.17349792207324,service_end,,,754,37,1,1,1,duration=0.091
244.17349792207324,service_start,,,755,36,1,1,1,service_time_sampled=0.055
244.22833975932906,service_end,,,755,36,1,1,1,duration=0.055
244.22833975932906,service_start,,,756,35,1,1,1,service_time_sampled=0.102
244.3305461969795,service_end,,,756,35,1,1,1,duration=0.102
244.3305461969795,service_start,,,757,34,1,1,1,service_time_sampled=0.020
244.35089164897656,service_end,,,757,34,1,1,1,duration=0.020
244.35089164897656,service_start,,,758,33,1,1,1,service_time_sampled=0.115
244.466168530013,service_end,,,758,33,1,1,1,duration=0.115
244.466168530013,service_start,,,759,32,1,1,1,service_time_sampled=0.130
244.59601121219183,service_end,,,759,32,1,1,1,duration=0.130
244.59601121219183,service_start,,,760,31,1,1,1,service_time_sampled=0.160
244.75580281234963,service_end,,,760,31,1,1,1,duration=0.160
244.75580281234963,service_start,,,761,30,1,1,1,service_time_sampled=0.063
244.8189982537957,service_end,,,761,30,1,1,1,duration=0.063
244.8189982537957,service_start,,,762,29,1,1,1,service_time_sampled=0.170
244.98924261607425,service_end,,,762,29,1,1,1,duration=0.170
244.98924261607425,service_start,,,763,28,1,1,1,service_time_sampled=0.014
245.0029420340271,service_end,,,763,28,1,1,1,duration=0.014
245.0029420340271,service_start,,,764,27,1,1,1,service_time_sampled=0.370
245.37321815956847,service_end,,,764,27,1,1,1,duration=0.370
245.37321815956847,service_start,,,765,26,1,1,1,service_time_sampled=0.085
245.4578855779622,service_end,,,765,26,1,1,1,duration=0.085
245.4578855779622,service_start,,,766,25,1,1,1,service_time_sampled=0.497
245.9544694248289,service_end,,,766,25,1,1,1,duration=0.497
245.9544694248289,service_start,,,767,24,1,1,1,service_time_sampled=0.072
246.0,plane_arrive,23,3,,24,1,1,1,air_q=2
246.02668289641315,service_end,,,767,24,1,1,1,duration=0.072
246.02668289641315,service_start,,,768,23,1,1,1,service_time_sampled=0.010
246.03668289641314,service_end,,,768,23,1,1,1,duration=0.010
246.03668289641314,service_start,,,769,22,1,1,1,service_time_sampled=0.225
246.26166616835988,service_end,,,769,22,1,1,1,duration=0.225
246.26166616835988,service_start,,,770,21,1,1,1,service_time_sampled=0.051
246.31243456115197,service_end,,,770,21,1,1,1,duration=0.051
246.31243456115197,service_start,,,771,20,1,1,1,service_time_sampled=0.057
246.36991260649629,service_end,,,771,20,1,1,1,duration=0.057
246.36991260649629,service_start,,,772,19,1,1,1,service_time_sampled=0.010
246.37991260649628,service_end,,,772,19,1,1,1,duration=0.010
246.37991260649628,service_start,,,773,18,1,1,1,service_time_sampled=0.120
246.4995580515065,service_end,,,773,18,1,1,1,duration=0.120
246.4995580515065,service_start,,,774,17,1,1,1,service_time_sampled=0.074
246.57315700372155,service_end,,,774,17,1,1,1,duration=0.074
246.57315700372155,service_start,,,775,16,1,1,1,service_time_sampled=0.010
246.58315700372154,service_end,,,775,16,1,1,1,duration=0.010
246.58315700372154,service_start,,,776,15,1,1,1,service_time_sampled=0.122
246.70539256660098,service_end,,,776,15,1,1,1,duration=0.122
246.70539256660098,service_start,,,777,14,1,1,1,service_time_sampled=0.010
246.71539256660097,service_end,,,777,14,1,1,1,duration=0.010
246.71539256660097,service_start,,,778,13,1,1,1,service_time_sampled=0.167
246.88262270865349,service_end,,,778,13,1,1,1,duration=0.167
246.88262270865349,service_start,,,779,12,1,1,1,service_time_sampled=0.034
246.9169275013189,service_end,,,779,12,1,1,1,duration=0.034
246.9169275013189,service_start,,,780,11,1,1,1,service_time_sampled=0.072
246.98870783536861,service_end,,,780,11,1,1,1,duration=0.072
246.98870783536861,service_start,,,781,10,1,1,1,service_time_sampled=0.168
247.15679554072528,service_end,,,781,10,1,1,1,duration=0.168
247.15679554072528,service_start,,,782,9,1,1,1,service_time_sampled=0.273
247.42983069013573,service_end,,,782,9,1,1,1,duration=0.273
247.42983069013573,service_start,,,783,8,1,1,1,service_time_sampled=0.214
247.64403774768527,service_end,,,783,8,1,1,1,duration=0.214
247.64403774768527,service_start,,,784,7,1,1,1,service_time_sampled=0.105
247.7494956259046,service_end,,,784,7,1,1,1,duration=0.105
247.7494956259046,service_start,,,785,6,1,1,1,service_time_sampled=0.010
247.75949562590458,service_end,,,785,6,1,1,1,duration=0.010
247.75949562590458,service_start,,,786,5,1,1,1,service_time_sampled=0.022
247.78196970447436,service_end,,,786,5,1,1,1,duration=0.022
247.78196970447436,service_start,,,787,4,1,1,1,service_time_sampled=0.510
248.29198365247277,service_end,,,787,4,1,1,1,duration=0.510
248.29198365247277,service_start,,,788,3,1,1,1,service_time_sampled=0.012
248.30400522905597,service_end,,,788,3,1,1,1,duration=0.012
248.30400522905597,service_start,,,789,2,1,1,1,service_time_sampled=0.054
248.35765087043924,service_end,,,789,2,1,1,1,duration=0.054
248.35765087043924,service_start,,,790,1,1,1,1,service_time_sampled=0.063
248.42077639495508,service_end,,,790,1,1,1,1,duration=0.063
248.42077639495508,service_start,,,791,0,1,1,1,service_time_sampled=0.167
248.58811613902358,service_end,,,791,0,1,1,1,duration=0.167
249.0,plane_arrive,24,2,,0,1,1,1,air_q=3
249.0,unload_end,21,3,,0,1,1,1,
249.0,passengers_spawned,21,3,,0,1,1,1,count=53
249.0,passenger_queue_arrival,,,792,1,1,1,1,
249.0,passenger_queue_arrival,,,793,2,1,1,1,
249.0,passenger_queue_arrival,,,794,3,1,1,1,
249.0,passenger_queue_arrival,,,795,4,1,1,1,
249.0,passenger_queue_arrival,,,796,5,1,1,1,
249.0,passenger_queue_arrival,,,797,6,1,1,1,
249.0,passenger_queue_arrival,,,798,7,1,1,1,
249.0,passenger_queue_arrival,,,799,8,1,1,1,
249.0,passenger_queue_arrival,,,800,9,1,1,1,
249.0,passenger_queue_arrival,,,801,10,1,1,1,
249.0,passenger_queue_arrival,,,802,11,1,1,1,
249.0,passenger_queue_arrival,,,803,12,1,1,1,
249.0,passenger_queue_arrival,,,804,13,1,1,1,
249.0,passenger_queue_arrival,,,805,14,1,1,1,
249.0,passenger_queue_arrival,,,806,15,1,1,1,
249.0,passenger_queue_arrival,,,807,16,1,1,1,
249.0,passenger_queue_arrival,,,808,17,1,1,1,
249.0,passenger_queue_arrival,,,809,18,1,1,1,
249.0,passenger_queue_arrival,,,810,19,1,1,1,
249.0,passenger_queue_arrival,,,811,20,1,1,1,
249.0,passenger_queue_arrival,,,812,21,1,1,1,
249.0,passenger_queue_arrival,,,813,22,1,1,1,
249.0,passenger_queue_arrival,,,814,23,1,1,1,
249.0,passenger_queue_arrival,,,815,24,1,1,1,
249.0,passenger_queue_arrival,,,816,25,1,1,1,
249.0,passenger_queue_arrival,,,817,26,1,1,1,
249.0,passenger_queue_arrival,,,818,27,1,1,1,
249.0,passenger_queue_arrival,,,819,28,1,1,1,
249.0,passenger_queue_arrival,,,820,29,1,1,1,
249.0,passenger_queue_arrival,,,821,30,1,1,1,
249.0,passenger_queue_arrival,,,822,31,1,1,1,
249.0,passenger_queue_arrival,,,823,32,1,1,1,
249.0,passenger_queue_arrival,,,824,33,1,1,1,
249.0,passenger_queue_arrival,,,825,34,1,1,1,
249.0,passenger_queue_arrival,,,826,35,1,1,1,
249.0,passenger_queue_arrival,,,827,36,1,1,1,
249.0,passenger_queue_arrival,,,828,37,1,1,1,
249.0,passenger_queue_arrival,,,829,38,1,1,1,
249.0,passenger_queue_arrival,,,830,39,1,1,1,
249.0,passenger_queue_arrival,,,831,40,1,1,1,
249.0,passenger_queue_arrival,,,832,41,1,1,1,
249.0,passenger_queue_arrival,,,833,42,1,1,1,
249.0,passenger_queue_arrival,,,834,43,1,1,1,
249.0,passenger_queue_arrival,,,835,44,1,1,1,
249.0,passenger_queue_arrival,,,836,45,1,1,1,
249.0,passenger_queue_arrival,,,837,46,1,1,1,
249.0,passenger_queue_arrival,,,838,47,1,1,1,
249.0,passenger_queue_arrival,,,839,48,1,1,1,
249.0,passenger_queue_arrival,,,840,49,1,1,1,
249.0,passenger_queue_arrival,,,841,50,1,1,1,
249.0,passenger_queue_arrival,,,842,51,1,1,1,
249.0,passenger_queue_arrival,,,843,52,1,1,1,
249.0,passenger_queue_arrival,,,844,53,1,1,1,
249.0,landing_start,22,1,,53,1,1,1,landing_time=3
249.0,service_start,,,792,52,1,1,1,service_time_sampled=0.057
249.0566926296908,service_end,,,792,52,1,1,1,duration=0.057
249.0566926296908,service_start,,,793,51,1,1,1,service_time_sampled=0.043
249.09988775024,service_end,,,793,51,1,1,1,duration=0.043
249.09988775024,service_start,,,794,50,1,1,1,service_time_sampled=0.350
249.45030575980655,service_end,,,794,50,1,1,1,duration=0.350
249.45030575980655,service_start,,,795,49,1,1,1,service_time_sampled=0.036
249.48666508806932,service_end,,,795,49,1,1,1,duration=0.036
249.48666508806932,service_start,,,796,48,1,1,1,service_time_sampled=0.059
249.54558330896143,service_end,,,796,48,1,1,1,duration=0.059
249.54558330896143,service_start,,,797,47,1,1,1,service_time_sampled=0.012
249.55746372277656,service_end,,,797,47,1,1,1,duration=0.012
249.55746372277656,service_start,,,798,46,1,1,1,service_time_sampled=0.181
249.73839285218926,service_end,,,798,46,1,1,1,duration=0.181
249.73839285218926,service_start,,,799,45,1,1,1,service_time_sampled=0.018
249.7564307076959,service_end,,,799,45,1,1,1,duration=0.018
249.7564307076959,service_start,,,800,44,1,1,1,service_time_sampled=0.024
249.78068993903253,service_end,,,800,44,1,1,1,duration=0.024
249.78068993903253,service_start,,,801,43,1,1,1,service_time_sampled=0.199
249.9799385593739,service_end,,,801,43,1,1,1,duration=0.199
249.9799385593739,service_start,,,802,42,1,1,1,service_time_sampled=0.219
250.19898820029397,service_end,,,802,42,1,1,1,duration=0.219
250.19898820029397,service_start,,,803,41,1,1,1,service_time_sampled=0.051
250.24983836759353,service_end,,,803,41,1,1,1,duration=0.051
250.24983836759353,service_start,,,804,40,1,1,1,service_time_sampled=0.222
250.47133896056008,service_end,,,804,40,1,1,1,duration=0.222
250.47133896056008,service_start,,,805,39,1,1,1,service_time_sampled=0.224
250.69539961286452,service_end,,,805,39,1,1,1,duration=0.224
250.69539961286452,service_start,,,806,38,1,1,1,service_time_sampled=0.043
250.73855796645068,service_end,,,806,38,1,1,1,duration=0.043
250.73855796645068,service_start,,,807,37,1,1,1,service_time_sampled=0.079
250.81720510257,service_end,,,807,37,1,1,1,duration=0.079
250.81720510257,service_start,,,808,36,1,1,1,service_time_sampled=0.260
251.07746403638455,service_end,,,808,36,1,1,1,duration=0.260
251.07746403638455,service_start,,,809,35,1,1,1,service_time_sampled=0.010
251.08746403638455,service_end,,,809,35,1,1,1,duration=0.010
251.08746403638455,service_start,,,810,34,1,1,1,service_time_sampled=0.105
251.19271451010027,service_end,,,810,34,1,1,1,duration=0.105
251.19271451010027,service_start,,,811,33,1,1,1,service_time_sampled=0.180
251.37255083034677,service_end,,,811,33,1,1,1,duration=0.180
251.37255083034677,service_start,,,812,32,1,1,1,service_time_sampled=0.123
251.49569097447733,service_end,,,812,32,1,1,1,duration=0.123
251.49569097447733,service_start,,,813,31,1,1,1,service_time_sampled=0.010
251.50569097447732,service_end,,,813,31,1,1,1,duration=0.010
251.50569097447732,service_start,,,814,30,1,1,1,service_time_sampled=0.034
251.5395326728947,service_end,,,814,30,1,1,1,duration=0.034
251.5395326728947,service_start,,,815,29,1,1,1,service_time_sampled=0.019
251.55806576692962,service_end,,,815,29,1,1,1,duration=0.019
251.55806576692962,service_start,,,816,28,1,1,1,service_time_sampled=0.076
251.63390803943366,service_end,,,816,28,1,1,1,duration=0.076
251.63390803943366,service_start,,,817,27,1,1,1,service_time_sampled=0.287
251.92066411121905,service_end,,,817,27,1,1,1,duration=0.287
251.92066411121905,service_start,,,818,26,1,1,1,service_time_sampled=0.016
251.93627827995903,service_end,,,818,26,1,1,1,duration=0.016
251.93627827995903,service_start,,,819,25,1,1,1,service_time_sampled=0.182
252.0,landing_end,22,1,,25,1,1,1,pad_q=1
252.11802145868768,service_end,,,819,25,1,1,1,duration=0.182
252.11802145868768,service_start,,,820,24,1,1,1,service_time_sampled=0.016
252.13446686610024,service_end,,,820,24,1,1,1,duration=0.016
252.13446686610024,service_start,,,821,23,1,1,1,service_time_sampled=0.010
252.1448675781111,service_end,,,821,23,1,1,1,duration=0.010
252.1448675781111,service_start,,,822,22,1,1,1,service_time_sampled=0.155
252.29966753849268,service_end,,,822,22,1,1,1,duration=0.155
252.29966753849268,service_start,,,823,21,1,1,1,service_time_sampled=0.023
252.32245813469092,service_end,,,823,21,1,1,1,duration=0.023
252.32245813469092,service_start,,,824,20,1,1,1,service_time_sampled=0.517
252.83966904490782,service_end,,,824,20,1,1,1,duration=0.517
252.83966904490782,service_start,,,825,19,1,1,1,service_time_sampled=0.131
252.97055279321845,service_end,,,825,19,1,1,1,duration=0.131
252.97055279321845,service_start,,,826,18,1,1,1,service_time_sampled=0.081
253.05164577612254,service_end,,,826,18,1,1,1,duration=0.081
253.05164577612254,service_start,,,827,17,1,1,1,service_time_sampled=0.100
253.15117258865268,service_end,,,827,17,1,1,1,duration=0.100
253.15117258865268,service_start,,,828,16,1,1,1,service_time_sampled=0.059
253.2105445509989,service_end,,,828,16,1,1,1,duration=0.059
253.2105445509989,service_start,,,829,15,1,1,1,service_time_sampled=0.116
253.3261534313217,service_end,,,829,15,1,1,1,duration=0.116
253.3261534313217,service_start,,,830,14,1,1,1,service_time_sampled=0.266
253.59180528559028,service_end,,,830,14,1,1,1,duration=0.266
253.59180528559028,service_start,,,831,13,1,1,1,service_time_sampled=0.359
253.9507049426923,service_end,,,831,13,1,1,1,duration=0.359
253.9507049426923,service_start,,,832,12,1,1,1,service_time_sampled=0.010
253.9607049426923,service_end,,,832,12,1,1,1,duration=0.010
253.9607049426923,service_start,,,833,11,1,1,1,service_time_sampled=0.097
254.0574159403984,service_end,,,833,11,1,1,1,duration=0.097
254.0574159403984,service_start,,,834,10,1,1,1,service_time_sampled=0.151
254.20886842456648,service_end,,,834,10,1,1,1,duration=0.151
254.20886842456648,service_start,,,835,9,1,1,1,service_time_sampled=0.098
254.3063776732958,service_end,,,835,9,1,1,1,duration=0.098
254.3063776732958,service_start,,,836,8,1,1,1,service_time_sampled=0.173
254.4791721470064,service_end,,,836,8,1,1,1,duration=0.173
254.4791721470064,service_start,,,837,7,1,1,1,service_time_sampled=0.137
254.61591097628198,service_end,,,837,7,1,1,1,duration=0.137
254.61591097628198,service_start,,,838,6,1,1,1,service_time_sampled=0.107
254.72269948109516,service_end,,,838,6,1,1,1,duration=0.107
254.72269948109516,service_start,,,839,5,1,1,1,service_time_sampled=0.010
254.73269948109515,service_end,,,839,5,1,1,1,duration=0.010
254.73269948109515,service_start,,,840,4,1,1,1,service_time_sampled=0.130
254.8623217979904,service_end,,,840,4,1,1,1,duration=0.130
254.8623217979904,service_start,,,841,3,1,1,1,service_time_sampled=0.197
255.0595884154792,service_end,,,841,3,1,1,1,duration=0.197
255.0595884154792,service_start,,,842,2,1,1,1,service_time_sampled=0.010
255.0695884154792,service_end,,,842,2,1,1,1,duration=0.010
255.0695884154792,service_start,,,843,1,1,1,1,service_time_sampled=0.078
255.14732709446704,service_end,,,843,1,1,1,1,duration=0.078
255.14732709446704,service_start,,,844,0,1,1,1,service_time_sampled=0.048
255.19565487704548,service_end,,,844,0,1,1,1,duration=0.048
256.3619926952041,failure,,,,,0,1,0,element=scanner
259.0,unload_end,22,1,,0,0,1,0,
259.0,passengers_spawned,22,1,,0,0,1,0,count=30
259.0,passenger_queue_arrival,,,845,1,0,1,0,
259.0,passenger_queue_arrival,,,846,2,0,1,0,
259.0,passenger_queue_arrival,,,847,3,0,1,0,
259.0,passenger_queue_arrival,,,848,4,0,1,0,
259.0,passenger_queue_arrival,,,849,5,0,1,0,
259.0,passenger_queue_arrival,,,850,6,0,1,0,
259.0,passenger_queue_arrival,,,851,7,0,1,0,
259.0,passenger_queue_arrival,,,852,8,0,1,0,
259.0,passenger_queue_arrival,,,853,9,0,1,0,
259.0,passenger_queue_arrival,,,854,10,0,1,0,
259.0,passenger_queue_arrival,,,855,11,0,1,0,
259.0,passenger_queue_arrival,,,856,12,0,1,0,
259.0,passenger_queue_arrival,,,857,13,0,1,0,
259.0,passenger_queue_arrival,,,858,14,0,1,0,
259.0,passenger_queue_arrival,,,859,15,0,1,0,
259.0,passenger_queue_arrival,,,860,16,0,1,0,
259.0,passenger_queue_arrival,,,861,17,0,1,0,
259.0,passenger_queue_arrival,,,862,18,0,1,0,
259.0,passenger_queue_arrival,,,863,19,0,1,0,
259.0,passenger_queue_arrival,,,864,20,0,1,0,
259.0,passenger_queue_arrival,,,865,21,0,1,0,
259.0,passenger_queue_arrival,,,866,22,0,1,0,
259.0,passenger_queue_arrival,,,867,23,0,1,0,
259.0,passenger_queue_arrival,,,868,24,0,1,0,
259.0,passenger_queue_arrival,,,869,25,0,1,0,
259.0,passenger_queue_arrival,,,870,26,0,1,0,
259.0,passenger_queue_arrival,,,871,27,0,1,0,
259.0,passenger_queue_arrival,,,872,28,0,1,0,
259.0,passenger_queue_arrival,,,873,29,0,1,0,
259.0,passenger_queue_arrival,,,874,30,0,1,0,
259.0,landing_start,23,3,,30,0,1,0,landing_time=3
259.0,service_start,,,845,29,0,1,0,service_time_sampled=0.373
262.0,plane_arrive,25,3,,29,0,1,0,air_q=2
262.0,landing_end,23,3,,29,0,1,0,pad_q=1
262.4927109814061,repair,,,,,1,1,1,"element=scanner, repair_time=6.131"
262.87303589242964,service_end,,,845,29,1,1,1,duration=3.873
262.87303589242964,service_start,,,846,28,1,1,1,service_time_sampled=0.213
263.0862323626895,service_end,,,846,28,1,1,1,duration=0.213
263.0862323626895,service_start,,,847,27,1,1,1,service_time_sampled=0.145
263.23172210610693,service_end,,,847,27,1,1,1,duration=0.145
263.23172210610693,service_start,,,848,26,1,1,1,service_time_sampled=0.410
263.6415282732957,service_end,,,848,26,1,1,1,duration=0.410
263.6415282732957,service_start,,,849,25,1,1,1,service_time_sampled=0.082
263.724012849013,service_end,,,849,25,1,1,1,duration=0.082
263.724012849013,service_start,,,850,24,1,1,1,service_time_sampled=0.178
263.9023590206379,service_end,,,850,24,1,1,1,duration=0.178
263.9023590206379,service_start,,,851,23,1,1,1,service_time_sampled=0.125
264.02735213659105,service_end,,,851,23,1,1,1,duration=0.125
264.02735213659105,service_start,,,852,22,1,1,1,service_time_sampled=0.010
264.03735213659104,service_end,,,852,22,1,1,1,duration=0.010
264.03735213659104,service_start,,,853,21,1,1,1,service_time_sampled=0.063
264.100406185806,service_end,,,853,21,1,1,1,duration=0.063
264.100406185806,service_start,,,854,20,1,1,1,service_time_sampled=0.095
264.1958987508315,service_end,,,854,20,1,1,1,duration=0.095
264.1958987508315,service_start,,,855,19,1,1,1,service_time_sampled=0.079
264.2745393695608,service_end,,,855,19,1,1,1,duration=0.079
264.2745393695608,service_start,,,856,18,1,1,1,service_time_sampled=0.049
264.3234803052249,service_end,,,856,18,1,1,1,duration=0.049
264.3234803052249,service_start,,,857,17,1,1,1,service_time_sampled=0.290
264.6139357150089,service_end,,,857,17,1,1,1,duration=0.290
264.6139357150089,service_start,,,858,16,1,1,1,service_time_sampled=0.020
264.6341505810541,service_end,,,858,16,1,1,1,duration=0.020
264.6341505810541,service_start,,,859,15,1,1,1,service_time_sampled=0.021
264.6547205930044,service_end,,,859,15,1,1,1,duration=0.021
264.6547205930044,service_start,,,860,14,1,1,1,service_time_sampled=0.485
265.1394915596376,service_end,,,860,14,1,1,1,duration=0.485
265.1394915596376,service_start,,,861,13,1,1,1,service_time_sampled=0.109
265.2487749296763,service_end,,,861,13,1,1,1,duration=0.109
265.2487749296763,service_start,,,862,12,1,1,1,service_time_sampled=0.054
265.3027071063068,service_end,,,862,12,1,1,1,duration=0.054
265.3027071063068,service_start,,,863,11,1,1,1,service_time_sampled=0.073
265.3758915193945,service_end,,,863,11,1,1,1,duration=0.073
265.3758915193945,service_start,,,864,10,1,1,1,service_time_sampled=0.011
265.3864967280051,service_end,,,864,10,1,1,1,duration=0.011
265.3864967280051,service_start,,,865,9,1,1,1,service_time_sampled=0.173
265.55915477798374,service_end,,,865,9,1,1,1,duration=0.173
265.55915477798374,service_start,,,866,8,1,1,1,service_time_sampled=0.076
265.6351454964587,service_end,,,866,8,1,1,1,duration=0.076
265.6351454964587,service_start,,,867,7,1,1,1,service_time_sampled=0.209
265.8445805097698,service_end,,,867,7,1,1,1,duration=0.209
265.8445805097698,service_start,,,868,6,1,1,1,service_time_sampled=0.057
265.90167063883604,service_end,,,868,6,1,1,1,duration=0.057
265.90167063883604,service_start,,,869,5,1,1,1,service_time_sampled=0.100
266.00196506999504,service_end,,,869,5,1,1,1,duration=0.100
266.00196506999504,service_start,,,870,4,1,1,1,service_time_sampled=0.026
266.02751711095755,service_end,,,870,4,1,1,1,duration=0.026
266.02751711095755,service_start,,,871,3,1,1,1,service_time_sampled=0.081
266.108246298324,service_end,,,871,3,1,1,1,duration=0.081
266.108246298324,service_start,,,872,2,1,1,1,service_time_sampled=0.172
266.28024756724204,service_end,,,872,2,1,1,1,duration=0.172
266.28024756724204,service_start,,,873,1,1,1,1,service_time_sampled=0.031
266.3109263005849,service_end,,,873,1,1,1,1,duration=0.031
266.3109263005849,service_start,,,874,0,1,1,1,service_time_sampled=0.302
266.61324255874786,service_end,,,874,0,1,1,1,duration=0.302
269.0,unload_end,23,3,,0,1,1,1,
269.0,passengers_spawned,23,3,,0,1,1,1,count=46
269.0,passenger_queue_arrival,,,875,1,1,1,1,
269.0,passenger_queue_arrival,,,876,2,1,1,1,
269.0,passenger_queue_arrival,,,877,3,1,1,1,
269.0,passenger_queue_arrival,,,878,4,1,1,1,
269.0,passenger_queue_arrival,,,879,5,1,1,1,
269.0,passenger_queue_arrival,,,880,6,1,1,1,
269.0,passenger_queue_arrival,,,881,7,1,1,1,
269.0,passenger_queue_arrival,,,882,8,1,1,1,
269.0,passenger_queue_arrival,,,883,9,1,1,1,
269.0,passenger_queue_arrival,,,884,10,1,1,1,
269.0,passenger_queue_arrival,,,885,11,1,1,1,
269.0,passenger_queue_arrival,,,886,12,1,1,1,
269.0,passenger_queue_arrival,,,887,13,1,1,1,
269.0,passenger_queue_arrival,,,888,14,1,1,1,
269.0,passenger_queue_arrival,,,889,15,1,1,1,
269.0,passenger_queue_arrival,,,890,16,1,1,1,
269.0,passenger_queue_arrival,,,891,17,1,1,1,
269.0,passenger_queue_arrival,,,892,18,1,1,1,
269.0,passenger_queue_arrival,,,893,19,1,1,1,
269.0,passenger_queue_arrival,,,894,20,1,1,1,
269.0,passenger_queue_arrival,,,895,21,1,1,1,
269.0,passenger_queue_arrival,,,896,22,1,1,1,
269.0,passenger_queue_arrival,,,897,23,1,1,1,
269.0,passenger_queue_arrival,,,898,24,1,1,1,
269.0,passenger_queue_arrival,,,899,25,1,1,1,
269.0,passenger_queue_arrival,,,900,26,1,1,1,
269.0,passenger_queue_arrival,,,901,27,1,1,1,
269.0,passenger_queue_arrival,,,902,28,1,1,1,
269.0,passenger_queue_arrival,,,903,29,1,1,1,
269.0,passenger_queue_arrival,,,904,30,1,1,1,
269.0,passenger_queue_arrival,,,905,31,1,1,1,
269.0,passenger_queue_arrival,,,906,32,1,1,1,
269.0,passenger_queue_arrival,,,907,33,1,1,1,
269.0,passenger_queue_arrival,,,908,34,1,1,1,
269.0,passenger_queue_arrival,,,909,35,1,1,1,
269.0,passenger_queue_arrival,,,910,36,1,1,1,
269.0,passenger_queue_arrival,,,911,37,1,1,1,
269.0,passenger_queue_arrival,,,912,38,1,1,1,
269.0,passenger_queue_arrival,,,913,39,1,1,1,
269.0,passenger_queue_arrival,,,914,40,1,1,1,
269.0,passenger_queue_arrival,,,915,41,1,1,1,
269.0,passenger_queue_arrival,,,916,42,1,1,1,
269.0,passenger_queue_arrival,,,917,43,1,1,1,
269.0,passenger_queue_arrival,,,918,44,1,1,1,
269.0,passenger_queue_arrival,,,919,45,1,1,1,
269.0,passenger_queue_arrival,,,920,46,1,1,1,
269.0,landing_start,24,2,,46,1,1,1,landing_time=5
269.0,service_start,,,875,45,1,1,1,service_time_sampled=0.067
269.0665884453141,service_end,,,875,45,1,1,1,duration=0.067
269.0665884453141,service_start,,,876,44,1,1,1,service_time_sampled=0.013
269.07940819940603,service_end,,,876,44,1,1,1,duration=0.013
269.07940819940603,service_start,,,877,43,1,1,1,service_time_sampled=0.041
269.1207040738502,service_end,,,877,43,1,1,1,duration=0.041
269.1207040738502,service_start,,,878,42,1,1,1,service_time_sampled=0.105
269.22533186176224,service_end,,,878,42,1,1,1,duration=0.105
269.22533186176224,service_start,,,879,41,1,1,1,service_time_sampled=0.111
269.336209533313,service_end,,,879,41,1,1,1,duration=0.111
269.336209533313,service_start,,,880,40,1,1,1,service_time_sampled=0.617
269.9534188986243,service_end,,,880,40,1,1,1,duration=0.617
269.9534188986243,service_start,,,881,39,1,1,1,service_time_sampled=0.208
270.0,plane_arrive,26,3,,39,1,1,1,air_q=2
270.16167604442273,service_end,,,881,39,1,1,1,duration=0.208
270.16167604442273,service_start,,,882,38,1,1,1,service_time_sampled=0.170
270.3315104249183,service_end,,,882,38,1,1,1,duration=0.170
270.3315104249183,service_start,,,883,37,1,1,1,service_time_sampled=0.109
270.4408632434616,service_end,,,883,37,1,1,1,duration=0.109
270.4408632434616,service_start,,,884,36,1,1,1,service_time_sampled=0.084
270.5249193315951,service_end,,,884,36,1,1,1,duration=0.084
270.5249193315951,service_start,,,885,35,1,1,1,service_time_sampled=0.298
270.8231105764245,service_end,,,885,35,1,1,1,duration=0.298
270.8231105764245,service_start,,,886,34,1,1,1,service_time_sampled=0.077
270.900575805806,service_end,,,886,34,1,1,1,duration=0.077
270.900575805806,service_start,,,887,33,1,1,1,service_time_sampled=0.217
271.11805624335585,service_end,,,887,33,1,1,1,duration=0.217
271.11805624335585,service_start,,,888,32,1,1,1,service_time_sampled=0.072
271.1896900658152,service_end,,,888,32,1,1,1,duration=0.072
271.1896900658152,service_start,,,889,31,1,1,1,service_time_sampled=0.078
271.2681365820725,service_end,,,889,31,1,1,1,duration=0.078
271.2681365820725,service_start,,,890,30,1,1,1,service_time_sampled=0.075
271.3427369253002,service_end,,,890,30,1,1,1,duration=0.075
271.3427369253002,service_start,,,891,29,1,1,1,service_time_sampled=0.235
271.57736409163465,service_end,,,891,29,1,1,1,duration=0.235
271.57736409163465,service_start,,,892,28,1,1,1,service_time_sampled=0.059
271.63598165928903,service_end,,,892,28,1,1,1,duration=0.059
271.63598165928903,service_start,,,893,27,1,1,1,service_time_sampled=0.130
271.7656648142469,service_end,,,893,27,1,1,1,duration=0.130
271.7656648142469,service_start,,,894,26,1,1,1,service_time_sampled=0.363
272.1287283477616,service_end,,,894,26,1,1,1,duration=0.363
272.1287283477616,service_start,,,895,25,1,1,1,service_time_sampled=0.061
272.19011647093276,service_end,,,895,25,1,1,1,duration=0.061
272.19011647093276,service_start,,,896,24,1,1,1,service_time_sampled=0.083
272.27266945242866,service_end,,,896,24,1,1,1,duration=0.083
272.27266945242866,service_start,,,897,23,1,1,1,service_time_sampled=0.437
272.70940330987446,service_end,,,897,23,1,1,1,duration=0.437
272.70940330987446,service_start,,,898,22,1,1,1,service_time_sampled=0.010
272.71940330987445,service_end,,,898,22,1,1,1,duration=0.010
272.71940330987445,service_start,,,899,21,1,1,1,service_time_sampled=0.206
272.92563736615824,service_end,,,899,21,1,1,1,duration=0.206
272.92563736615824,service_start,,,900,20,1,1,1,service_time_sampled=0.162
273.08746545167975,service_end,,,900,20,1,1,1,duration=0.162
273.08746545167975,service_start,,,901,19,1,1,1,service_time_sampled=0.072
273.1598075695021,service_end,,,901,19,1,1,1,duration=0.072
273.1598075695021,service_start,,,902,18,1,1,1,service_time_sampled=0.296
273.45602727022697,service_end,,,902,18,1,1,1,duration=0.296
273.45602727022697,service_start,,,903,17,1,1,1,service_time_sampled=0.190
273.6459024226146,service_end,,,903,17,1,1,1,duration=0.190
273.6459024226146,service_start,,,904,16,1,1,1,service_time_sampled=0.338
273.9836919485133,service_end,,,904,16,1,1,1,duration=0.338
273.9836919485133,service_start,,,905,15,1,1,1,service_time_sampled=0.010
273.9936919485133,service_end,,,905,15,1,1,1,duration=0.010
273.9936919485133,service_start,,,906,14,1,1,1,service_time_sampled=0.012
274.0,landing_end,24,2,,14,1,1,1,pad_q=1
274.0,plane_arrive,27,1,,14,1,1,1,air_q=3
274.00526216035917,service_end,,,906,14,1,1,1,duration=0.012
274.00526216035917,service_start,,,907,13,1,1,1,service_time_sampled=0.180
274.1857410620307,service_end,,,907,13,1,1,1,duration=0.180
274.1857410620307,service_start,,,908,12,1,1,1,service_time_sampled=0.066
274.2520978982944,service_end,,,908,12,1,1,1,duration=0.066
274.2520978982944,service_start,,,909,11,1,1,1,service_time_sampled=0.380
274.6325502284675,service_end,,,909,11,1,1,1,duration=0.380
274.6325502284675,service_start,,,910,10,1,1,1,service_time_sampled=0.080
274.71256749993455,service_end,,,910,10,1,1,1,duration=0.080
274.71256749993455,service_start,,,911,9,1,1,1,service_time_sampled=0.419
275.13116570810445,service_end,,,911,9,1,1,1,duration=0.419
275.13116570810445,service_start,,,912,8,1,1,1,service_time_sampled=0.069
275.1999278433622,service_end,,,912,8,1,1,1,duration=0.069
275.1999278433622,service_start,,,913,7,1,1,1,service_time_sampled=0.134
275.3339889246664,service_end,,,913,7,1,1,1,duration=0.134
275.3339889246664,service_start,,,914,6,1,1,1,service_time_sampled=0.138
275.4720492588161,service_end,,,914,6,1,1,1,duration=0.138
275.4720492588161,service_start,,,915,5,1,1,1,service_time_sampled=0.033
275.5055075001641,service_end,,,915,5,1,1,1,duration=0.033
275.5055075001641,service_start,,,916,4,1,1,1,service_time_sampled=0.026
275.53199211177827,service_end,,,916,4,1,1,1,duration=0.026
275.53199211177827,service_start,,,917,3,1,1,1,service_time_sampled=0.103
275.634963849594,service_end,,,917,3,1,1,1,duration=0.103
275.634963849594,service_start,,,918,2,1,1,1,service_time_sampled=0.014
275.6493372736368,service_end,,,918,2,1,1,1,duration=0.014
275.6493372736368,service_start,,,919,1,1,1,1,service_time_sampled=0.061
275.71016097405027,service_end,,,919,1,1,1,1,duration=0.061
275.71016097405027,service_start,,,920,0,1,1,1,service_time_sampled=0.179
275.888742215189,service_end,,,920,0,1,1,1,duration=0.179
277.0,plane_arrive,28,2,,0,1,1,1,air_q=4
281.0,unload_end,24,2,,0,1,1,1,
281.0,passengers_spawned,24,2,,0,1,1,1,count=45
281.0,passenger_queue_arrival,,,921,1,1,1,1,
281.0,passenger_queue_arrival,,,922,2,1,1,1,
281.0,passenger_queue_arrival,,,923,3,1,1,1,
281.0,passenger_queue_arrival,,,924,4,1,1,1,
281.0,passenger_queue_arrival,,,925,5,1,1,1,
281.0,passenger_queue_arrival,,,926,6,1,1,1,
281.0,passenger_queue_arrival,,,927,7,1,1,1,
281.0,passenger_queue_arrival,,,928,8,1,1,1,
281.0,passenger_queue_arrival,,,929,9,1,1,1,
281.0,passenger_queue_arrival,,,930,10,1,1,1,
281.0,passenger_queue_arrival,,,931,11,1,1,1,
281.0,passenger_queue_arrival,,,932,12,1,1,1,
281.0,passenger_queue_arrival,,,933,13,1,1,1,
281.0,passenger_queue_arrival,,,934,14,1,1,1,
281.0,passenger_queue_arrival,,,935,15,1,1,1,
281.0,passenger_queue_arrival,,,936,16,1,1,1,
281.0,passenger_queue_arrival,,,937,17,1,1,1,
281.0,passenger_queue_arrival,,,938,18,1,1,1,
281.0,passenger_queue_arrival,,,939,19,1,1,1,
281.0,passenger_queue_arrival,,,940,20,1,1,1,
281.0,passenger_queue_arrival,,,941,21,1,1,1,
281.0,passenger_queue_arrival,,,942,22,1,1,1,
281.0,passenger_queue_arrival,,,943,23,1,1,1,
281.0,passenger_queue_arrival,,,944,24,1,1,1,
281.0,passenger_queue_arrival,,,945,25,1,1,1,
281.0,passenger_queue_arrival,,,946,26,1,1,1,
281.0,passenger_queue_arrival,,,947,27,1,1,1,
281.0,passenger_queue_arrival,,,948,28,1,1,1,
281.0,passenger_queue_arrival,,,949,29,1,1,1,
281.0,passenger_queue_arrival,,,950,30,1,1,1,
281.0,passenger_queue_arrival,,,951,31,1,1,1,
281.0,passenger_queue_arrival,,,952,32,1,1,1,
281.0,passenger_queue_arrival,,,953,33,1,1,1,
281.0,passenger_queue_arrival,,,954,34,1,1,1,
281.0,passenger_queue_arrival,,,955,35,1,1,1,
281.0,passenger_queue_arrival,,,956,36,1,1,1,
281.0,passenger_queue_arrival,,,957,37,1,1,1,
281.0,passenger_queue_arrival,,,958,38,1,1,1,
281.0,passenger_queue_arrival,,,959,39,1,1,1,
281.0,passenger_queue_arrival,,,960,40,1,1,1,
281.0,passenger_queue_arrival,,,961,41,1,1,1,
281.0,passenger_queue_arrival,,,962,42,1,1,1,
281.0,passenger_queue_arrival,,,963,43,1,1,1,
281.0,passenger_queue_arrival,,,964,44,1,1,1,
281.0,passenger_queue_arrival,,,965,45,1,1,1,
281.0,landing_start,25,3,,45,1,1,1,landing_time=3
281.0,service_start,,,921,44,1,1,1,service_time_sampled=0.038
281.0384062108631,service_end,,,921,44,1,1,1,duration=0.038
281.0384062108631,service_start,,,922,43,1,1,1,service_time_sampled=0.100
281.1388300049702,service_end,,,922,43,1,1,1,duration=0.100
281.1388300049702,service_start,,,923,42,1,1,1,service_time_sampled=0.107
281.24568150139675,service_end,,,923,42,1,1,1,duration=0.107
281.24568150139675,service_start,,,924,41,1,1,1,service_time_sampled=0.268
281.5138689015402,service_end,,,924,41,1,1,1,duration=0.268
281.5138689015402,service_start,,,925,40,1,1,1,service_time_sampled=0.262
281.7762354300275,service_end,,,925,40,1,1,1,duration=0.262
281.7762354300275,service_start,,,926,39,1,1,1,service_time_sampled=0.251
282.0,plane_arrive,29,3,,39,1,1,1,air_q=4
282.0269520221247,service_end,,,926,39,1,1,1,duration=0.251
282.0269520221247,service_start,,,927,38,1,1,1,service_time_sampled=0.097
282.123878080379,service_end,,,927,38,1,1,1,duration=0.097
282.123878080379,service_start,,,928,37,1,1,1,service_time_sampled=0.029
282.15324970009664,service_end,,,928,37,1,1,1,duration=0.029
282.15324970009664,service_start,,,929,36,1,1,1,service_time_sampled=0.010
282.1632497000966,service_end,,,929,36,1,1,1,duration=0.010
282.1632497000966,service_start,,,930,35,1,1,1,service_time_sampled=0.312
282.474847791825,service_end,,,930,35,1,1,1,duration=0.312
282.474847791825,service_start,,,931,34,1,1,1,service_time_sampled=0.023
282.4975739810603,service_end,,,931,34,1,1,1,duration=0.023
282.4975739810603,service_start,,,932,33,1,1,1,service_time_sampled=0.013
282.51074603985245,service_end,,,932,33,1,1,1,duration=0.013
282.51074603985245,service_start,,,933,32,1,1,1,service_time_sampled=0.020
282.53084868364306,service_end,,,933,32,1,1,1,duration=0.020
282.53084868364306,service_start,,,934,31,1,1,1,service_time_sampled=0.019
282.5494692964671,service_end,,,934,31,1,1,1,duration=0.019
282.5494692964671,service_start,,,935,30,1,1,1,service_time_sampled=0.061
282.61038946650706,service_end,,,935,30,1,1,1,duration=0.061
282.61038946650706,service_start,,,936,29,1,1,1,service_time_sampled=0.010
282.62038946650705,service_end,,,936,29,1,1,1,duration=0.010
282.62038946650705,service_start,,,937,28,1,1,1,service_time_sampled=0.424
283.04468566965676,service_end,,,937,28,1,1,1,duration=0.424
283.04468566965676,service_start,,,938,27,1,1,1,service_time_sampled=0.216
283.2610951915148,service_end,,,938,27,1,1,1,duration=0.216
283.2610951915148,service_start,,,939,26,1,1,1,service_time_sampled=0.026
283.28724252085493,service_end,,,939,26,1,1,1,duration=0.026
283.28724252085493,service_start,,,940,25,1,1,1,service_time_sampled=0.010
283.2972425208549,service_end,,,940,25,1,1,1,duration=0.010
283.2972425208549,service_start,,,941,24,1,1,1,service_time_sampled=0.079
283.3764931334983,service_end,,,941,24,1,1,1,duration=0.079
283.3764931334983,service_start,,,942,23,1,1,1,service_time_sampled=0.118
283.4945834389413,service_end,,,942,23,1,1,1,duration=0.118
283.4945834389413,service_start,,,943,22,1,1,1,service_time_sampled=0.013
283.508065752612,service_end,,,943,22,1,1,1,duration=0.013
283.508065752612,service_start,,,944,21,1,1,1,service_time_sampled=0.096
283.604242448319,service_end,,,944,21,1,1,1,duration=0.096
283.604242448319,service_start,,,945,20,1,1,1,service_time_sampled=0.082
283.68590814992695,service_end,,,945,20,1,1,1,duration=0.082
283.68590814992695,service_start,,,946,19,1,1,1,service_time_sampled=0.167
283.85246937076744,service_end,,,946,19,1,1,1,duration=0.167
283.85246937076744,service_start,,,947,18,1,1,1,service_time_sampled=0.231
284.0,landing_end,25,3,,18,1,1,1,pad_q=1
284.08334537904136,service_end,,,947,18,1,1,1,duration=0.231
284.08334537904136,service_start,,,948,17,1,1,1,service_time_sampled=0.038
284.1209327356614,service_end,,,948,17,1,1,1,duration=0.038
284.1209327356614,service_start,,,949,16,1,1,1,service_time_sampled=0.170
284.29128817929086,service_end,,,949,16,1,1,1,duration=0.170
284.29128817929086,service_start,,,950,15,1,1,1,service_time_sampled=0.591
284.8823126124405,service_end,,,950,15,1,1,1,duration=0.591
284.8823126124405,service_start,,,951,14,1,1,1,service_time_sampled=0.118
285.00049871293595,service_end,,,951,14,1,1,1,duration=0.118
285.00049871293595,service_start,,,952,13,1,1,1,service_time_sampled=0.051
285.05105104349343,service_end,,,952,13,1,1,1,duration=0.051
285.05105104349343,service_start,,,953,12,1,1,1,service_time_sampled=0.094
285.14474708905385,service_end,,,953,12,1,1,1,duration=0.094
285.14474708905385,service_start,,,954,11,1,1,1,service_time_sampled=0.015
285.1601637853992,service_end,,,954,11,1,1,1,duration=0.015
285.1601637853992,service_start,,,955,10,1,1,1,service_time_sampled=0.030
285.1900713735385,service_end,,,955,10,1,1,1,duration=0.030
285.1900713735385,service_start,,,956,9,1,1,1,service_time_sampled=0.041
285.2310733048307,service_end,,,956,9,1,1,1,duration=0.041
285.2310733048307,service_start,,,957,8,1,1,1,service_time_sampled=0.042
285.2733962134337,service_end,,,957,8,1,1,1,duration=0.042
285.2733962134337,service_start,,,958,7,1,1,1,service_time_sampled=0.027
285.300668177092,service_end,,,958,7,1,1,1,duration=0.027
285.300668177092,service_start,,,959,6,1,1,1,service_time_sampled=0.059
285.36016485611617,service_end,,,959,6,1,1,1,duration=0.059
285.36016485611617,service_start,,,960,5,1,1,1,service_time_sampled=0.305
285.66478085732325,service_end,,,960,5,1,1,1,duration=0.305
285.66478085732325,service_start,,,961,4,1,1,1,service_time_sampled=0.059
285.72380915257065,service_end,,,961,4,1,1,1,duration=0.059
285.72380915257065,service_start,,,962,3,1,1,1,service_time_sampled=0.023
285.7472501502944,service_end,,,962,3,1,1,1,duration=0.023
285.7472501502944,service_start,,,963,2,1,1,1,service_time_sampled=0.213
285.96070882273614,service_end,,,963,2,1,1,1,duration=0.213
285.96070882273614,service_start,,,964,1,1,1,1,service_time_sampled=0.185
286.1453654733947,service_end,,,964,1,1,1,1,duration=0.185
286.1453654733947,service_start,,,965,0,1,1,1,service_time_sampled=0.286
286.43163543416375,service_end,,,965,0,1,1,1,duration=0.286
291.0,unload_end,25,3,,0,1,1,1,
291.0,passengers_spawned,25,3,,0,1,1,1,count=60
291.0,passenger_queue_arrival,,,966,1,1,1,1,
291.0,passenger_queue_arrival,,,967,2,1,1,1,
291.0,passenger_queue_arrival,,,968,3,1,1,1,
291.0,passenger_queue_arrival,,,969,4,1,1,1,
291.0,passenger_queue_arrival,,,970,5,1,1,1,
291.0,passenger_queue_arrival,,,971,6,1,1,1,
291.0,passenger_queue_arrival,,,972,7,1,1,1,
291.0,passenger_queue_arrival,,,973,8,1,1,1,
291.0,passenger_queue_arrival,,,974,9,1,1,1,
291.0,passenger_queue_arrival,,,975,10,1,1,1,
291.0,passenger_queue_arrival,,,976,11,1,1,1,
291.0,passenger_queue_arrival,,,977,12,1,1,1,
291.0,passenger_queue_arrival,,,978,13,1,1,1,
291.0,passenger_queue_arrival,,,979,14,1,1,1,
291.0,passenger_queue_arrival,,,980,15,1,1,1,
291.0,passenger_queue_arrival,,,981,16,1,1,1,
291.0,passenger_queue_arrival,,,982,17,1,1,1,
291.0,passenger_queue_arrival,,,983,18,1,1,1,
291.0,passenger_queue_arrival,,,984,19,1,1,1,
291.0,passenger_queue_arrival,,,985,20,1,1,1,
291.0,passenger_queue_arrival,,,986,21,1,1,1,
291.0,passenger_queue_arrival,,,987,22,1,1,1,
291.0,passenger_queue_arrival,,,988,23,1,1,1,
291.0,passenger_queue_arrival,,,989,24,1,1,1,
291.0,passenger_queue_arrival,,,990,25,1,1,1,
291.0,passenger_queue_arrival,,,991,26,1,1,1,
291.0,passenger_queue_arrival,,,992,27,1,1,1,
291.0,passenger_queue_arrival,,,993,28,1,1,1,
291.0,passenger_queue_arrival,,,994,29,1,1,1,
291.0,passenger_queue_arrival,,,995,30,1,1,1,
291.0,passenger_queue_arrival,,,996,31,1,1,1,
291.0,passenger_queue_arrival,,,997,32,1,1,1,
291.0,passenger_queue_arrival,,,998,33,1,1,1,
291.0,passenger_queue_arrival,,,999,34,1,1,1,
291.0,passenger_queue_arrival,,,1000,35,1,1,1,
291.0,passenger_queue_arrival,,,1001,36,1,1,1,
291.0,passenger_queue_arrival,,,1002,37,1,1,1,
291.0,passenger_queue_arrival,,,1003,38,1,1,1,
291.0,passenger_queue_arrival,,,1004,39,1,1,1,
291.0,passenger_queue_arrival,,,1005,40,1,1,1,
291.0,passenger_queue_arrival,,,1006,41,1,1,1,
291.0,passenger_queue_arrival,,,1007,42,1,1,1,
291.0,passenger_queue_arrival,,,1008,43,1,1,1,
291.0,passenger_queue_arrival,,,1009,44,1,1,1,
291.0,passenger_queue_arrival,,,1010,45,1,1,1,
291.0,passenger_queue_arrival,,,1011,46,1,1,1,
291.0,passenger_queue_arrival,,,1012,47,1,1,1,
291.0,passenger_queue_arrival,,,1013,48,1,1,1,
291.0,passenger_queue_arrival,,,1014,49,1,1,1,
291.0,passenger_queue_arrival,,,1015,50,1,1,1,
291.0,passenger_queue_arrival,,,1016,51,1,1,1,
291.0,passenger_queue_arrival,,,1017,52,1,1,1,
291.0,passenger_queue_arrival,,,1018,53,1,1,1,
291.0,passenger_queue_arrival,,,1019,54,1,1,1,
291.0,passenger_queue_arrival,,,1020,55,1,1,1,
291.0,passenger_queue_arrival,,,1021,56,1,1,1,
291.0,passenger_queue_arrival,,,1022,57,1,1,1,
291.0,passenger_queue_arrival,,,1023,58,1,1,1,
291.0,passenger_queue_arrival,,,1024,59,1,1,1,
291.0,passenger_queue_arrival,,,1025,60,1,1,1,
291.0,landing_start,26,3,,60,1,1,1,landing_time=5
291.0,service_start,,,966,59,1,1,1,service_time_sampled=0.030
291.03042051481725,service_end,,,966,59,1,1,1,duration=0.030
291.03042051481725,service_start,,,967,58,1,1,1,service_time_sampled=0.202
291.23192170739105,service_end,,,967,58,1,1,1,duration=0.202
291.23192170739105,service_start,,,968,57,1,1,1,service_time_sampled=0.021
291.25311674980406,service_end,,,968,57,1,1,1,duration=0.021
291.25311674980406,service_start,,,969,56,1,1,1,service_time_sampled=0.411
291.6638570858085,service_end,,,969,56,1,1,1,duration=0.411
291.6638570858085,service_start,,,970,55,1,1,1,service_time_sampled=0.068
291.73184515490834,service_end,,,970,55,1,1,1,duration=0.068
291.73184515490834,service_start,,,971,54,1,1,1,service_time_sampled=0.025
291.7564763513794,service_end,,,971,54,1,1,1,duration=0.025
291.7564763513794,service_start,,,972,53,1,1,1,service_time_sampled=0.135
291.8916130717756,service_end,,,972,53,1,1,1,duration=0.135
291.8916130717756,service_start,,,973,52,1,1,1,service_time_sampled=0.125
292.0,plane_arrive,30,2,,52,1,1,1,air_q=4
292.0169813511572,service_end,,,973,52,1,1,1,duration=0.125
292.0169813511572,service_start,,,974,51,1,1,1,service_time_sampled=0.194
292.2106682051481,service_end,,,974,51,1,1,1,duration=0.194
292.2106682051481,service_start,,,975,50,1,1,1,service_time_sampled=0.010
292.2206682051481,service_end,,,975,50,1,1,1,duration=0.010
292.2206682051481,service_start,,,976,49,1,1,1,service_time_sampled=0.015
292.2360587108806,service_end,,,976,49,1,1,1,duration=0.015
292.2360587108806,service_start,,,977,48,1,1,1,service_time_sampled=0.064
292.30032265805016,service_end,,,977,48,1,1,1,duration=0.064
292.30032265805016,service_start,,,978,47,1,1,1,service_time_sampled=0.010
292.31032265805015,service_end,,,978,47,1,1,1,duration=0.010
292.31032265805015,service_start,,,979,46,1,1,1,service_time_sampled=0.013
292.32325148240386,service_end,,,979,46,1,1,1,duration=0.013
292.32325148240386,service_start,,,980,45,1,1,1,service_time_sampled=0.160
292.48365790763205,service_end,,,980,45,1,1,1,duration=0.160
292.48365790763205,service_start,,,981,44,1,1,1,service_time_sampled=0.010
292.49365790763204,service_end,,,981,44,1,1,1,duration=0.010
292.49365790763204,service_start,,,982,43,1,1,1,service_time_sampled=0.050
292.5433780543056,service_end,,,982,43,1,1,1,duration=0.050
292.5433780543056,service_start,,,983,42,1,1,1,service_time_sampled=0.136
292.67924171395435,service_end,,,983,42,1,1,1,duration=0.136
292.67924171395435,service_start,,,984,41,1,1,1,service_time_sampled=0.053
292.7317886025687,service_end,,,984,41,1,1,1,duration=0.053
292.7317886025687,service_start,,,985,40,1,1,1,service_time_sampled=0.017
292.7488258844567,service_end,,,985,40,1,1,1,duration=0.017
292.7488258844567,service_start,,,986,39,1,1,1,service_time_sampled=0.206
292.9549413482397,service_end,,,986,39,1,1,1,duration=0.206
292.9549413482397,service_start,,,987,38,1,1,1,service_time_sampled=0.178
293.1333603895891,service_end,,,987,38,1,1,1,duration=0.178
293.1333603895891,service_start,,,988,37,1,1,1,service_time_sampled=0.227
293.36016596042117,service_end,,,988,37,1,1,1,duration=0.227
293.36016596042117,service_start,,,989,36,1,1,1,service_time_sampled=0.504
293.86415218474536,service_end,,,989,36,1,1,1,duration=0.504
293.86415218474536,service_start,,,990,35,1,1,1,service_time_sampled=0.061
293.92465479426676,service_end,,,990,35,1,1,1,duration=0.061
293.92465479426676,service_start,,,991,34,1,1,1,service_time_sampled=0.134
294.05866776553637,service_end,,,991,34,1,1,1,duration=0.134
294.05866776553637,service_start,,,992,33,1,1,1,service_time_sampled=0.116
294.1750136002316,service_end,,,992,33,1,1,1,duration=0.116
294.1750136002316,service_start,,,993,32,1,1,1,service_time_sampled=0.033
294.20819535395555,service_end,,,993,32,1,1,1,duration=0.033
294.20819535395555,service_start,,,994,31,1,1,1,service_time_sampled=0.063
294.2715059965659,service_end,,,994,31,1,1,1,duration=0.063
294.2715059965659,service_start,,,995,30,1,1,1,service_time_sampled=0.079
294.35042034507075,service_end,,,995,30,1,1,1,duration=0.079
294.35042034507075,service_start,,,996,29,1,1,1,service_time_sampled=0.251
294.60167387378203,service_end,,,996,29,1,1,1,duration=0.251
294.60167387378203,service_start,,,997,28,1,1,1,service_time_sampled=0.350
294.95215063216466,service_end,,,997,28,1,1,1,duration=0.350
294.95215063216466,service_start,,,998,27,1,1,1,service_time_sampled=0.152
295.1040448393086,service_end,,,998,27,1,1,1,duration=0.152
295.1040448393086,service_start,,,999,26,1,1,1,service_time_sampled=0.160
295.2639779061726,service_end,,,999,26,1,1,1,duration=0.160
295.2639779061726,service_start,,,1000,25,1,1,1,service_time_sampled=0.245
295.50891024665833,service_end,,,1000,25,1,1,1,duration=0.245
295.50891024665833,service_start,,,1001,24,1,1,1,service_time_sampled=0.059
295.5675905484113,service_end,,,1001,24,1,1,1,duration=0.059
295.5675905484113,service_start,,,1002,23,1,1,1,service_time_sampled=0.131
295.6981188944623,service_end,,,1002,23,1,1,1,duration=0.131
295.6981188944623,service_start,,,1003,22,1,1,1,service_time_sampled=0.034
295.7316380528042,service_end,,,1003,22,1,1,1,duration=0.034
295.7316380528042,service_start,,,1004,21,1,1,1,service_time_sampled=0.261
295.99274675341366,service_end,,,1004,21,1,1,1,duration=0.261
295.99274675341366,service_start,,,1005,20,1,1,1,service_time_sampled=0.163
296.0,landing_end,26,3,,20,1,1,1,pad_q=1
296.15559031458656,service_end,,,1005,20,1,1,1,duration=0.163
296.15559031458656,service_start,,,1006,19,1,1,1,service_time_sampled=0.023
296.1790551388816,service_end,,,1006,19,1,1,1,duration=0.023
296.1790551388816,service_start,,,1007,18,1,1,1,service_time_sampled=0.024
296.20318649556594,service_end,,,1007,18,1,1,1,duration=0.024
296.20318649556594,service_start,,,1008,17,1,1,1,service_time_sampled=0.136
296.33945618125773,service_end,,,1008,17,1,1,1,duration=0.136
296.33945618125773,service_start,,,1009,16,1,1,1,service_time_sampled=0.055
296.39467409202297,service_end,,,1009,16,1,1,1,duration=0.055
296.39467409202297,service_start,,,1010,15,1,1,1,service_time_sampled=0.316
296.7110275199478,service_end,,,1010,15,1,1,1,duration=0.316
296.7110275199478,service_start,,,1011,14,1,1,1,service_time_sampled=0.872
297.5825748870827,service_end,,,1011,14,1,1,1,duration=0.872
297.5825748870827,service_start,,,1012,13,1,1,1,service_time_sampled=0.130
297.7127911488186,service_end,,,1012,13,1,1,1,duration=0.130
297.7127911488186,service_start,,,1013,12,1,1,1,service_time_sampled=0.089
297.80161128139645,service_end,,,1013,12,1,1,1,duration=0.089
297.80161128139645,service_start,,,1014,11,1,1,1,service_time_sampled=0.223
298.02426382800525,service_end,,,1014,11,1,1,1,duration=0.223
298.02426382800525,service_start,,,1015,10,1,1,1,service_time_sampled=0.101
298.1251531659812,service_end,,,1015,10,1,1,1,duration=0.101
298.1251531659812,service_start,,,1016,9,1,1,1,service_time_sampled=0.055
298.1806253094951,service_end,,,1016,9,1,1,1,duration=0.055
298.1806253094951,service_start,,,1017,8,1,1,1,service_time_sampled=0.226
298.4069477034881,service_end,,,1017,8,1,1,1,duration=0.226
298.4069477034881,service_start,,,1018,7,1,1,1,service_time_sampled=0.160
298.56665841350946,service_end,,,1018,7,1,1,1,duration=0.160
298.56665841350946,service_start,,,1019,6,1,1,1,service_time_sampled=0.015
298.58150919511354,service_end,,,1019,6,1,1,1,duration=0.015
298.58150919511354,service_start,,,1020,5,1,1,1,service_time_sampled=0.130
298.71122229783765,service_end,,,1020,5,1,1,1,duration=0.130
298.71122229783765,service_start,,,1021,4,1,1,1,service_time_sampled=0.115
298.8262996376897,service_end,,,1021,4,1,1,1,duration=0.115
298.8262996376897,service_start,,,1022,3,1,1,1,service_time_sampled=0.190
299.016449678994,service_end,,,1022,3,1,1,1,duration=0.190
299.016449678994,service_start,,,1023,2,1,1,1,service_time_sampled=0.076
299.0922206739304,service_end,,,1023,2,1,1,1,duration=0.076
299.0922206739304,service_start,,,1024,1,1,1,1,service_time_sampled=0.210
299.3023058480031,service_end,,,1024,1,1,1,1,duration=0.210
299.3023058480031,service_start,,,1025,0,1,1,1,service_time_sampled=0.073
299.3748816452845,service_end,,,1025,0,1,1,1,duration=0.073
303.0,unload_end,26,3,,0,1,1,1,
303.0,passengers_spawned,26,3,,0,1,1,1,count=57
303.0,passenger_queue_arrival,,,1026,1,1,1,1,
303.0,passenger_queue_arrival,,,1027,2,1,1,1,
303.0,passenger_queue_arrival,,,1028,3,1,1,1,
303.0,passenger_queue_arrival,,,1029,4,1,1,1,
303.0,passenger_queue_arrival,,,1030,5,1,1,1,
303.0,passenger_queue_arrival,,,1031,6,1,1,1,
303.0,passenger_queue_arrival,,,1032,7,1,1,1,
303.0,passenger_queue_arrival,,,1033,8,1,1,1,
303.0,passenger_queue_arrival,,,1034,9,1,1,1,
303.0,passenger_queue_arrival,,,1035,10,1,1,1,
303.0,passenger_queue_arrival,,,1036,11,1,1,1,
303.0,passenger_queue_arrival,,,1037,12,1,1,1,
303.0,passenger_queue_arrival,,,1038,13,1,1,1,
303.0,passenger_queue_arrival,,,1039,14,1,1,1,
303.0,passenger_queue_arrival,,,1040,15,1,1,1,
303.0,passenger_queue_arrival,,,1041,16,1,1,1,
303.0,passenger_queue_arrival,,,1042,17,1,1,1,
303.0,passenger_queue_arrival,,,1043,18,1,1,1,
303.0,passenger_queue_arrival,,,1044,19,1,1,1,
303.0,passenger_queue_arrival,,,1045,20,1,1,1,
303.0,passenger_queue_arrival,,,1046,21,1,1,1,
303.0,passenger_queue_arrival,,,1047,22,1,1,1,
303.0,passenger_queue_arrival,,,1048,23,1,1,1,
303.0,passenger_queue_arrival,,,1049,24,1,1,1,
303.0,passenger_queue_arrival,,,1050,25,1,1,1,
303.0,passenger_queue_arrival,,,1051,26,1,1,1,
303.0,passenger_queue_arrival,,,1052,27,1,1,1,
303.0,passenger_queue_arrival,,,1053,28,1,1,1,
303.0,passenger_queue_arrival,,,1054,29,1,1,1,
303.0,passenger_queue_arrival,,,1055,30,1,1,1,
303.0,passenger_queue_arrival,,,1056,31,1,1,1,
303.0,passenger_queue_arrival,,,1057,32,1,1,1,
303.0,passenger_queue_arrival,,,1058,33,1,1,1,
303.0,passenger_queue_arrival,,,1059,34,1,1,1,
303.0,passenger_queue_arrival,,,1060,35,1,1,1,
303.0,passenger_queue_arrival,,,1061,36,1,1,1,
303.0,passenger_queue_arrival,,,1062,37,1,1,1,
303.0,passenger_queue_arrival,,,1063,38,1,1,1,
303.0,passenger_queue_arrival,,,1064,39,1,1,1,
303.0,passenger_queue_arrival,,,1065,40,1,1,1,
303.0,passenger_queue_arrival,,,1066,41,1,1,1,
303.0,passenger_queue_arrival,,,1067,42,1,1,1,
303.0,passenger_queue_arrival,,,1068,43,1,1,1,
303.0,passenger_queue_arrival,,,1069,44,1,1,1,
303.0,passenger_queue_arrival,,,1070,45,1,1,1,
303.0,passenger_queue_arrival,,,1071,46,1,1,1,
303.0,passenger_queue_arrival,,,1072,47,1,1,1,
303.0,passenger_queue_arrival,,,1073,48,1,1,1,
303.0,passenger_queue_arrival,,,1074,49,1,1,1,
303.0,passenger_queue_arrival,,,1075,50,1,1,1,
303.0,passenger_queue_arrival,,,1076,51,1,1,1,
303.0,passenger_queue_arrival,,,1077,52,1,1,1,
303.0,passenger_queue_arrival,,,1078,53,1,1,1,
303.0,passenger_queue_arrival,,,1079,54,1,1,1,
303.0,passenger_queue_arrival,,,1080,55,1,1,1,
303.0,passenger_queue_arrival,,,1081,56,1,1,1,
303.0,passenger_queue_arrival,,,1082,57,1,1,1,
303.0,landing_start,27,1,,57,1,1,1,landing_time=3
303.0,service_start,,,1026,56,1,1,1,service_time_sampled=0.071
303.07107611102845,service_end,,,1026,56,1,1,1,duration=0.071
303.07107611102845,service_start,,,1027,55,1,1,1,service_time_sampled=0.018
303.08875197485116,service_end,,,1027,55,1,1,1,duration=0.018
303.08875197485116,service_start,,,1028,54,1,1,1,service_time_sampled=0.092
303.1806051903744,service_end,,,1028,54,1,1,1,duration=0.092
303.1806051903744,service_start,,,1029,53,1,1,1,service_time_sampled=0.112
303.2922832390998,service_end,,,1029,53,1,1,1,duration=0.112
303.2922832390998,service_start,,,1030,52,1,1,1,service_time_sampled=0.132
303.4245431022387,service_end,,,1030,52,1,1,1,duration=0.132
303.4245431022387,service_start,,,1031,51,1,1,1,service_time_sampled=0.011
303.4358372636002,service_end,,,1031,51,1,1,1,duration=0.011
303.4358372636002,service_start,,,1032,50,1,1,1,service_time_sampled=0.045
303.4807345938926,service_end,,,1032,50,1,1,1,duration=0.045
303.4807345938926,service_start,,,1033,49,1,1,1,service_time_sampled=0.012
303.4929364719593,service_end,,,1033,49,1,1,1,duration=0.012
303.4929364719593,service_start,,,1034,48,1,1,1,service_time_sampled=0.329
303.82149778672965,service_end,,,1034,48,1,1,1,duration=0.329
303.82149778672965,service_start,,,1035,47,1,1,1,service_time_sampled=0.093
303.9147611878033,service_end,,,1035,47,1,1,1,duration=0.093
303.9147611878033,service_start,,,1036,46,1,1,1,service_time_sampled=0.113
304.0279564826716,service_end,,,1036,46,1,1,1,duration=0.113
304.0279564826716,service_start,,,1037,45,1,1,1,service_time_sampled=0.025
304.05271947426246,service_end,,,1037,45,1,1,1,duration=0.025
304.05271947426246,service_start,,,1038,44,1,1,1,service_time_sampled=0.394
304.44656281860637,service_end,,,1038,44,1,1,1,duration=0.394
304.44656281860637,service_start,,,1039,43,1,1,1,service_time_sampled=0.013
304.459703262953,service_end,,,1039,43,1,1,1,duration=0.013
304.459703262953,service_start,,,1040,42,1,1,1,service_time_sampled=0.186
304.6457592414743,service_end,,,1040,42,1,1,1,duration=0.186
304.6457592414743,service_start,,,1041,41,1,1,1,service_time_sampled=0.010
304.6557592414743,service_end,,,1041,41,1,1,1,duration=0.010
304.6557592414743,service_start,,,1042,40,1,1,1,service_time_sampled=0.420
305.0,plane_arrive,31,3,,40,1,1,1,air_q=4
305.07614991500094,service_end,,,1042,40,1,1,1,duration=0.420
305.07614991500094,service_start,,,1043,39,1,1,1,service_time_sampled=0.091
305.1674339703311,service_end,,,1043,39,1,1,1,duration=0.091
305.1674339703311,service_start,,,1044,38,1,1,1,service_time_sampled=0.099
305.26601174837697,service_end,,,1044,38,1,1,1,duration=0.099
305.26601174837697,service_start,,,1045,37,1,1,1,service_time_sampled=0.150
305.4156790960317,service_end,,,1045,37,1,1,1,duration=0.150
305.4156790960317,service_start,,,1046,36,1,1,1,service_time_sampled=0.010
305.4256790960317,service_end,,,1046,36,1,1,1,duration=0.010
305.4256790960317,service_start,,,1047,35,1,1,1,service_time_sampled=0.061
305.4870217099559,service_end,,,1047,35,1,1,1,duration=0.061
305.4870217099559,service_start,,,1048,34,1,1,1,service_time_sampled=0.012
305.4985339248128,service_end,,,1048,34,1,1,1,duration=0.012
305.4985339248128,service_start,,,1049,33,1,1,1,service_time_sampled=0.175
305.673600167664,service_end,,,1049,33,1,1,1,duration=0.175
305.673600167664,service_start,,,1050,32,1,1,1,service_time_sampled=0.170
305.84342035790684,service_end,,,1050,32,1,1,1,duration=0.170
305.84342035790684,service_start,,,1051,31,1,1,1,service_time_sampled=0.297
306.0,landing_end,27,1,,31,1,1,1,pad_q=1
306.1402749595939,service_end,,,1051,31,1,1,1,duration=0.297
306.1402749595939,service_start,,,1052,30,1,1,1,service_time_sampled=0.294
306.4344337299857,service_end,,,1052,30,1,1,1,duration=0.294
306.4344337299857,service_start,,,1053,29,1,1,1,service_time_sampled=0.030
306.4640355949802,service_end,,,1053,29,1,1,1,duration=0.030
306.4640355949802,service_start,,,1054,28,1,1,1,service_time_sampled=0.117
306.58099777087295,service_end,,,1054,28,1,1,1,duration=0.117
306.58099777087295,service_start,,,1055,27,1,1,1,service_time_sampled=0.239
306.8199118748032,service_end,,,1055,27,1,1,1,duration=0.239
306.8199118748032,service_start,,,1056,26,1,1,1,service_time_sampled=0.010
306.8299118748032,service_end,,,1056,26,1,1,1,duration=0.010
306.8299118748032,service_start,,,1057,25,1,1,1,service_time_sampled=0.254
307.08358256754155,service_end,,,1057,25,1,1,1,duration=0.254
307.08358256754155,service_start,,,1058,24,1,1,1,service_time_sampled=0.034
307.11753925390417,service_end,,,1058,24,1,1,1,duration=0.034
307.11753925390417,service_start,,,1059,23,1,1,1,service_time_sampled=0.103
307.2200792791214,service_end,,,1059,23,1,1,1,duration=0.103
307.2200792791214,service_start,,,1060,22,1,1,1,service_time_sampled=0.016
307.2356406410728,service_end,,,1060,22,1,1,1,duration=0.016
307.2356406410728,service_start,,,1061,21,1,1,1,service_time_sampled=0.011
307.24658383274203,service_end,,,1061,21,1,1,1,duration=0.011
307.24658383274203,service_start,,,1062,20,1,1,1,service_time_sampled=0.170
307.41680940801353,service_end,,,1062,20,1,1,1,duration=0.170
307.41680940801353,service_start,,,1063,19,1,1,1,service_time_sampled=0.038
307.45503849336654,service_end,,,1063,19,1,1,1,duration=0.038
307.45503849336654,service_start,,,1064,18,1,1,1,service_time_sampled=0.194
307.64881095964756,service_end,,,1064,18,1,1,1,duration=0.194
307.64881095964756,service_start,,,1065,17,1,1,1,service_time_sampled=0.307
307.8955651729017,failure,,,,,0,1,0,element=scanner
307.8955651729017,service_interrupted,,,1065,17,0,1,0,remaining=0.060
313.0,unload_end,27,1,,17,0,1,0,
313.0,passengers_spawned,27,1,,17,0,1,0,count=25
313.0,passenger_queue_arrival,,,1083,18,0,1,0,
313.0,passenger_queue_arrival,,,1084,19,0,1,0,
313.0,passenger_queue_arrival,,,1085,20,0,1,0,
313.0,passenger_queue_arrival,,,1086,21,0,1,0,
313.0,passenger_queue_arrival,,,1087,22,0,1,0,
313.0,passenger_queue_arrival,,,1088,23,0,1,0,
313.0,passenger_queue_arrival,,,1089,24,0,1,0,
313.0,passenger_queue_arrival,,,1090,25,0,1,0,
313.0,passenger_queue_arrival,,,1091,26,0,1,0,
313.0,passenger_queue_arrival,,,1092,27,0,1,0,
313.0,passenger_queue_arrival,,,1093,28,0,1,0,
313.0,passenger_queue_arrival,,,1094,29,0,1,0,
313.0,passenger_queue_arrival,,,1095,30,0,1,0,
313.0,passenger_queue_arrival,,,1096,31,0,1,0,
313.0,passenger_queue_arrival,,,1097,32,0,1,0,
313.0,passenger_queue_arrival,,,1098,33,0,1,0,
313.0,passenger_queue_arrival,,,1099,34,0,1,0,
313.0,passenger_queue_arrival,,,1100,35,0,1,0,
313.0,passenger_queue_arrival,,,1101,36,0,1,0,
313.0,passenger_queue_arrival,,,1102,37,0,1,0,
313.0,passenger_queue_arrival,,,1103,38,0,1,0,
313.0,passenger_queue_arrival,,,1104,39,0,1,0,
313.0,passenger_queue_arrival,,,1105,40,0,1,0,
313.0,passenger_queue_arrival,,,1106,41,0,1,0,
313.0,passenger_queue_arrival,,,1107,42,0,1,0,
313.0,landing_start,28,2,,42,0,1,0,landing_time=3
313.37832891531787,repair,,,,,1,1,1,"element=scanner, repair_time=5.483"
313.45536063634523,service_end,,,1065,42,1,1,1,duration=5.807
313.45536063634523,service_start,,,1066,41,1,1,1,service_time_sampled=0.036
313.4909249297531,service_end,,,1066,41,1,1,1,duration=0.036
313.4909249297531,service_start,,,1067,40,1,1,1,service_time_sampled=0.064
313.55533981935895,service_end,,,1067,40,1,1,1,duration=0.064
313.55533981935895,service_start,,,1068,39,1,1,1,service_time_sampled=0.115
313.67039460372905,service_end,,,1068,39,1,1,1,duration=0.115
313.67039460372905,service_start,,,1069,38,1,1,1,service_time_sampled=0.244
313.9139769897622,service_end,,,1069,38,1,1,1,duration=0.244
313.9139769897622,service_start,,,1070,37,1,1,1,service_time_sampled=0.028
313.9424489423435,service_end,,,1070,37,1,1,1,duration=0.028
313.9424489423435,service_start,,,1071,36,1,1,1,service_time_sampled=0.041
313.9837394963776,service_end,,,1071,36,1,1,1,duration=0.041
313.9837394963776,service_start,,,1072,35,1,1,1,service_time_sampled=0.180
314.16332692521684,service_end,,,1072,35,1,1,1,duration=0.180
314.16332692521684,service_start,,,1073,34,1,1,1,service_time_sampled=0.114
314.2770256754636,service_end,,,1073,34,1,1,1,duration=0.114
314.2770256754636,service_start,,,1074,33,1,1,1,service_time_sampled=0.074
314.3513288862007,service_end,,,1074,33,1,1,1,duration=0.074
314.3513288862007,service_start,,,1075,32,1,1,1,service_time_sampled=0.050
314.40149236915397,service_end,,,1075,32,1,1,1,duration=0.050
314.40149236915397,service_start,,,1076,31,1,1,1,service_time_sampled=0.149
314.550926702417,service_end,,,1076,31,1,1,1,duration=0.149
314.550926702417,service_start,,,1077,30,1,1,1,service_time_sampled=0.297
314.84800362028835,service_end,,,1077,30,1,1,1,duration=0.297
314.84800362028835,service_start,,,1078,29,1,1,1,service_time_sampled=0.035
314.88314098483,service_end,,,1078,29,1,1,1,duration=0.035
314.88314098483,service_start,,,1079,28,1,1,1,service_time_sampled=0.130
315.01275327004066,service_end,,,1079,28,1,1,1,duration=0.130
315.01275327004066,service_start,,,1080,27,1,1,1,service_time_sampled=0.194
315.2062683771057,service_end,,,1080,27,1,1,1,duration=0.194
315.2062683771057,service_start,,,1081,26,1,1,1,service_time_sampled=0.039
315.2454839341107,service_end,,,1081,26,1,1,1,duration=0.039
315.2454839341107,service_start,,,1082,25,1,1,1,service_time_sampled=0.049
315.29489709491213,service_end,,,1082,25,1,1,1,duration=0.049
315.29489709491213,service_start,,,1083,24,1,1,1,service_time_sampled=0.249
315.54358175773655,service_end,,,1083,24,1,1,1,duration=0.249
315.54358175773655,service_start,,,1084,23,1,1,1,service_time_sampled=0.079
315.62306457654495,service_end,,,1084,23,1,1,1,duration=0.079
315.62306457654495,service_start,,,1085,22,1,1,1,service_time_sampled=0.131
315.75377819365303,service_end,,,1085,22,1,1,1,duration=0.131
315.75377819365303,service_start,,,1086,21,1,1,1,service_time_sampled=0.255
316.0,landing_end,28,2,,21,1,1,1,pad_q=1
316.008390946105,service_end,,,1086,21,1,1,1,duration=0.255
316.008390946105,service_start,,,1087,20,1,1,1,service_time_sampled=0.077
316.08583428748904,service_end,,,1087,20,1,1,1,duration=0.077
316.08583428748904,service_start,,,1088,19,1,1,1,service_time_sampled=0.067
316.1527935116106,service_end,,,1088,19,1,1,1,duration=0.067
316.1527935116106,service_start,,,1089,18,1,1,1,service_time_sampled=0.062
316.2143323636638,service_end,,,1089,18,1,1,1,duration=0.062
316.2143323636638,service_start,,,1090,17,1,1,1,service_time_sampled=0.022
316.2367964449646,service_end,,,1090,17,1,1,1,duration=0.022
316.2367964449646,service_start,,,1091,16,1,1,1,service_time_sampled=0.217
316.45349429916484,service_end,,,1091,16,1,1,1,duration=0.217
316.45349429916484,service_start,,,1092,15,1,1,1,service_time_sampled=0.028
316.48131839502275,service_end,,,1092,15,1,1,1,duration=0.028
316.48131839502275,service_start,,,1093,14,1,1,1,service_time_sampled=0.027
316.5085434635382,service_end,,,1093,14,1,1,1,duration=0.027
316.5085434635382,service_start,,,1094,13,1,1,1,service_time_sampled=0.010
316.5185434635382,service_end,,,1094,13,1,1,1,duration=0.010
316.5185434635382,service_start,,,1095,12,1,1,1,service_time_sampled=0.176
316.69431052415143,service_end,,,1095,12,1,1,1,duration=0.176
316.69431052415143,service_start,,,1096,11,1,1,1,service_time_sampled=0.066
316.7599157163892,service_end,,,1096,11,1,1,1,duration=0.066
316.7599157163892,service_start,,,1097,10,1,1,1,service_time_sampled=0.109
316.86932922939,service_end,,,1097,10,1,1,1,duration=0.109
316.86932922939,service_start,,,1098,9,1,1,1,service_time_sampled=0.014
316.88318546396874,service_end,,,1098,9,1,1,1,duration=0.014
316.88318546396874,service_start,,,1099,8,1,1,1,service_time_sampled=0.086
316.9689922119414,service_end,,,1099,8,1,1,1,duration=0.086
316.9689922119414,service_start,,,1100,7,1,1,1,service_time_sampled=0.061
317.03023848340985,service_end,,,1100,7,1,1,1,duration=0.061
317.03023848340985,service_start,,,1101,6,1,1,1,service_time_sampled=0.093
317.1232617357886,service_end,,,1101,6,1,1,1,duration=0.093
317.1232617357886,service_start,,,1102,5,1,1,1,service_time_sampled=0.061
317.1840889248978,service_end,,,1102,5,1,1,1,duration=0.061
317.1840889248978,service_start,,,1103,4,1,1,1,service_time_sampled=0.295
317.4787649497902,service_end,,,1103,4,1,1,1,duration=0.295
317.4787649497902,service_start,,,1104,3,1,1,1,service_time_sampled=0.235
317.7137961465568,service_end,,,1104,3,1,1,1,duration=0.235
317.7137961465568,service_start,,,1105,2,1,1,1,service_time_sampled=0.047
317.7605900387232,service_end,,,1105,2,1,1,1,duration=0.047
317.7605900387232,service_start,,,1106,1,1,1,1,service_time_sampled=0.079
317.83975260874143,service_end,,,1106,1,1,1,1,duration=0.079
317.83975260874143,service_start,,,1107,0,1,1,1,service_time_sampled=0.071
317.9110261795295,service_end,,,1107,0,1,1,1,duration=0.071
321.0,plane_arrive,32,1,,0,1,1,1,air_q=4
323.0,unload_end,28,2,,0,1,1,1,
323.0,passengers_spawned,28,2,,0,1,1,1,count=43
323.0,passenger_queue_arrival,,,1108,1,1,1,1,
323.0,passenger_queue_arrival,,,1109,2,1,1,1,
323.0,passenger_queue_arrival,,,1110,3,1,1,1,
323.0,passenger_queue_arrival,,,1111,4,1,1,1,
323.0,passenger_queue_arrival,,,1112,5,1,1,1,
323.0,passenger_queue_arrival,,,1113,6,1,1,1,
323.0,passenger_queue_arrival,,,1114,7,1,1,1,
323.0,passenger_queue_arrival,,,1115,8,1,1,1,
323.0,passenger_queue_arrival,,,1116,9,1,1,1,
323.0,passenger_queue_arrival,,,1117,10,1,1,1,
323.0,passenger_queue_arrival,,,1118,11,1,1,1,
323.0,passenger_queue_arrival,,,1119,12,1,1,1,
323.0,passenger_queue_arrival,,,1120,13,1,1,1,
323.0,passenger_queue_arrival,,,1121,14,1,1,1,
323.0,passenger_queue_arrival,,,1122,15,1,1,1,
323.0,passenger_queue_arrival,,,1123,16,1,1,1,
323.0,passenger_queue_arrival,,,1124,17,1,1,1,
323.0,passenger_queue_arrival,,,1125,18,1,1,1,
323.0,passenger_queue_arrival,,,1126,19,1,1,1,
323.0,passenger_queue_arrival,,,1127,20,1,1,1,
323.0,passenger_queue_arrival,,,1128,21,1,1,1,
323.0,passenger_queue_arrival,,,1129,22,1,1,1,
323.0,passenger_queue_arrival,,,1130,23,1,1,1,
323.0,passenger_queue_arrival,,,1131,24,1,1,1,
323.0,passenger_queue_arrival,,,1132,25,1,1,1,
323.0,passenger_queue_arrival,,,1133,26,1,1,1,
323.0,passenger_queue_arrival,,,1134,27,1,1,1,
323.0,passenger_queue_arrival,,,1135,28,1,1,1,
323.0,passenger_queue_arrival,,,1136,29,1,1,1,
323.0,passenger_queue_arrival,,,1137,30,1,1,1,
323.0,passenger_queue_arrival,,,1138,31,1,1,1,
323.0,passenger_queue_arrival,,,1139,32,1,1,1,
323.0,passenger_queue_arrival,,,1140,33,1,1,1,
323.0,passenger_queue_arrival,,,1141,34,1,1,1,
323.0,passenger_queue_arrival,,,1142,35,1,1,1,
323.0,passenger_queue_arrival,,,1143,36,1,1,1,
323.0,passenger_queue_arrival,,,1144,37,1,1,1,
323.0,passenger_queue_arrival,,,1145,38,1,1,1,
323.0,passenger_queue_arrival,,,1146,39,1,1,1,
323.0,passenger_queue_arrival,,,1147,40,1,1,1,
323.0,passenger_queue_arrival,,,1148,41,1,1,1,
323.0,passenger_queue_arrival,,,1149,42,1,1,1,
323.0,passenger_queue_arrival,,,1150,43,1,1,1,
323.0,landing_start,29,3,,43,1,1,1,landing_time=4
323.0,service_start,,,1108,42,1,1,1,service_time_sampled=0.010
323.01,service_end,,,1108,42,1,1,1,duration=0.010
323.01,service_start,,,1109,41,1,1,1,service_time_sampled=0.350
323.35981584668036,service_end,,,1109,41,1,1,1,duration=0.350
323.35981584668036,service_start,,,1110,40,1,1,1,service_time_sampled=0.013
323.37323192935895,service_end,,,1110,40,1,1,1,duration=0.013
323.37323192935895,service_start,,,1111,39,1,1,1,service_time_sampled=0.219
323.59201959223435,service_end,,,1111,39,1,1,1,duration=0.219
323.59201959223435,service_start,,,1112,38,1,1,1,service_time_sampled=0.088
323.67971678724285,service_end,,,1112,38,1,1,1,duration=0.088
323.67971678724285,service_start,,,1113,37,1,1,1,service_time_sampled=0.348
324.0278785469826,service_end,,,1113,37,1,1,1,duration=0.348
324.0278785469826,service_start,,,1114,36,1,1,1,service_time_sampled=0.038
324.06618671181036,service_end,,,1114,36,1,1,1,duration=0.038
324.06618671181036,service_start,,,1115,35,1,1,1,service_time_sampled=0.119
324.18564262615286,service_end,,,1115,35,1,1,1,duration=0.119
324.18564262615286,service_start,,,1116,34,1,1,1,service_time_sampled=0.026
324.2121227168015,service_end,,,1116,34,1,1,1,duration=0.026
324.2121227168015,service_start,,,1117,33,1,1,1,service_time_sampled=0.018
324.22967677455534,service_end,,,1117,33,1,1,1,duration=0.018
324.22967677455534,service_start,,,1118,32,1,1,1,service_time_sampled=0.153
324.382240192192,service_end,,,1118,32,1,1,1,duration=0.153
324.382240192192,service_start,,,1119,31,1,1,1,service_time_sampled=0.082
324.4643880159753,service_end,,,1119,31,1,1,1,duration=0.082
324.4643880159753,service_start,,,1120,30,1,1,1,service_time_sampled=0.123
324.58716043069046,service_end,,,1120,30,1,1,1,duration=0.123
324.58716043069046,service_start,,,1121,29,1,1,1,service_time_sampled=0.210
324.7969237572389,service_end,,,1121,29,1,1,1,duration=0.210
324.7969237572389,service_start,,,1122,28,1,1,1,service_time_sampled=0.031
324.82780008496366,service_end,,,1122,28,1,1,1,duration=0.031
324.82780008496366,service_start,,,1123,27,1,1,1,service_time_sampled=0.018
324.84564997561085,service_end,,,1123,27,1,1,1,duration=0.018
324.84564997561085,service_start,,,1124,26,1,1,1,service_time_sampled=0.141
324.98680490345555,service_end,,,1124,26,1,1,1,duration=0.141
324.98680490345555,service_start,,,1125,25,1,1,1,service_time_sampled=0.225
325.21203066691527,service_end,,,1125,25,1,1,1,duration=0.225
325.21203066691527,service_start,,,1126,24,1,1,1,service_time_sampled=0.054
325.2663892040836,service_end,,,1126,24,1,1,1,duration=0.054
325.2663892040836,service_start,,,1127,23,1,1,1,service_time_sampled=0.103
325.3697791804813,service_end,,,1127,23,1,1,1,duration=0.103
325.3697791804813,service_start,,,1128,22,1,1,1,service_time_sampled=0.011
325.38106720725557,service_end,,,1128,22,1,1,1,duration=0.011
325.38106720725557,service_start,,,1129,21,1,1,1,service_time_sampled=0.093
325.474125481999,service_end,,,1129,21,1,1,1,duration=0.093
325.474125481999,service_start,,,1130,20,1,1,1,service_time_sampled=0.035
325.5096094044492,service_end,,,1130,20,1,1,1,duration=0.035
325.5096094044492,service_start,,,1131,19,1,1,1,service_time_sampled=0.052
325.561292118856,service_end,,,1131,19,1,1,1,duration=0.052
325.561292118856,service_start,,,1132,18,1,1,1,service_time_sampled=0.010
325.571292118856,service_end,,,1132,18,1,1,1,duration=0.010
325.571292118856,service_start,,,1133,17,1,1,1,service_time_sampled=0.128
325.6997566518021,service_end,,,1133,17,1,1,1,duration=0.128
325.6997566518021,service_start,,,1134,16,1,1,1,service_time_sampled=0.082
325.7816120156655,service_end,,,1134,16,1,1,1,duration=0.082
325.7816120156655,service_start,,,1135,15,1,1,1,service_time_sampled=0.060
325.8418182588664,service_end,,,1135,15,1,1,1,duration=0.060
325.8418182588664,service_start,,,1136,14,1,1,1,service_time_sampled=0.032
325.8738776557002,service_end,,,1136,14,1,1,1,duration=0.032
325.8738776557002,service_start,,,1137,13,1,1,1,service_time_sampled=0.146
326.01975028494064,service_end,,,1137,13,1,1,1,duration=0.146
326.01975028494064,service_start,,,1138,12,1,1,1,service_time_sampled=0.016
326.0353109261008,service_end,,,1138,12,1,1,1,duration=0.016
326.0353109261008,service_start,,,1139,11,1,1,1,service_time_sampled=0.010
326.0453109261008,service_end,,,1139,11,1,1,1,duration=0.010
326.0453109261008,service_start,,,1140,10,1,1,1,service_time_sampled=0.669
326.71382268214995,service_end,,,1140,10,1,1,1,duration=0.669
326.71382268214995,service_start,,,1141,9,1,1,1,service_time_sampled=0.115
326.82865323936323,service_end,,,1141,9,1,1,1,duration=0.115
326.82865323936323,service_start,,,1142,8,1,1,1,service_time_sampled=0.066
326.89419453793187,service_end,,,1142,8,1,1,1,duration=0.066
326.89419453793187,service_start,,,1143,7,1,1,1,service_time_sampled=0.300
327.0,landing_end,29,3,,7,1,1,1,pad_q=1
327.1943785736075,service_end,,,1143,7,1,1,1,duration=0.300
327.1943785736075,service_start,,,1144,6,1,1,1,service_time_sampled=0.010
327.20437857360747,service_end,,,1144,6,1,1,1,duration=0.010
327.20437857360747,service_start,,,1145,5,1,1,1,service_time_sampled=0.059
327.26384841850205,service_end,,,1145,5,1,1,1,duration=0.059
327.26384841850205,service_start,,,1146,4,1,1,1,service_time_sampled=0.100
327.36412302414334,service_end,,,1146,4,1,1,1,duration=0.100
327.36412302414334,service_start,,,1147,3,1,1,1,service_time_sampled=0.097
327.4607245228394,service_end,,,1147,3,1,1,1,duration=0.097
327.4607245228394,service_start,,,1148,2,1,1,1,service_time_sampled=0.037
327.4972510133009,service_end,,,1148,2,1,1,1,duration=0.037
327.4972510133009,service_start,,,1149,1,1,1,1,service_time_sampled=0.010
327.5072510133009,service_end,,,1149,1,1,1,1,duration=0.010
327.5072510133009,service_start,,,1150,0,1,1,1,service_time_sampled=0.010
327.5172510133009,service_end,,,1150,0,1,1,1,duration=0.010
333.5663722042352,failure,,,,,0,1,0,element=scanner
334.0,unload_end,29,3,,0,0,1,0,
334.0,passengers_spawned,29,3,,0,0,1,0,count=60
334.0,passenger_queue_arrival,,,1151,1,0,1,0,
334.0,passenger_queue_arrival,,,1152,2,0,1,0,
334.0,passenger_queue_arrival,,,1153,3,0,1,0,
334.0,passenger_queue_arrival,,,1154,4,0,1,0,
334.0,passenger_queue_arrival,,,1155,5,0,1,0,
334.0,passenger_queue_arrival,,,1156,6,0,1,0,
334.0,passenger_queue_arrival,,,1157,7,0,1,0,
334.0,passenger_queue_arrival,,,1158,8,0,1,0,
334.0,passenger_queue_arrival,,,1159,9,0,1,0,
334.0,passenger_queue_arrival,,,1160,10,0,1,0,
334.0,passenger_queue_arrival,,,1161,11,0,1,0,
334.0,passenger_queue_arrival,,,1162,12,0,1,0,
334.0,passenger_queue_arrival,,,1163,13,0,1,0,
334.0,passenger_queue_arrival,,,1164,14,0,1,0,
334.0,passenger_queue_arrival,,,1165,15,0,1,0,
334.0,passenger_queue_arrival,,,1166,16,0,1,0,
334.0,passenger_queue_arrival,,,1167,17,0,1,0,
334.0,passenger_queue_arrival,,,1168,18,0,1,0,
334.0,passenger_queue_arrival,,,1169,19,0,1,0,
334.0,passenger_queue_arrival,,,1170,20,0,1,0,
334.0,passenger_queue_arrival,,,1171,21,0,1,0,
334.0,passenger_queue_arrival,,,1172,22,0,1,0,
334.0,passenger_queue_arrival,,,1173,23,0,1,0,
334.0,passenger_queue_arrival,,,1174,24,0,1,0,
334.0,passenger_queue_arrival,,,1175,25,0,1,0,
334.0,passenger_queue_arrival,,,1176,26,0,1,0,
334.0,passenger_queue_arrival,,,1177,27,0,1,0,
334.0,passenger_queue_arrival,,,1178,28,0,1,0,
334.0,passenger_queue_arrival,,,1179,29,0,1,0,
334.0,passenger_queue_arrival,,,1180,30,0,1,0,
334.0,passenger_queue_arrival,,,1181,31,0,1,0,
334.0,passenger_queue_arrival,,,1182,32,0,1,0,
334.0,passenger_queue_arrival,,,1183,33,0,1,0,
334.0,passenger_queue_arrival,,,1184,34,0,1,0,
334.0,passenger_queue_arrival,,,1185,35,0,1,0,
334.0,passenger_queue_arrival,,,1186,36,0,1,0,
334.0,passenger_queue_arrival,,,1187,37,0,1,0,
334.0,passenger_queue_arrival,,,1188,38,0,1,0,
334.0,passenger_queue_arrival,,,1189,39,0,1,0,
334.0,passenger_queue_arrival,,,1190,40,0,1,0,
334.0,passenger_queue_arrival,,,1191,41,0,1,0,
334.0,passenger_queue_arrival,,,1192,42,0,1,0,
334.0,passenger_queue_arrival,,,1193,43,0,1,0,
334.0,passenger_queue_arrival,,,1194,44,0,1,0,
334.0,passenger_queue_arrival,,,1195,45,0,1,0,
334.0,passenger_queue_arrival,,,1196,46,0,1,0,
334.0,passenger_queue_arrival,,,1197,47,0,1,0,
334.0,passenger_queue_arrival,,,1198,48,0,1,0,
334.0,passenger_queue_arrival,,,1199,49,0,1,0,
334.0,passenger_queue_arrival,,,1200,50,0,1,0,
334.0,passenger_queue_arrival,,,1201,51,0,1,0,
334.0,passenger_queue_arrival,,,1202,52,0,1,0,
334.0,passenger_queue_arrival,,,1203,53,0,1,0,
334.0,passenger_queue_arrival,,,1204,54,0,1,0,
334.0,passenger_queue_arrival,,,1205,55,0,1,0,
334.0,passenger_queue_arrival,,,1206,56,0,1,0,
334.0,passenger_queue_arrival,,,1207,57,0,1,0,
334.0,passenger_queue_arrival,,,1208,58,0,1,0,
334.0,passenger_queue_arrival,,,1209,59,0,1,0,
334.0,passenger_queue_arrival,,,1210,60,0,1,0,
334.0,landing_start,30,2,,60,0,1,0,landing_time=2
334.0,service_start,,,1151,59,0,1,0,service_time_sampled=0.120
335.0,plane_arrive,33,1,,59,0,1,0,air_q=3
336.0,landing_end,30,2,,59,0,1,0,pad_q=1
339.76302577598045,repair,,,,,1,1,1,"element=scanner, repair_time=6.197"
339.92049605665505,service_end,,,1151,59,1,1,1,duration=5.920
339.92049605665505,service_start,,,1152,58,1,1,1,service_time_sampled=0.033
339.95340161058476,service_end,,,1152,58,1,1,1,duration=0.033
339.95340161058476,service_start,,,1153,57,1,1,1,service_time_sampled=0.102
340.0554022740588,service_end,,,1153,57,1,1,1,duration=0.102
340.0554022740588,service_start,,,1154,56,1,1,1,service_time_sampled=0.080
340.13567018193345,service_end,,,1154,56,1,1,1,duration=0.080
340.13567018193345,service_start,,,1155,55,1,1,1,service_time_sampled=0.013
340.14878205035404,service_end,,,1155,55,1,1,1,duration=0.013
340.14878205035404,service_start,,,1156,54,1,1,1,service_time_sampled=0.136
340.2849393334466,service_end,,,1156,54,1,1,1,duration=0.136
340.2849393334466,service_start,,,1157,53,1,1,1,service_time_sampled=0.010
340.29493933344656,service_end,,,1157,53,1,1,1,duration=0.010
340.29493933344656,service_start,,,1158,52,1,1,1,service_time_sampled=0.259
340.5536449723192,service_end,,,1158,52,1,1,1,duration=0.259
340.5536449723192,service_start,,,1159,51,1,1,1,service_time_sampled=0.220
340.7737753926298,service_end,,,1159,51,1,1,1,duration=0.220
340.7737753926298,service_start,,,1160,50,1,1,1,service_time_sampled=0.010
340.78377539262976,service_end,,,1160,50,1,1,1,duration=0.010
340.78377539262976,service_start,,,1161,49,1,1,1,service_time_sampled=0.026
340.80971350597537,service_end,,,1161,49,1,1,1,duration=0.026
340.80971350597537,service_start,,,1162,48,1,1,1,service_time_sampled=0.261
341.0709165167564,service_end,,,1162,48,1,1,1,duration=0.261
341.0709165167564,service_start,,,1163,47,1,1,1,service_time_sampled=0.022
341.09299145182433,service_end,,,1163,47,1,1,1,duration=0.022
341.09299145182433,service_start,,,1164,46,1,1,1,service_time_sampled=0.057
341.14960389205584,service_end,,,1164,46,1,1,1,duration=0.057
341.14960389205584,service_start,,,1165,45,1,1,1,service_time_sampled=0.530
341.2531198097929,failure,,,,,1,0,0,element=door
341.2531198097929,service_interrupted,,,1165,45,1,0,0,remaining=0.426
342.0,plane_arrive,34,1,,45,1,0,0,air_q=4
343.0,unload_end,30,2,,45,1,0,0,
343.0,passengers_spawned,30,2,,45,1,0,0,count=45
343.0,passenger_queue_arrival,,,1211,46,1,0,0,
343.0,passenger_queue_arrival,,,1212,47,1,0,0,
343.0,passenger_queue_arrival,,,1213,48,1,0,0,
343.0,passenger_queue_arrival,,,1214,49,1,0,0,
343.0,passenger_queue_arrival,,,1215,50,1,0,0,
343.0,passenger_queue_arrival,,,1216,51,1,0,0,
343.0,passenger_queue_arrival,,,1217,52,1,0,0,
343.0,passenger_queue_arrival,,,1218,53,1,0,0,
343.0,passenger_queue_arrival,,,1219,54,1,0,0,
343.0,passenger_queue_arrival,,,1220,55,1,0,0,
343.0,passenger_queue_arrival,,,1221,56,1,0,0,
343.0,passenger_queue_arrival,,,1222,57,1,0,0,
343.0,passenger_queue_arrival,,,1223,58,1,0,0,
343.0,passenger_queue_arrival,,,1224,59,1,0,0,
343.0,passenger_queue_arrival,,,1225,60,1,0,0,
343.0,passenger_queue_arrival,,,1226,61,1,0,0,
343.0,passenger_queue_arrival,,,1227,62,1,0,0,
343.0,passenger_queue_arrival,,,1228,63,1,0,0,
343.0,passenger_queue_arrival,,,1229,64,1,0,0,
343.0,passenger_queue_arrival,,,1230,65,1,0,0,
343.0,passenger_queue_arrival,,,1231,66,1,0,0,
343.0,passenger_queue_arrival,,,1232,67,1,0,0,
343.0,passenger_queue_arrival,,,1233,68,1,0,0,
343.0,passenger_queue_arrival,,,1234,69,1,0,0,
343.0,passenger_queue_arrival,,,1235,70,1,0,0,
343.0,passenger_queue_arrival,,,1236,71,1,0,0,
343.0,passenger_queue_arrival,,,1237,72,1,0,0,
343.0,passenger_queue_arrival,,,1238,73,1,0,0,
343.0,passenger_queue_arrival,,,1239,74,1,0,0,
343.0,passenger_queue_arrival,,,1240,75,1,0,0,
343.0,passenger_queue_arrival,,,1241,76,1,0,0,
343.0,passenger_queue_arrival,,,1242,77,1,0,0,
343.0,passenger_queue_arrival,,,1243,78,1,0,0,
343.0,passenger_queue_arrival,,,1244,79,1,0,0,
343.0,passenger_queue_arrival,,,1245,80,1,0,0,
343.0,passenger_queue_arrival,,,1246,81,1,0,0,
343.0,passenger_queue_arrival,,,1247,82,1,0,0,
343.0,passenger_queue_arrival,,,1248,83,1,0,0,
343.0,passenger_queue_arrival,,,1249,84,1,0,0,
343.0,passenger_queue_arrival,,,1250,85,1,0,0,
343.0,passenger_queue_arrival,,,1251,86,1,0,0,
343.0,passenger_queue_arrival,,,1252,87,1,0,0,
343.0,passenger_queue_arrival,,,1253,88,1,0,0,
343.0,passenger_queue_arrival,,,1254,89,1,0,0,
343.0,passenger_queue_arrival,,,1255,90,1,0,0,
343.0,landing_start,31,3,,90,1,0,0,landing_time=5
347.0,plane_arrive,35,1,,90,1,0,0,air_q=4
348.0,landing_end,31,3,,90,1,0,0,pad_q=1
350.559796883617,repair,,,,,1,1,1,"element=door, repair_time=9.307"
351.07948650781975,service_end,,,1165,90,1,1,1,duration=9.930
351.07948650781975,service_start,,,1166,89,1,1,1,service_time_sampled=0.091
351.17000325952927,service_end,,,1166,89,1,1,1,duration=0.091
351.17000325952927,service_start,,,1167,88,1,1,1,service_time_sampled=0.155
351.3254050785707,service_end,,,1167,88,1,1,1,duration=0.155
351.3254050785707,service_start,,,1168,87,1,1,1,service_time_sampled=0.055
351.3800158829891,service_end,,,1168,87,1,1,1,duration=0.055
351.3800158829891,service_start,,,1169,86,1,1,1,service_time_sampled=0.613
351.99340185746246,service_end,,,1169,86,1,1,1,duration=0.613
351.99340185746246,service_start,,,1170,85,1,1,1,service_time_sampled=0.323
352.3164677954552,service_end,,,1170,85,1,1,1,duration=0.323
352.3164677954552,service_start,,,1171,84,1,1,1,service_time_sampled=0.090
352.4068750722904,service_end,,,1171,84,1,1,1,duration=0.090
352.4068750722904,service_start,,,1172,83,1,1,1,service_time_sampled=0.084
352.490858544016,service_end,,,1172,83,1,1,1,duration=0.084
352.490858544016,service_start,,,1173,82,1,1,1,service_time_sampled=0.226
352.7169346283622,service_end,,,1173,82,1,1,1,duration=0.226
352.7169346283622,service_start,,,1174,81,1,1,1,service_time_sampled=0.028
352.745345181134,service_end,,,1174,81,1,1,1,duration=0.028
352.745345181134,service_start,,,1175,80,1,1,1,service_time_sampled=0.026
352.7711040256828,service_end,,,1175,80,1,1,1,duration=0.026
352.7711040256828,service_start,,,1176,79,1,1,1,service_time_sampled=0.101
352.8720240739951,service_end,,,1176,79,1,1,1,duration=0.101
352.8720240739951,service_start,,,1177,78,1,1,1,service_time_sampled=0.284
353.1561775490067,service_end,,,1177,78,1,1,1,duration=0.284
353.1561775490067,service_start,,,1178,77,1,1,1,service_time_sampled=0.084
353.2402939832404,service_end,,,1178,77,1,1,1,duration=0.084
353.2402939832404,service_start,,,1179,76,1,1,1,service_time_sampled=0.052
353.29235058587886,service_end,,,1179,76,1,1,1,duration=0.052
353.29235058587886,service_start,,,1180,75,1,1,1,service_time_sampled=0.132
353.4240690845833,service_end,,,1180,75,1,1,1,duration=0.132
353.4240690845833,service_start,,,1181,74,1,1,1,service_time_sampled=0.113
353.5374020983953,service_end,,,1181,74,1,1,1,duration=0.113
353.5374020983953,service_start,,,1182,73,1,1,1,service_time_sampled=0.309
353.84616302489775,service_end,,,1182,73,1,1,1,duration=0.309
353.84616302489775,service_start,,,1183,72,1,1,1,service_time_sampled=0.095
353.94164073426214,service_end,,,1183,72,1,1,1,duration=0.095
353.94164073426214,service_start,,,1184,71,1,1,1,service_time_sampled=0.034
353.97536300145873,service_end,,,1184,71,1,1,1,duration=0.034
353.97536300145873,service_start,,,1185,70,1,1,1,service_time_sampled=0.025
354.0007891810011,service_end,,,1185,70,1,1,1,duration=0.025
354.0007891810011,service_start,,,1186,69,1,1,1,service_time_sampled=0.161
354.1618762186011,service_end,,,1186,69,1,1,1,duration=0.161
354.1618762186011,service_start,,,1187,68,1,1,1,service_time_sampled=0.044
354.2061397968127,service_end,,,1187,68,1,1,1,duration=0.044
354.2061397968127,service_start,,,1188,67,1,1,1,service_time_sampled=0.163
354.36873883258545,service_end,,,1188,67,1,1,1,duration=0.163
354.36873883258545,service_start,,,1189,66,1,1,1,service_time_sampled=0.077
354.44567914619034,service_end,,,1189,66,1,1,1,duration=0.077
354.44567914619034,service_start,,,1190,65,1,1,1,service_time_sampled=0.049
354.494210028868,service_end,,,1190,65,1,1,1,duration=0.049
354.494210028868,service_start,,,1191,64,1,1,1,service_time_sampled=0.145
354.63877359629504,service_end,,,1191,64,1,1,1,duration=0.145
354.63877359629504,service_start,,,1192,63,1,1,1,service_time_sampled=0.137
354.7755184092468,service_end,,,1192,63,1,1,1,duration=0.137
354.7755184092468,service_start,,,1193,62,1,1,1,service_time_sampled=0.020
354.7957611449385,service_end,,,1193,62,1,1,1,duration=0.020
354.7957611449385,service_start,,,1194,61,1,1,1,service_time_sampled=0.125
354.92086729359653,service_end,,,1194,61,1,1,1,duration=0.125
354.92086729359653,service_start,,,1195,60,1,1,1,service_time_sampled=0.244
355.0,unload_end,31,3,,60,1,1,1,
355.0,passengers_spawned,31,3,,60,1,1,1,count=54
355.0,passenger_queue_arrival,,,1256,61,1,1,1,
355.0,passenger_queue_arrival,,,1257,62,1,1,1,
355.0,passenger_queue_arrival,,,1258,63,1,1,1,
355.0,passenger_queue_arrival,,,1259,64,1,1,1,
355.0,passenger_queue_arrival,,,1260,65,1,1,1,
355.0,passenger_queue_arrival,,,1261,66,1,1,1,
355.0,passenger_queue_arrival,,,1262,67,1,1,1,
355.0,passenger_queue_arrival,,,1263,68,1,1,1,
355.0,passenger_queue_arrival,,,1264,69,1,1,1,
355.0,passenger_queue_arrival,,,1265,70,1,1,1,
355.0,passenger_queue_arrival,,,1266,71,1,1,1,
355.0,passenger_queue_arrival,,,1267,72,1,1,1,
355.0,passenger_queue_arrival,,,1268,73,1,1,1,
355.0,passenger_queue_arrival,,,1269,74,1,1,1,
355.0,passenger_queue_arrival,,,1270,75,1,1,1,
355.0,passenger_queue_arrival,,,1271,76,1,1,1,
355.0,passenger_queue_arrival,,,1272,77,1,1,1,
355.0,passenger_queue_arrival,,,1273,78,1,1,1,
355.0,passenger_queue_arrival,,,1274,79,1,1,1,
355.0,passenger_queue_arrival,,,1275,80,1,1,1,
355.0,passenger_queue_arrival,,,1276,81,1,1,1,
355.0,passenger_queue_arrival,,,1277,82,1,1,1,
355.0,passenger_queue_arrival,,,1278,83,1,1,1,
355.0,passenger_queue_arrival,,,1279,84,1,1,1,
355.0,passenger_queue_arrival,,,1280,85,1,1,1,
355.0,passenger_queue_arrival,,,1281,86,1,1,1,
355.0,passenger_queue_arrival,,,1282,87,1,1,1,
355.0,passenger_queue_arrival,,,1283,88,1,1,1,
355.0,passenger_queue_arrival,,,1284,89,1,1,1,
355.0,passenger_queue_arrival,,,1285,90,1,1,1,
355.0,passenger_queue_arrival,,,1286,91,1,1,1,
355.0,passenger_queue_arrival,,,1287,92,1,1,1,
355.0,passenger_queue_arrival,,,1288,93,1,1,1,
355.0,passenger_queue_arrival,,,1289,94,1,1,1,
355.0,passenger_queue_arrival,,,1290,95,1,1,1,
355.0,passenger_queue_arrival,,,1291,96,1,1,1,
355.0,passenger_queue_arrival,,,1292,97,1,1,1,
355.0,passenger_queue_arrival,,,1293,98,1,1,1,
355.0,passenger_queue_arrival,,,1294,99,1,1,1,
355.0,passenger_queue_arrival,,,1295,100,1,1,1,
355.0,passenger_queue_arrival,,,1296,101,1,1,1,
355.0,passenger_queue_arrival,,,1297,102,1,1,1,
355.0,passenger_queue_arrival,,,1298,103,1,1,1,
355.0,passenger_queue_arrival,,,1299,104,1,1,1,
355.0,passenger_queue_arrival,,,1300,105,1,1,1,
355.0,passenger_queue_arrival,,,1301,106,1,1,1,
355.0,passenger_queue_arrival,,,1302,107,1,1,1,
355.0,passenger_queue_arrival,,,1303,108,1,1,1,
355.0,passenger_queue_arrival,,,1304,109,1,1,1,
355.0,passenger_queue_arrival,,,1305,110,1,1,1,
355.0,passenger_queue_arrival,,,1306,111,1,1,1,
355.0,passenger_queue_arrival,,,1307,112,1,1,1,
355.0,passenger_queue_arrival,,,1308,113,1,1,1,
355.0,passenger_queue_arrival,,,1309,114,1,1,1,
355.0,landing_start,32,1,,114,1,1,1,landing_time=3
355.164802597848,service_end,,,1195,114,1,1,1,duration=0.244
355.164802597848,service_start,,,1196,113,1,1,1,service_time_sampled=0.169
355.3334808354808,service_end,,,1196,113,1,1,1,duration=0.169
355.3334808354808,service_start,,,1197,112,1,1,1,service_time_sampled=0.167
355.50094714872904,service_end,,,1197,112,1,1,1,duration=0.167
355.50094714872904,service_start,,,1198,111,1,1,1,service_time_sampled=0.010
355.51094714872903,service_end,,,1198,111,1,1,1,duration=0.010
355.51094714872903,service_start,,,1199,110,1,1,1,service_time_sampled=0.039
355.54961965754023,service_end,,,1199,110,1,1,1,duration=0.039
355.54961965754023,service_start,,,1200,109,1,1,1,service_time_sampled=0.010
355.5596196575402,service_end,,,1200,109,1,1,1,duration=0.010
355.5596196575402,service_start,,,1201,108,1,1,1,service_time_sampled=0.145
355.70468647554384,service_end,,,1201,108,1,1,1,duration=0.145
355.70468647554384,service_start,,,1202,107,1,1,1,service_time_sampled=0.017
355.7214207666559,service_end,,,1202,107,1,1,1,duration=0.017
355.7214207666559,service_start,,,1203,106,1,1,1,service_time_sampled=0.068
355.78977112014536,service_end,,,1203,106,1,1,1,duration=0.068
355.78977112014536,service_start,,,1204,105,1,1,1,service_time_sampled=0.047
355.8368422528596,service_end,,,1204,105,1,1,1,duration=0.047
355.8368422528596,service_start,,,1205,104,1,1,1,service_time_sampled=0.013
355.85025576054846,service_end,,,1205,104,1,1,1,duration=0.013
355.85025576054846,service_start,,,1206,103,1,1,1,service_time_sampled=0.131
355.98155810710654,service_end,,,1206,103,1,1,1,duration=0.131
355.98155810710654,service_start,,,1207,102,1,1,1,service_time_sampled=0.149
356.1306500883675,service_end,,,1207,102,1,1,1,duration=0.149
356.1306500883675,service_start,,,1208,101,1,1,1,service_time_sampled=0.225
356.35586731969715,service_end,,,1208,101,1,1,1,duration=0.225
356.35586731969715,service_start,,,1209,100,1,1,1,service_time_sampled=0.654
357.0102296556235,service_end,,,1209,100,1,1,1,duration=0.654
357.0102296556235,service_start,,,1210,99,1,1,1,service_time_sampled=0.050
357.060215601596,service_end,,,1210,99,1,1,1,duration=0.050
357.060215601596,service_start,,,1211,98,1,1,1,service_time_sampled=0.054
357.1144612088816,service_end,,,1211,98,1,1,1,duration=0.054
357.1144612088816,service_start,,,1212,97,1,1,1,service_time_sampled=0.076
357.19071929361843,service_end,,,1212,97,1,1,1,duration=0.076
357.19071929361843,service_start,,,1213,96,1,1,1,service_time_sampled=0.060
357.250229072019,service_end,,,1213,96,1,1,1,duration=0.060
357.250229072019,service_start,,,1214,95,1,1,1,service_time_sampled=0.017
357.26763985972025,service_end,,,1214,95,1,1,1,duration=0.017
357.26763985972025,service_start,,,1215,94,1,1,1,service_time_sampled=0.119
357.3867988860623,service_end,,,1215,94,1,1,1,duration=0.119
357.3867988860623,service_start,,,1216,93,1,1,1,service_time_sampled=0.109
357.49589986409484,service_end,,,1216,93,1,1,1,duration=0.109
357.49589986409484,service_start,,,1217,92,1,1,1,service_time_sampled=0.017
357.51308834681186,service_end,,,1217,92,1,1,1,duration=0.017
357.51308834681186,service_start,,,1218,91,1,1,1,service_time_sampled=0.091
357.60387531249876,service_end,,,1218,91,1,1,1,duration=0.091
357.60387531249876,service_start,,,1219,90,1,1,1,service_time_sampled=0.198
357.8015416336149,service_end,,,1219,90,1,1,1,duration=0.198
357.8015416336149,service_start,,,1220,89,1,1,1,service_time_sampled=0.110
357.91198458496774,service_end,,,1220,89,1,1,1,duration=0.110
357.91198458496774,service_start,,,1221,88,1,1,1,service_time_sampled=0.283
358.0,landing_end,32,1,,88,1,1,1,pad_q=1
358.19496327743724,service_end,,,1221,88,1,1,1,duration=0.283
358.19496327743724,service_start,,,1222,87,1,1,1,service_time_sampled=0.078
358.272558078283,service_end,,,1222,87,1,1,1,duration=0.078
358.272558078283,service_start,,,1223,86,1,1,1,service_time_sampled=0.060
358.33269534682984,service_end,,,1223,86,1,1,1,duration=0.060
358.33269534682984,service_start,,,1224,85,1,1,1,service_time_sampled=0.067
358.39945648967154,service_end,,,1224,85,1,1,1,duration=0.067
358.39945648967154,service_start,,,1225,84,1,1,1,service_time_sampled=0.010
358.4094564896715,service_end,,,1225,84,1,1,1,duration=0.010
358.4094564896715,service_start,,,1226,83,1,1,1,service_time_sampled=0.128
358.5379099778954,service_end,,,1226,83,1,1,1,duration=0.128
358.5379099778954,service_start,,,1227,82,1,1,1,service_time_sampled=0.077
358.61506805637663,service_end,,,1227,82,1,1,1,duration=0.077
358.61506805637663,service_start,,,1228,81,1,1,1,service_time_sampled=0.641
359.2555940284659,service_end,,,1228,81,1,1,1,duration=0.641
359.2555940284659,service_start,,,1229,80,1,1,1,service_time_sampled=0.075
359.33070144074924,service_end,,,1229,80,1,1,1,duration=0.075
359.33070144074924,service_start,,,1230,79,1,1,1,service_time_sampled=0.197
359.52765617922165,service_end,,,1230,79,1,1,1,duration=0.197
359.52765617922165,service_start,,,1231,78,1,1,1,service_time_sampled=0.038
359.5655612626432,service_end,,,1231,78,1,1,1,duration=0.038
359.5655612626432,service_start,,,1232,77,1,1,1,service_time_sampled=0.160
359.72542065466615,service_end,,,1232,77,1,1,1,duration=0.160
359.72542065466615,service_start,,,1233,76,1,1,1,service_time_sampled=0.029
359.7546946226137,service_end,,,1233,76,1,1,1,duration=0.029
359.7546946226137,service_start,,,1234,75,1,1,1,service_time_sampled=0.065
359.81992270928635,service_end,,,1234,75,1,1,1,duration=0.065
359.81992270928635,service_start,,,1235,74,1,1,1,service_time_sampled=0.020
359.84017367500115,service_end,,,1235,74,1,1,1,duration=0.020
359.84017367500115,service_start,,,1236,73,1,1,1,service_time_sampled=0.188
360.02788466910636,service_end,,,1236,73,1,1,1,duration=0.188
360.02788466910636,service_start,,,1237,72,1,1,1,service_time_sampled=0.222
360.25032013057,service_end,,,1237,72,1,1,1,duration=0.222
360.25032013057,service_start,,,1238,71,1,1,1,service_time_sampled=0.314
360.5640115397207,service_end,,,1238,71,1,1,1,duration=0.314
360.5640115397207,service_start,,,1239,70,1,1,1,service_time_sampled=0.070
360.6336304721481,service_end,,,1239,70,1,1,1,duration=0.070
360.6336304721481,service_start,,,1240,69,1,1,1,service_time_sampled=0.012
360.6460835409789,service_end,,,1240,69,1,1,1,duration=0.012
360.6460835409789,service_start,,,1241,68,1,1,1,service_time_sampled=0.144
360.79040138746416,service_end,,,1241,68,1,1,1,duration=0.144
360.79040138746416,service_start,,,1242,67,1,1,1,service_time_sampled=0.249
361.03921258736904,service_end,,,1242,67,1,1,1,duration=0.249
361.03921258736904,service_start,,,1243,66,1,1,1,service_time_sampled=0.325
361.3641080307989,service_end,,,1243,66,1,1,1,duration=0.325
361.3641080307989,service_start,,,1244,65,1,1,1,service_time_sampled=0.272
361.63587248949847,service_end,,,1244,65,1,1,1,duration=0.272
361.63587248949847,service_start,,,1245,64,1,1,1,service_time_sampled=0.054
361.6902084372764,service_end,,,1245,64,1,1,1,duration=0.054
361.6902084372764,service_start,,,1246,63,1,1,1,service_time_sampled=0.026
361.7161155962921,service_end,,,1246,63,1,1,1,duration=0.026
361.7161155962921,service_start,,,1247,62,1,1,1,service_time_sampled=0.062
361.77854102192236,service_end,,,1247,62,1,1,1,duration=0.062
361.77854102192236,service_start,,,1248,61,1,1,1,service_time_sampled=0.022
361.80015004974814,service_end,,,1248,61,1,1,1,duration=0.022
361.80015004974814,service_start,,,1249,60,1,1,1,service_time_sampled=0.117
361.9167591127603,service_end,,,1249,60,1,1,1,duration=0.117
361.9167591127603,service_start,,,1250,59,1,1,1,service_time_sampled=0.015
361.9321180927218,service_end,,,1250,59,1,1,1,duration=0.015
361.9321180927218,service_start,,,1251,58,1,1,1,service_time_sampled=0.010
361.9421180927218,service_end,,,1251,58,1,1,1,duration=0.010
361.9421180927218,service_start,,,1252,57,1,1,1,service_time_sampled=0.096
362.03791776474424,service_end,,,1252,57,1,1,1,duration=0.096
362.03791776474424,service_start,,,1253,56,1,1,1,service_time_sampled=0.180
362.2175866818185,service_end,,,1253,56,1,1,1,duration=0.180
362.2175866818185,service_start,,,1254,55,1,1,1,service_time_sampled=0.111
362.3288683271784,service_end,,,1254,55,1,1,1,duration=0.111
362.3288683271784,service_start,,,1255,54,1,1,1,service_time_sampled=0.039
362.36788816495374,service_end,,,1255,54,1,1,1,duration=0.039
362.36788816495374,service_start,,,1256,53,1,1,1,service_time_sampled=0.012
362.3800651984143,service_end,,,1256,53,1,1,1,duration=0.012
362.3800651984143,service_start,,,1257,52,1,1,1,service_time_sampled=0.034
362.41434689371744,service_end,,,1257,52,1,1,1,duration=0.034
362.41434689371744,service_start,,,1258,51,1,1,1,service_time_sampled=0.071
362.48500901072066,service_end,,,1258,51,1,1,1,duration=0.071
362.48500901072066,service_start,,,1259,50,1,1,1,service_time_sampled=0.075
362.559660446985,service_end,,,1259,50,1,1,1,duration=0.075
362.559660446985,service_start,,,1260,49,1,1,1,service_time_sampled=0.072
362.63171322632434,service_end,,,1260,49,1,1,1,duration=0.072
362.63171322632434,service_start,,,1261,48,1,1,1,service_time_sampled=0.075
362.7063078803235,service_end,,,1261,48,1,1,1,duration=0.075
362.7063078803235,service_start,,,1262,47,1,1,1,service_time_sampled=0.203
362.90917736443424,service_end,,,1262,47,1,1,1,duration=0.203
362.90917736443424,service_start,,,1263,46,1,1,1,service_time_sampled=0.227
363.1365909328069,service_end,,,1263,46,1,1,1,duration=0.227
363.1365909328069,service_start,,,1264,45,1,1,1,service_time_sampled=0.012
363.1488119581597,service_end,,,1264,45,1,1,1,duration=0.012
363.1488119581597,service_start,,,1265,44,1,1,1,service_time_sampled=0.449
363.59735592418707,service_end,,,1265,44,1,1,1,duration=0.449
363.59735592418707,service_start,,,1266,43,1,1,1,service_time_sampled=0.228
363.82502644780504,service_end,,,1266,43,1,1,1,duration=0.228
363.82502644780504,service_start,,,1267,42,1,1,1,service_time_sampled=0.029
363.8544186462916,service_end,,,1267,42,1,1,1,duration=0.029
363.8544186462916,service_start,,,1268,41,1,1,1,service_time_sampled=0.329
364.1836398159211,service_end,,,1268,41,1,1,1,duration=0.329
364.1836398159211,service_start,,,1269,40,1,1,1,service_time_sampled=0.076
364.2592095006456,service_end,,,1269,40,1,1,1,duration=0.076
364.2592095006456,service_start,,,1270,39,1,1,1,service_time_sampled=0.010
364.2692095006456,service_end,,,1270,39,1,1,1,duration=0.010
364.2692095006456,service_start,,,1271,38,1,1,1,service_time_sampled=0.091
364.3602948357987,service_end,,,1271,38,1,1,1,duration=0.091
364.3602948357987,service_start,,,1272,37,1,1,1,service_time_sampled=0.012
364.37198727128066,service_end,,,1272,37,1,1,1,duration=0.012
364.37198727128066,service_start,,,1273,36,1,1,1,service_time_sampled=0.191
364.5626890965814,service_end,,,1273,36,1,1,1,duration=0.191
364.5626890965814,service_start,,,1274,35,1,1,1,service_time_sampled=0.137
364.6999443805352,service_end,,,1274,35,1,1,1,duration=0.137
364.6999443805352,service_start,,,1275,34,1,1,1,service_time_sampled=0.371
365.0,unload_end,32,1,,34,1,1,1,
365.0,passengers_spawned,32,1,,34,1,1,1,count=29
365.0,passenger_queue_arrival,,,1310,35,1,1,1,
365.0,passenger_queue_arrival,,,1311,36,1,1,1,
365.0,passenger_queue_arrival,,,1312,37,1,1,1,
365.0,passenger_queue_arrival,,,1313,38,1,1,1,
365.0,passenger_queue_arrival,,,1314,39,1,1,1,
365.0,passenger_queue_arrival,,,1315,40,1,1,1,
365.0,passenger_queue_arrival,,,1316,41,1,1,1,
365.0,passenger_queue_arrival,,,1317,42,1,1,1,
365.0,passenger_queue_arrival,,,1318,43,1,1,1,
365.0,passenger_queue_arrival,,,1319,44,1,1,1,
365.0,passenger_queue_arrival,,,1320,45,1,1,1,
365.0,passenger_queue_arrival,,,1321,46,1,1,1,
365.0,passenger_queue_arrival,,,1322,47,1,1,1,
365.0,passenger_queue_arrival,,,1323,48,1,1,1,
365.0,passenger_queue_arrival,,,1324,49,1,1,1,
365.0,passenger_queue_arrival,,,1325,50,1,1,1,
365.0,passenger_queue_arrival,,,1326,51,1,1,1,
365.0,passenger_queue_arrival,,,1327,52,1,1,1,
365.0,passenger_queue_arrival,,,1328,53,1,1,1,
365.0,passenger_queue_arrival,,,1329,54,1,1,1,
365.0,passenger_queue_arrival,,,1330,55,1,1,1,
365.0,passenger_queue_arrival,,,1331,56,1,1,1,
365.0,passenger_queue_arrival,,,1332,57,1,1,1,
365.0,passenger_queue_arrival,,,1333,58,1,1,1,
365.0,passenger_queue_arrival,,,1334,59,1,1,1,
365.0,passenger_queue_arrival,,,1335,60,1,1,1,
365.0,passenger_queue_arrival,,,1336,61,1,1,1,
365.0,passenger_queue_arrival,,,1337,62,1,1,1,
365.0,passenger_queue_arrival,,,1338,63,1,1,1,
365.0,landing_start,33,1,,63,1,1,1,landing_time=3
365.07064762991996,service_end,,,1275,63,1,1,1,duration=0.371
365.07064762991996,service_start,,,1276,62,1,1,1,service_time_sampled=0.084
365.1543476321216,service_end,,,1276,62,1,1,1,duration=0.084
365.1543476321216,service_start,,,1277,61,1,1,1,service_time_sampled=0.010
365.1643476321216,service_end,,,1277,61,1,1,1,duration=0.010
365.1643476321216,service_start,,,1278,60,1,1,1,service_time_sampled=0.176
365.34069332248896,service_end,,,1278,60,1,1,1,duration=0.176
365.34069332248896,service_start,,,1279,59,1,1,1,service_time_sampled=0.134
365.4742470885638,service_end,,,1279,59,1,1,1,duration=0.134
365.4742470885638,service_start,,,1280,58,1,1,1,service_time_sampled=0.010
365.48447473845164,service_end,,,1280,58,1,1,1,duration=0.010
365.48447473845164,service_start,,,1281,57,1,1,1,service_time_sampled=0.040
365.52415631048376,service_end,,,1281,57,1,1,1,duration=0.040
365.52415631048376,service_start,,,1282,56,1,1,1,service_time_sampled=0.117
365.641067821698,service_end,,,1282,56,1,1,1,duration=0.117
365.641067821698,service_start,,,1283,55,1,1,1,service_time_sampled=0.019
365.66050039845567,service_end,,,1283,55,1,1,1,duration=0.019
365.66050039845567,service_start,,,1284,54,1,1,1,service_time_sampled=0.171
365.83154035569555,service_end,,,1284,54,1,1,1,duration=0.171
365.83154035569555,service_start,,,1285,53,1,1,1,service_time_sampled=0.046
365.8772758996114,service_end,,,1285,53,1,1,1,duration=0.046
365.8772758996114,service_start,,,1286,52,1,1,1,service_time_sampled=0.156
366.03329715392624,service_end,,,1286,52,1,1,1,duration=0.156
366.03329715392624,service_start,,,1287,51,1,1,1,service_time_sampled=0.095
366.1284125475327,service_end,,,1287,51,1,1,1,duration=0.095
366.1284125475327,service_start,,,1288,50,1,1,1,service_time_sampled=0.053
366.1816701142975,service_end,,,1288,50,1,1,1,duration=0.053
366.1816701142975,service_start,,,1289,49,1,1,1,service_time_sampled=0.010
366.1916701142975,service_end,,,1289,49,1,1,1,duration=0.010
366.1916701142975,service_start,,,1290,48,1,1,1,service_time_sampled=0.297
366.48848183704746,service_end,,,1290,48,1,1,1,duration=0.297
366.48848183704746,service_start,,,1291,47,1,1,1,service_time_sampled=0.048
366.53604833054715,service_end,,,1291,47,1,1,1,duration=0.048
366.53604833054715,service_start,,,1292,46,1,1,1,service_time_sampled=0.047
366.5832799321789,service_end,,,1292,46,1,1,1,duration=0.047
366.5832799321789,service_start,,,1293,45,1,1,1,service_time_sampled=0.033
366.6164792070681,service_end,,,1293,45,1,1,1,duration=0.033
366.6164792070681,service_start,,,1294,44,1,1,1,service_time_sampled=0.023
366.63974417265155,service_end,,,1294,44,1,1,1,duration=0.023
366.63974417265155,service_start,,,1295,43,1,1,1,service_time_sampled=0.020
366.65998049422114,service_end,,,1295,43,1,1,1,duration=0.020
366.65998049422114,service_start,,,1296,42,1,1,1,service_time_sampled=0.119
366.7791718186014,service_end,,,1296,42,1,1,1,duration=0.119
366.7791718186014,service_start,,,1297,41,1,1,1,service_time_sampled=0.215
366.9944887253397,service_end,,,1297,41,1,1,1,duration=0.215
366.9944887253397,service_start,,,1298,40,1,1,1,service_time_sampled=0.012
367.0,plane_arrive,36,1,,40,1,1,1,air_q=3
367.0066305451133,service_end,,,1298,40,1,1,1,duration=0.012
367.0066305451133,service_start,,,1299,39,1,1,1,service_time_sampled=0.099
367.10611970086666,service_end,,,1299,39,1,1,1,duration=0.099
367.10611970086666,service_start,,,1300,38,1,1,1,service_time_sampled=0.039
367.1454139691493,service_end,,,1300,38,1,1,1,duration=0.039
367.1454139691493,service_start,,,1301,37,1,1,1,service_time_sampled=0.132
367.2774968409327,service_end,,,1301,37,1,1,1,duration=0.132
367.2774968409327,service_start,,,1302,36,1,1,1,service_time_sampled=0.042
367.31934659295575,service_end,,,1302,36,1,1,1,duration=0.042
367.31934659295575,service_start,,,1303,35,1,1,1,service_time_sampled=0.055
367.3740534274997,service_end,,,1303,35,1,1,1,duration=0.055
367.3740534274997,service_start,,,1304,34,1,1,1,service_time_sampled=0.019
367.393285748995,service_end,,,1304,34,1,1,1,duration=0.019
367.393285748995,service_start,,,1305,33,1,1,1,service_time_sampled=0.021
367.4143356190133,service_end,,,1305,33,1,1,1,duration=0.021
367.4143356190133,service_start,,,1306,32,1,1,1,service_time_sampled=0.093
367.50753703586224,service_end,,,1306,32,1,1,1,duration=0.093
367.50753703586224,service_start,,,1307,31,1,1,1,service_time_sampled=0.323
367.8301174533774,service_end,,,1307,31,1,1,1,duration=0.323
367.8301174533774,service_start,,,1308,30,1,1,1,service_time_sampled=0.397
368.0,landing_end,33,1,,30,1,1,1,pad_q=1
368.2272924892839,service_end,,,1308,30,1,1,1,duration=0.397
368.2272924892839,service_start,,,1309,29,1,1,1,service_time_sampled=0.054
368.28175919104996,service_end,,,1309,29,1,1,1,duration=0.054
368.28175919104996,service_start,,,1310,28,1,1,1,service_time_sampled=0.126
368.40727807587757,service_end,,,1310,28,1,1,1,duration=0.126
368.40727807587757,service_start,,,1311,27,1,1,1,service_time_sampled=0.106
368.5136033352533,service_end,,,1311,27,1,1,1,duration=0.106
368.5136033352533,service_start,,,1312,26,1,1,1,service_time_sampled=0.030
368.54374789929915,service_end,,,1312,26,1,1,1,duration=0.030
368.54374789929915,service_start,,,1313,25,1,1,1,service_time_sampled=0.037
368.5802778852304,service_end,,,1313,25,1,1,1,duration=0.037
368.5802778852304,service_start,,,1314,24,1,1,1,service_time_sampled=0.133
368.71308674272876,service_end,,,1314,24,1,1,1,duration=0.133
368.71308674272876,service_start,,,1315,23,1,1,1,service_time_sampled=0.391
369.1045578663447,service_end,,,1315,23,1,1,1,duration=0.391
369.1045578663447,service_start,,,1316,22,1,1,1,service_time_sampled=0.056
369.16101934689306,service_end,,,1316,22,1,1,1,duration=0.056
369.16101934689306,service_start,,,1317,21,1,1,1,service_time_sampled=0.030
369.19135905229956,service_end,,,1317,21,1,1,1,duration=0.030
369.19135905229956,service_start,,,1318,20,1,1,1,service_time_sampled=0.054
369.2450337403393,service_end,,,1318,20,1,1,1,duration=0.054
369.2450337403393,service_start,,,1319,19,1,1,1,service_time_sampled=0.011
369.2556059337979,service_end,,,1319,19,1,1,1,duration=0.011
369.2556059337979,service_start,,,1320,18,1,1,1,service_time_sampled=0.137
369.3924223248603,service_end,,,1320,18,1,1,1,duration=0.137
369.3924223248603,service_start,,,1321,17,1,1,1,service_time_sampled=0.047
369.43954760271896,service_end,,,1321,17,1,1,1,duration=0.047
369.43954760271896,service_start,,,1322,16,1,1,1,service_time_sampled=0.018
369.457203043365,service_end,,,1322,16,1,1,1,duration=0.018
369.457203043365,service_start,,,1323,15,1,1,1,service_time_sampled=0.010
369.467203043365,service_end,,,1323,15,1,1,1,duration=0.010
369.467203043365,service_start,,,1324,14,1,1,1,service_time_sampled=0.042
369.5087962337303,service_end,,,1324,14,1,1,1,duration=0.042
369.5087962337303,service_start,,,1325,13,1,1,1,service_time_sampled=0.204
369.71308491553947,service_end,,,1325,13,1,1,1,duration=0.204
369.71308491553947,service_start,,,1326,12,1,1,1,service_time_sampled=0.017
369.7296671961351,service_end,,,1326,12,1,1,1,duration=0.017
369.7296671961351,service_start,,,1327,11,1,1,1,service_time_sampled=0.139
369.86885664158643,service_end,,,1327,11,1,1,1,duration=0.139
369.86885664158643,service_start,,,1328,10,1,1,1,service_time_sampled=0.124
369.993099026289,service_end,,,1328,10,1,1,1,duration=0.124
369.993099026289,service_start,,,1329,9,1,1,1,service_time_sampled=0.146
370.1386611276127,service_end,,,1329,9,1,1,1,duration=0.146
370.1386611276127,service_start,,,1330,8,1,1,1,service_time_sampled=0.030
370.1687546999948,service_end,,,1330,8,1,1,1,duration=0.030
370.1687546999948,service_start,,,1331,7,1,1,1,service_time_sampled=0.049
370.21821778868565,service_end,,,1331,7,1,1,1,duration=0.049
370.21821778868565,service_start,,,1332,6,1,1,1,service_time_sampled=0.118
370.3360551409962,service_end,,,1332,6,1,1,1,duration=0.118
370.3360551409962,service_start,,,1333,5,1,1,1,service_time_sampled=0.017
370.3529276682903,service_end,,,1333,5,1,1,1,duration=0.017
370.3529276682903,service_start,,,1334,4,1,1,1,service_time_sampled=0.158
370.5110058957564,service_end,,,1334,4,1,1,1,duration=0.158
370.5110058957564,service_start,,,1335,3,1,1,1,service_time_sampled=0.610
371.12090316722185,service_end,,,1335,3,1,1,1,duration=0.610
371.12090316722185,service_start,,,1336,2,1,1,1,service_time_sampled=0.031
371.15239944870183,service_end,,,1336,2,1,1,1,duration=0.031
371.15239944870183,service_start,,,1337,1,1,1,1,service_time_sampled=0.079
371.23116784739693,service_end,,,1337,1,1,1,1,duration=0.079
371.23116784739693,service_start,,,1338,0,1,1,1,service_time_sampled=0.041
371.2718218342741,service_end,,,1338,0,1,1,1,duration=0.041
375.0,unload_end,33,1,,0,1,1,1,
375.0,passengers_spawned,33,1,,0,1,1,1,count=30
375.0,passenger_queue_arrival,,,1339,1,1,1,1,
375.0,passenger_queue_arrival,,,1340,2,1,1,1,
375.0,passenger_queue_arrival,,,1341,3,1,1,1,
375.0,passenger_queue_arrival,,,1342,4,1,1,1,
375.0,passenger_queue_arrival,,,1343,5,1,1,1,
375.0,passenger_queue_arrival,,,1344,6,1,1,1,
375.0,passenger_queue_arrival,,,1345,7,1,1,1,
375.0,passenger_queue_arrival,,,1346,8,1,1,1,
375.0,passenger_queue_arrival,,,1347,9,1,1,1,
375.0,passenger_queue_arrival,,,1348,10,1,1,1,
375.0,passenger_queue_arrival,,,1349,11,1,1,1,
375.0,passenger_queue_arrival,,,1350,12,1,1,1,
375.0,passenger_queue_arrival,,,1351,13,1,1,1,
375.0,passenger_queue_arrival,,,1352,14,1,1,1,
375.0,passenger_queue_arrival,,,1353,15,1,1,1,
375.0,passenger_queue_arrival,,,1354,16,1,1,1,
375.0,passenger_queue_arrival,,,1355,17,1,1,1,
375.0,passenger_queue_arrival,,,1356,18,1,1,1,
375.0,passenger_queue_arrival,,,1357,19,1,1,1,
375.0,passenger_queue_arrival,,,1358,20,1,1,1,
375.0,passenger_queue_arrival,,,1359,21,1,1,1,
375.0,passenger_queue_arrival,,,1360,22,1,1,1,
375.0,passenger_queue_arrival,,,1361,23,1,1,1,
375.0,passenger_queue_arrival,,,1362,24,1,1,1,
375.0,passenger_queue_arrival,,,1363,25,1,1,1,
375.0,passenger_queue_arrival,,,1364,26,1,1,1,
375.0,passenger_queue_arrival,,,1365,27,1,1,1,
375.0,passenger_queue_arrival,,,1366,28,1,1,1,
375.0,passenger_queue_arrival,,,1367,29,1,1,1,
375.0,passenger_queue_arrival,,,1368,30,1,1,1,
375.0,landing_start,34,1,,30,1,1,1,landing_time=3
375.0,service_start,,,1339,29,1,1,1,service_time_sampled=0.055
375.05469842608755,service_end,,,1339,29,1,1,1,duration=0.055
375.05469842608755,service_start,,,1340,28,1,1,1,service_time_sampled=0.041
375.09609831884103,service_end,,,1340,28,1,1,1,duration=0.041
375.09609831884103,service_start,,,1341,27,1,1,1,service_time_sampled=0.078
375.17372962767786,service_end,,,1341,27,1,1,1,duration=0.078
375.17372962767786,service_start,,,1342,26,1,1,1,service_time_sampled=0.105
375.27891335677344,service_end,,,1342,26,1,1,1,duration=0.105
375.27891335677344,service_start,,,1343,25,1,1,1,service_time_sampled=0.288
375.5666305618802,service_end,,,1343,25,1,1,1,duration=0.288
375.5666305618802,service_start,,,1344,24,1,1,1,service_time_sampled=0.086
375.6526799666245,service_end,,,1344,24,1,1,1,duration=0.086
375.6526799666245,service_start,,,1345,23,1,1,1,service_time_sampled=0.106
375.75893058876534,service_end,,,1345,23,1,1,1,duration=0.106
375.75893058876534,service_start,,,1346,22,1,1,1,service_time_sampled=0.102
375.8609167279427,service_end,,,1346,22,1,1,1,duration=0.102
375.8609167279427,service_start,,,1347,21,1,1,1,service_time_sampled=0.188
376.0485376518542,service_end,,,1347,21,1,1,1,duration=0.188
376.0485376518542,service_start,,,1348,20,1,1,1,service_time_sampled=0.020
376.0681085661835,service_end,,,1348,20,1,1,1,duration=0.020
376.0681085661835,service_start,,,1349,19,1,1,1,service_time_sampled=0.115
376.1826808262941,service_end,,,1349,19,1,1,1,duration=0.115
376.1826808262941,service_start,,,1350,18,1,1,1,service_time_sampled=0.062
376.2450872324494,service_end,,,1350,18,1,1,1,duration=0.062
376.2450872324494,service_start,,,1351,17,1,1,1,service_time_sampled=0.097
376.3423727393772,service_end,,,1351,17,1,1,1,duration=0.097
376.3423727393772,service_start,,,1352,16,1,1,1,service_time_sampled=0.234
376.57678225601614,service_end,,,1352,16,1,1,1,duration=0.234
376.57678225601614,service_start,,,1353,15,1,1,1,service_time_sampled=0.087
376.66338148999927,service_end,,,1353,15,1,1,1,duration=0.087
376.66338148999927,service_start,,,1354,14,1,1,1,service_time_sampled=0.118
376.78108097070344,service_end,,,1354,14,1,1,1,duration=0.118
376.78108097070344,service_start,,,1355,13,1,1,1,service_time_sampled=0.177
376.9580330663063,service_end,,,1355,13,1,1,1,duration=0.177
376.9580330663063,service_start,,,1356,12,1,1,1,service_time_sampled=0.481
377.0,plane_arrive,37,3,,12,1,1,1,air_q=3
377.4393747545517,service_end,,,1356,12,1,1,1,duration=0.481
377.4393747545517,service_start,,,1357,11,1,1,1,service_time_sampled=0.102
377.5409840108915,service_end,,,1357,11,1,1,1,duration=0.102
377.5409840108915,service_start,,,1358,10,1,1,1,service_time_sampled=0.010
377.5509840108915,service_end,,,1358,10,1,1,1,duration=0.010
377.5509840108915,service_start,,,1359,9,1,1,1,service_time_sampled=0.184
377.7346400820838,service_end,,,1359,9,1,1,1,duration=0.184
377.7346400820838,service_start,,,1360,8,1,1,1,service_time_sampled=0.012
377.7464055010237,service_end,,,1360,8,1,1,1,duration=0.012
377.7464055010237,service_start,,,1361,7,1,1,1,service_time_sampled=0.060
377.80672778637245,service_end,,,1361,7,1,1,1,duration=0.060
377.80672778637245,service_start,,,1362,6,1,1,1,service_time_sampled=0.121
377.92729425845823,service_end,,,1362,6,1,1,1,duration=0.121
377.92729425845823,service_start,,,1363,5,1,1,1,service_time_sampled=0.010
377.9372942584582,service_end,,,1363,5,1,1,1,duration=0.010
377.9372942584582,service_start,,,1364,4,1,1,1,service_time_sampled=0.097
378.0,landing_end,34,1,,4,1,1,1,pad_q=1
378.03421610274444,service_end,,,1364,4,1,1,1,duration=0.097
378.03421610274444,service_start,,,1365,3,1,1,1,service_time_sampled=0.010
378.04421610274443,service_end,,,1365,3,1,1,1,duration=0.010
378.04421610274443,service_start,,,1366,2,1,1,1,service_time_sampled=0.069
378.11276949080536,service_end,,,1366,2,1,1,1,duration=0.069
378.11276949080536,service_start,,,1367,1,1,1,1,service_time_sampled=0.159
378.27203082925996,service_end,,,1367,1,1,1,1,duration=0.159
378.27203082925996,service_start,,,1368,0,1,1,1,service_time_sampled=0.016
378.288519541745,service_end,,,1368,0,1,1,1,duration=0.016
379.0,plane_arrive,38,1,,0,1,1,1,air_q=4
385.0,unload_end,34,1,,0,1,1,1,
385.0,passengers_spawned,34,1,,0,1,1,1,count=30
385.0,passenger_queue_arrival,,,1369,1,1,1,1,
385.0,passenger_queue_arrival,,,1370,2,1,1,1,
385.0,passenger_queue_arrival,,,1371,3,1,1,1,
385.0,passenger_queue_arrival,,,1372,4,1,1,1,
385.0,passenger_queue_arrival,,,1373,5,1,1,1,
385.0,passenger_queue_arrival,,,1374,6,1,1,1,
385.0,passenger_queue_arrival,,,1375,7,1,1,1,
385.0,passenger_queue_arrival,,,1376,8,1,1,1,
385.0,passenger_queue_arrival,,,1377,9,1,1,1,
385.0,passenger_queue_arrival,,,1378,10,1,1,1,
385.0,passenger_queue_arrival,,,1379,11,1,1,1,
385.0,passenger_queue_arrival,,,1380,12,1,1,1,
385.0,passenger_queue_arrival,,,1381,13,1,1,1,
385.0,passenger_queue_arrival,,,1382,14,1,1,1,
385.0,passenger_queue_arrival,,,1383,15,1,1,1,
385.0,passenger_queue_arrival,,,1384,16,1,1,1,
385.0,passenger_queue_arrival,,,1385,17,1,1,1,
385.0,passenger_queue_arrival,,,1386,18,1,1,1,
385.0,passenger_queue_arrival,,,1387,19,1,1,1,
385.0,passenger_queue_arrival,,,1388,20,1,1,1,
385.0,passenger_queue_arrival,,,1389,21,1,1,1,
385.0,passenger_queue_arrival,,,1390,22,1,1,1,
385.0,passenger_queue_arrival,,,1391,23,1,1,1,
385.0,passenger_queue_arrival,,,1392,24,1,1,1,
385.0,passenger_queue_arrival,,,1393,25,1,1,1,
385.0,passenger_queue_arrival,,,1394,26,1,1,1,
385.0,passenger_queue_arrival,,,1395,27,1,1,1,
385.0,passenger_queue_arrival,,,1396,28,1,1,1,
385.0,passenger_queue_arrival,,,1397,29,1,1,1,
385.0,passenger_queue_arrival,,,1398,30,1,1,1,
385.0,landing_start,35,1,,30,1,1,1,landing_time=3
385.0,service_start,,,1369,29,1,1,1,service_time_sampled=0.038
385.03840147064506,service_end,,,1369,29,1,1,1,duration=0.038
385.03840147064506,service_start,,,1370,28,1,1,1,service_time_sampled=0.382
385.420769327377,service_end,,,1370,28,1,1,1,duration=0.382
385.420769327377,service_start,,,1371,27,1,1,1,service_time_sampled=0.212
385.63254739197214,service_end,,,1371,27,1,1,1,duration=0.212
385.63254739197214,service_start,,,1372,26,1,1,1,service_time_sampled=0.119
385.7517621755981,service_end,,,1372,26,1,1,1,duration=0.119
385.7517621755981,service_start,,,1373,25,1,1,1,service_time_sampled=0.104
385.85550115438775,service_end,,,1373,25,1,1,1,duration=0.104
385.85550115438775,service_start,,,1374,24,1,1,1,service_time_sampled=0.010
385.86550115438774,service_end,,,1374,24,1,1,1,duration=0.010
385.86550115438774,service_start,,,1375,23,1,1,1,service_time_sampled=0.214
386.0792202570118,service_end,,,1375,23,1,1,1,duration=0.214
386.0792202570118,service_start,,,1376,22,1,1,1,service_time_sampled=0.047
386.1263176088808,service_end,,,1376,22,1,1,1,duration=0.047
386.1263176088808,service_start,,,1377,21,1,1,1,service_time_sampled=0.078
386.2045337020447,service_end,,,1377,21,1,1,1,duration=0.078
386.2045337020447,service_start,,,1378,20,1,1,1,service_time_sampled=0.184
386.3888231161137,service_end,,,1378,20,1,1,1,duration=0.184
386.3888231161137,service_start,,,1379,19,1,1,1,service_time_sampled=0.012
386.4009938831109,service_end,,,1379,19,1,1,1,duration=0.012
386.4009938831109,service_start,,,1380,18,1,1,1,service_time_sampled=0.032
386.4333782250545,service_end,,,1380,18,1,1,1,duration=0.032
386.4333782250545,service_start,,,1381,17,1,1,1,service_time_sampled=0.020
386.4532312636022,service_end,,,1381,17,1,1,1,duration=0.020
386.4532312636022,service_start,,,1382,16,1,1,1,service_time_sampled=0.058
386.5112549737917,service_end,,,1382,16,1,1,1,duration=0.058
386.5112549737917,service_start,,,1383,15,1,1,1,service_time_sampled=0.161
386.6722813899163,service_end,,,1383,15,1,1,1,duration=0.161
386.6722813899163,service_start,,,1384,14,1,1,1,service_time_sampled=0.263
386.9348832214084,service_end,,,1384,14,1,1,1,duration=0.263
386.9348832214084,service_start,,,1385,13,1,1,1,service_time_sampled=0.258
387.1933403087122,service_end,,,1385,13,1,1,1,duration=0.258
387.1933403087122,service_start,,,1386,12,1,1,1,service_time_sampled=0.578
387.77130040857975,service_end,,,1386,12,1,1,1,duration=0.578
387.77130040857975,service_start,,,1387,11,1,1,1,service_time_sampled=0.118
387.88888019560306,service_end,,,1387,11,1,1,1,duration=0.118
387.88888019560306,service_start,,,1388,10,1,1,1,service_time_sampled=0.010
387.89888019560306,service_end,,,1388,10,1,1,1,duration=0.010
387.89888019560306,service_start,,,1389,9,1,1,1,service_time_sampled=0.060
387.95908911187075,service_end,,,1389,9,1,1,1,duration=0.060
387.95908911187075,service_start,,,1390,8,1,1,1,service_time_sampled=0.016
387.9752703136757,service_end,,,1390,8,1,1,1,duration=0.016
387.9752703136757,service_start,,,1391,7,1,1,1,service_time_sampled=0.066
388.0,landing_end,35,1,,7,1,1,1,pad_q=1
388.0408992667136,service_end,,,1391,7,1,1,1,duration=0.066
388.0408992667136,service_start,,,1392,6,1,1,1,service_time_sampled=0.409
388.45032689447197,service_end,,,1392,6,1,1,1,duration=0.409
388.45032689447197,service_start,,,1393,5,1,1,1,service_time_sampled=0.140
388.58994479046765,service_end,,,1393,5,1,1,1,duration=0.140
388.58994479046765,service_start,,,1394,4,1,1,1,service_time_sampled=0.052
388.64195463820795,service_end,,,1394,4,1,1,1,duration=0.052
388.64195463820795,service_start,,,1395,3,1,1,1,service_time_sampled=0.365
389.0067553490535,service_end,,,1395,3,1,1,1,duration=0.365
389.0067553490535,service_start,,,1396,2,1,1,1,service_time_sampled=0.137
389.1435126904543,service_end,,,1396,2,1,1,1,duration=0.137
389.1435126904543,service_start,,,1397,1,1,1,1,service_time_sampled=0.087
389.2307499276386,service_end,,,1397,1,1,1,1,duration=0.087
389.2307499276386,service_start,,,1398,0,1,1,1,service_time_sampled=0.150
389.3805498314797,service_end,,,1398,0,1,1,1,duration=0.150
393.0,plane_arrive,39,2,,0,1,1,1,air_q=4
395.0,unload_end,35,1,,0,1,1,1,
395.0,passengers_spawned,35,1,,0,1,1,1,count=23
395.0,passenger_queue_arrival,,,1399,1,1,1,1,
395.0,passenger_queue_arrival,,,1400,2,1,1,1,
395.0,passenger_queue_arrival,,,1401,3,1,1,1,
395.0,passenger_queue_arrival,,,1402,4,1,1,1,
395.0,passenger_queue_arrival,,,1403,5,1,1,1,
395.0,passenger_queue_arrival,,,1404,6,1,1,1,
395.0,passenger_queue_arrival,,,1405,7,1,1,1,
395.0,passenger_queue_arrival,,,1406,8,1,1,1,
395.0,passenger_queue_arrival,,,1407,9,1,1,1,
395.0,passenger_queue_arrival,,,1408,10,1,1,1,
395.0,passenger_queue_arrival,,,1409,11,1,1,1,
395.0,passenger_queue_arrival,,,1410,12,1,1,1,
395.0,passenger_queue_arrival,,,1411,13,1,1,1,
395.0,passenger_queue_arrival,,,1412,14,1,1,1,
395.0,passenger_queue_arrival,,,1413,15,1,1,1,
395.0,passenger_queue_arrival,,,1414,16,1,1,1,
395.0,passenger_queue_arrival,,,1415,17,1,1,1,
395.0,passenger_queue_arrival,,,1416,18,1,1,1,
395.0,passenger_queue_arrival,,,1417,19,1,1,1,
395.0,passenger_queue_arrival,,,1418,20,1,1,1,
395.0,passenger_queue_arrival,,,1419,21,1,1,1,
395.0,passenger_queue_arrival,,,1420,22,1,1,1,
395.0,passenger_queue_arrival,,,1421,23,1,1,1,
395.0,landing_start,36,1,,23,1,1,1,landing_time=3
395.0,service_start,,,1399,22,1,1,1,service_time_sampled=0.439
395.43902016833005,service_end,,,1399,22,1,1,1,duration=0.439
395.43902016833005,service_start,,,1400,21,1,1,1,service_time_sampled=0.146
395.5849409324352,service_end,,,1400,21,1,1,1,duration=0.146
395.5849409324352,service_start,,,1401,20,1,1,1,service_time_sampled=0.046
395.6306569753915,service_end,,,1401,20,1,1,1,duration=0.046
395.6306569753915,service_start,,,1402,19,1,1,1,service_time_sampled=0.011
395.64143586397734,service_end,,,1402,19,1,1,1,duration=0.011
395.64143586397734,service_start,,,1403,18,1,1,1,service_time_sampled=0.090
395.73187930163243,service_end,,,1403,18,1,1,1,duration=0.090
395.73187930163243,service_start,,,1404,17,1,1,1,service_time_sampled=0.139
395.8708639471505,service_end,,,1404,17,1,1,1,duration=0.139
395.8708639471505,service_start,,,1405,16,1,1,1,service_time_sampled=0.168
396.03915422078745,service_end,,,1405,16,1,1,1,duration=0.168
396.03915422078745,service_start,,,1406,15,1,1,1,service_time_sampled=0.312
396.3510020171891,service_end,,,1406,15,1,1,1,duration=0.312
396.3510020171891,service_start,,,1407,14,1,1,1,service_time_sampled=0.083
396.4338402660626,service_end,,,1407,14,1,1,1,duration=0.083
396.4338402660626,service_start,,,1408,13,1,1,1,service_time_sampled=0.193
396.6267680973661,service_end,,,1408,13,1,1,1,duration=0.193
396.6267680973661,service_start,,,1409,12,1,1,1,service_time_sampled=0.098
396.7252106771733,service_end,,,1409,12,1,1,1,duration=0.098
396.7252106771733,service_start,,,1410,11,1,1,1,service_time_sampled=0.056
396.7813391276555,service_end,,,1410,11,1,1,1,duration=0.056
396.7813391276555,service_start,,,1411,10,1,1,1,service_time_sampled=0.165
396.9459612243417,service_end,,,1411,10,1,1,1,duration=0.165
396.9459612243417,service_start,,,1412,9,1,1,1,service_time_sampled=0.049
396.9945997988099,service_end,,,1412,9,1,1,1,duration=0.049
396.9945997988099,service_start,,,1413,8,1,1,1,service_time_sampled=0.208
397.2027139638219,service_end,,,1413,8,1,1,1,duration=0.208
397.2027139638219,service_start,,,1414,7,1,1,1,service_time_sampled=0.340
397.54261976733903,service_end,,,1414,7,1,1,1,duration=0.340
397.54261976733903,service_start,,,1415,6,1,1,1,service_time_sampled=0.214
397.75681157097205,service_end,,,1415,6,1,1,1,duration=0.214
397.75681157097205,service_start,,,1416,5,1,1,1,service_time_sampled=0.126
397.8829272794646,service_end,,,1416,5,1,1,1,duration=0.126
397.8829272794646,service_start,,,1417,4,1,1,1,service_time_sampled=0.043
397.92550638009897,service_end,,,1417,4,1,1,1,duration=0.043
397.92550638009897,service_start,,,1418,3,1,1,1,service_time_sampled=0.022
397.94799849260886,service_end,,,1418,3,1,1,1,duration=0.022
397.94799849260886,service_start,,,1419,2,1,1,1,service_time_sampled=0.234
398.0,landing_end,36,1,,2,1,1,1,pad_q=1
398.1815604993123,service_end,,,1419,2,1,1,1,duration=0.234
398.1815604993123,service_start,,,1420,1,1,1,1,service_time_sampled=0.029
398.2101891744976,service_end,,,1420,1,1,1,1,duration=0.029
398.2101891744976,service_start,,,1421,0,1,1,1,service_time_sampled=0.052
398.2625230601773,service_end,,,1421,0,1,1,1,duration=0.052
405.0,unload_end,36,1,,0,1,1,1,
405.0,passengers_spawned,36,1,,0,1,1,1,count=20
405.0,passenger_queue_arrival,,,1422,1,1,1,1,
405.0,passenger_queue_arrival,,,1423,2,1,1,1,
405.0,passenger_queue_arrival,,,1424,3,1,1,1,
405.0,passenger_queue_arrival,,,1425,4,1,1,1,
405.0,passenger_queue_arrival,,,1426,5,1,1,1,
405.0,passenger_queue_arrival,,,1427,6,1,1,1,
405.0,passenger_queue_arrival,,,1428,7,1,1,1,
405.0,passenger_queue_arrival,,,1429,8,1,1,1,
405.0,passenger_queue_arrival,,,1430,9,1,1,1,
405.0,passenger_queue_arrival,,,1431,10,1,1,1,
405.0,passenger_queue_arrival,,,1432,11,1,1,1,
405.0,passenger_queue_arrival,,,1433,12,1,1,1,
405.0,passenger_queue_arrival,,,1434,13,1,1,1,
405.0,passenger_queue_arrival,,,1435,14,1,1,1,
405.0,passenger_queue_arrival,,,1436,15,1,1,1,
405.0,passenger_queue_arrival,,,1437,16,1,1,1,
405.0,passenger_queue_arrival,,,1438,17,1,1,1,
405.0,passenger_queue_arrival,,,1439,18,1,1,1,
405.0,passenger_queue_arrival,,,1440,19,1,1,1,
405.0,passenger_queue_arrival,,,1441,20,1,1,1,
405.0,landing_start,37,3,,20,1,1,1,landing_time=2
405.0,service_start,,,1422,19,1,1,1,service_time_sampled=0.092
405.0915701199254,service_end,,,1422,19,1,1,1,duration=0.092
405.0915701199254,service_start,,,1423,18,1,1,1,service_time_sampled=0.080
405.1713201645281,service_end,,,1423,18,1,1,1,duration=0.080
405.1713201645281,service_start,,,1424,17,1,1,1,service_time_sampled=0.210
405.3811618326317,service_end,,,1424,17,1,1,1,duration=0.210
405.3811618326317,service_start,,,1425,16,1,1,1,service_time_sampled=0.200
405.58083444776366,service_end,,,1425,16,1,1,1,duration=0.200
405.58083444776366,service_start,,,1426,15,1,1,1,service_time_sampled=0.105
405.6861978233938,service_end,,,1426,15,1,1,1,duration=0.105
405.6861978233938,service_start,,,1427,14,1,1,1,service_time_sampled=0.092
405.77837554541276,service_end,,,1427,14,1,1,1,duration=0.092
405.77837554541276,service_start,,,1428,13,1,1,1,service_time_sampled=0.063
405.84131350570397,service_end,,,1428,13,1,1,1,duration=0.063
405.84131350570397,service_start,,,1429,12,1,1,1,service_time_sampled=0.043
405.8838765310427,service_end,,,1429,12,1,1,1,duration=0.043
405.8838765310427,service_start,,,1430,11,1,1,1,service_time_sampled=0.050
405.93401242361983,service_end,,,1430,11,1,1,1,duration=0.050
405.93401242361983,service_start,,,1431,10,1,1,1,service_time_sampled=0.066
406.0002689537108,service_end,,,1431,10,1,1,1,duration=0.066
406.0002689537108,service_start,,,1432,9,1,1,1,service_time_sampled=0.300
406.29998298112037,service_end,,,1432,9,1,1,1,duration=0.300
406.29998298112037,service_start,,,1433,8,1,1,1,service_time_sampled=0.055
406.3544941150405,service_end,,,1433,8,1,1,1,duration=0.055
406.3544941150405,service_start,,,1434,7,1,1,1,service_time_sampled=0.173
406.5273568922064,service_end,,,1434,7,1,1,1,duration=0.173
406.5273568922064,service_start,,,1435,6,1,1,1,service_time_sampled=0.592
407.0,landing_end,37,3,,6,1,1,1,pad_q=1
407.1192452696611,service_end,,,1435,6,1,1,1,duration=0.592
407.1192452696611,service_start,,,1436,5,1,1,1,service_time_sampled=0.138
407.2573732787677,service_end,,,1436,5,1,1,1,duration=0.138
407.2573732787677,service_start,,,1437,4,1,1,1,service_time_sampled=0.397
407.65394035193077,service_end,,,1437,4,1,1,1,duration=0.397
407.65394035193077,service_start,,,1438,3,1,1,1,service_time_sampled=0.095
407.7494267911327,service_end,,,1438,3,1,1,1,duration=0.095
407.7494267911327,service_start,,,1439,2,1,1,1,service_time_sampled=0.051
407.7999660883861,service_end,,,1439,2,1,1,1,duration=0.051
407.7999660883861,service_start,,,1440,1,1,1,1,service_time_sampled=0.055
407.8547367240429,service_end,,,1440,1,1,1,1,duration=0.055
407.8547367240429,service_start,,,1441,0,1,1,1,service_time_sampled=0.371
408.2253253659767,service_end,,,1441,0,1,1,1,duration=0.371
409.27004120146023,failure,,,,,1,0,0,element=door
414.0,unload_end,37,3,,0,1,0,0,
414.0,passengers_spawned,37,3,,0,1,0,0,count=49
414.0,passenger_queue_arrival,,,1442,1,1,0,0,
414.0,passenger_queue_arrival,,,1443,2,1,0,0,
414.0,passenger_queue_arrival,,,1444,3,1,0,0,
414.0,passenger_queue_arrival,,,1445,4,1,0,0,
414.0,passenger_queue_arrival,,,1446,5,1,0,0,
414.0,passenger_queue_arrival,,,1447,6,1,0,0,
414.0,passenger_queue_arrival,,,1448,7,1,0,0,
414.0,passenger_queue_arrival,,,1449,8,1,0,0,
414.0,passenger_queue_arrival,,,1450,9,1,0,0,
414.0,passenger_queue_arrival,,,1451,10,1,0,0,
414.0,passenger_queue_arrival,,,1452,11,1,0,0,
414.0,passenger_queue_arrival,,,1453,12,1,0,0,
414.0,passenger_queue_arrival,,,1454,13,1,0,0,
414.0,passenger_queue_arrival,,,1455,14,1,0,0,
414.0,passenger_queue_arrival,,,1456,15,1,0,0,
414.0,passenger_queue_arrival,,,1457,16,1,0,0,
414.0,passenger_queue_arrival,,,1458,17,1,0,0,
414.0,passenger_queue_arrival,,,1459,18,1,0,0,
414.0,passenger_queue_arrival,,,1460,19,1,0,0,
414.0,passenger_queue_arrival,,,1461,20,1,0,0,
414.0,passenger_queue_arrival,,,1462,21,1,0,0,
414.0,passenger_queue_arrival,,,1463,22,1,0,0,
414.0,passenger_queue_arrival,,,1464,23,1,0,0,
414.0,passenger_queue_arrival,,,1465,24,1,0,0,
414.0,passenger_queue_arrival,,,1466,25,1,0,0,
414.0,passenger_queue_arrival,,,1467,26,1,0,0,
414.0,passenger_queue_arrival,,,1468,27,1,0,0,
414.0,passenger_queue_arrival,,,1469,28,1,0,0,
414.0,passenger_queue_arrival,,,1470,29,1,0,0,
414.0,passenger_queue_arrival,,,1471,30,1,0,0,
414.0,passenger_queue_arrival,,,1472,31,1,0,0,
414.0,passenger_queue_arrival,,,1473,32,1,0,0,
414.0,passenger_queue_arrival,,,1474,33,1,0,0,
414.0,passenger_queue_arrival,,,1475,34,1,0,0,
414.0,passenger_queue_arrival,,,1476,35,1,0,0,
414.0,passenger_queue_arrival,,,1477,36,1,0,0,
414.0,passenger_queue_arrival,,,1478,37,1,0,0,
414.0,passenger_queue_arrival,,,1479,38,1,0,0,
414.0,passenger_queue_arrival,,,1480,39,1,0,0,
414.0,passenger_queue_arrival,,,1481,40,1,0,0,
414.0,passenger_queue_arrival,,,1482,41,1,0,0,
414.0,passenger_queue_arrival,,,1483,42,1,0,0,
414.0,passenger_queue_arrival,,,1484,43,1,0,0,
414.0,passenger_queue_arrival,,,1485,44,1,0,0,
414.0,passenger_queue_arrival,,,1486,45,1,0,0,
414.0,passenger_queue_arrival,,,1487,46,1,0,0,
414.0,passenger_queue_arrival,,,1488,47,1,0,0,
414.0,passenger_queue_arrival,,,1489,48,1,0,0,
414.0,passenger_queue_arrival,,,1490,49,1,0,0,
414.0,landing_start,38,1,,49,1,0,0,landing_time=3
414.0,service_start,,,1442,48,1,0,0,service_time_sampled=0.035
415.0,plane_arrive,40,1,,48,1,0,0,air_q=2
417.0,landing_end,38,1,,48,1,0,0,pad_q=1
417.0630779822284,repair,,,,,1,1,1,"element=door, repair_time=7.793"
417.1352495539482,service_end,,,1442,48,1,1,1,duration=3.135
417.1352495539482,service_start,,,1443,47,1,1,1,service_time_sampled=0.018
417.1535839983272,service_end,,,1443,47,1,1,1,duration=0.018
417.1535839983272,service_start,,,1444,46,1,1,1,service_time_sampled=0.066
417.21992760016434,service_end,,,1444,46,1,1,1,duration=0.066
417.21992760016434,service_start,,,1445,45,1,1,1,service_time_sampled=0.032
417.2514955128652,service_end,,,1445,45,1,1,1,duration=0.032
417.2514955128652,service_start,,,1446,44,1,1,1,service_time_sampled=0.101
417.3525128201185,service_end,,,1446,44,1,1,1,duration=0.101
417.3525128201185,service_start,,,1447,43,1,1,1,service_time_sampled=0.048
417.4003893829963,service_end,,,1447,43,1,1,1,duration=0.048
417.4003893829963,service_start,,,1448,42,1,1,1,service_time_sampled=0.024
417.42427664852477,service_end,,,1448,42,1,1,1,duration=0.024
417.42427664852477,service_start,,,1449,41,1,1,1,service_time_sampled=0.060
417.48469545398507,service_end,,,1449,41,1,1,1,duration=0.060
417.48469545398507,service_start,,,1450,40,1,1,1,service_time_sampled=0.106
417.5906516691067,service_end,,,1450,40,1,1,1,duration=0.106
417.5906516691067,service_start,,,1451,39,1,1,1,service_time_sampled=0.010
417.6006516691067,service_end,,,1451,39,1,1,1,duration=0.010
417.6006516691067,service_start,,,1452,38,1,1,1,service_time_sampled=0.416
418.01697285642007,service_end,,,1452,38,1,1,1,duration=0.416
418.01697285642007,service_start,,,1453,37,1,1,1,service_time_sampled=0.081
418.0977007444228,service_end,,,1453,37,1,1,1,duration=0.081
418.0977007444228,service_start,,,1454,36,1,1,1,service_time_sampled=0.139
418.23676882860923,service_end,,,1454,36,1,1,1,duration=0.139
418.23676882860923,service_start,,,1455,35,1,1,1,service_time_sampled=0.010
418.2467688286092,service_end,,,1455,35,1,1,1,duration=0.010
418.2467688286092,service_start,,,1456,34,1,1,1,service_time_sampled=0.364
418.6107967181919,service_end,,,1456,34,1,1,1,duration=0.364
418.6107967181919,service_start,,,1457,33,1,1,1,service_time_sampled=0.119
418.7294815967882,service_end,,,1457,33,1,1,1,duration=0.119
418.7294815967882,service_start,,,1458,32,1,1,1,service_time_sampled=0.011
418.7402666668655,service_end,,,1458,32,1,1,1,duration=0.011
418.7402666668655,service_start,,,1459,31,1,1,1,service_time_sampled=0.067
418.8069629784659,service_end,,,1459,31,1,1,1,duration=0.067
418.8069629784659,service_start,,,1460,30,1,1,1,service_time_sampled=0.147
418.9535993228016,service_end,,,1460,30,1,1,1,duration=0.147
418.9535993228016,service_start,,,1461,29,1,1,1,service_time_sampled=0.167
419.1209331548512,service_end,,,1461,29,1,1,1,duration=0.167
419.1209331548512,service_start,,,1462,28,1,1,1,service_time_sampled=0.192
419.3131414910498,service_end,,,1462,28,1,1,1,duration=0.192
419.3131414910498,service_start,,,1463,27,1,1,1,service_time_sampled=0.366
419.6795290177328,service_end,,,1463,27,1,1,1,duration=0.366
419.6795290177328,service_start,,,1464,26,1,1,1,service_time_sampled=0.132
419.81126680755,service_end,,,1464,26,1,1,1,duration=0.132
419.81126680755,service_start,,,1465,25,1,1,1,service_time_sampled=0.027
419.8382108155249,service_end,,,1465,25,1,1,1,duration=0.027
419.8382108155249,service_start,,,1466,24,1,1,1,service_time_sampled=0.025
419.86307037703597,service_end,,,1466,24,1,1,1,duration=0.025
419.86307037703597,service_start,,,1467,23,1,1,1,service_time_sampled=0.187
420.0496762075019,service_end,,,1467,23,1,1,1,duration=0.187
420.0496762075019,service_start,,,1468,22,1,1,1,service_time_sampled=0.034
420.0839601937508,service_end,,,1468,22,1,1,1,duration=0.034
420.0839601937508,service_start,,,1469,21,1,1,1,service_time_sampled=0.100
420.18369153017693,service_end,,,1469,21,1,1,1,duration=0.100
420.18369153017693,service_start,,,1470,20,1,1,1,service_time_sampled=0.017
420.20059644315495,service_end,,,1470,20,1,1,1,duration=0.017
420.20059644315495,service_start,,,1471,19,1,1,1,service_time_sampled=0.090
420.2903816270996,service_end,,,1471,19,1,1,1,duration=0.090
420.2903816270996,service_start,,,1472,18,1,1,1,service_time_sampled=0.410
420.7001696444295,service_end,,,1472,18,1,1,1,duration=0.410
420.7001696444295,service_start,,,1473,17,1,1,1,service_time_sampled=0.137
420.83742310658704,service_end,,,1473,17,1,1,1,duration=0.137
420.83742310658704,service_start,,,1474,16,1,1,1,service_time_sampled=0.549
421.0,plane_arrive,41,3,,16,1,1,1,air_q=3
421.38606052167205,service_end,,,1474,16,1,1,1,duration=0.549
421.38606052167205,service_start,,,1475,15,1,1,1,service_time_sampled=0.031
421.41664699137294,service_end,,,1475,15,1,1,1,duration=0.031
421.41664699137294,service_start,,,1476,14,1,1,1,service_time_sampled=0.116
421.53303311103696,service_end,,,1476,14,1,1,1,duration=0.116
421.53303311103696,service_start,,,1477,13,1,1,1,service_time_sampled=0.107
421.63991573696234,service_end,,,1477,13,1,1,1,duration=0.107
421.63991573696234,service_start,,,1478,12,1,1,1,service_time_sampled=0.038
421.6780735389638,service_end,,,1478,12,1,1,1,duration=0.038
421.6780735389638,service_start,,,1479,11,1,1,1,service_time_sampled=0.063
421.7406189190836,service_end,,,1479,11,1,1,1,duration=0.063
421.7406189190836,service_start,,,1480,10,1,1,1,service_time_sampled=0.348
422.0888261355401,service_end,,,1480,10,1,1,1,duration=0.348
422.0888261355401,service_start,,,1481,9,1,1,1,service_time_sampled=0.010
422.0988261355401,service_end,,,1481,9,1,1,1,duration=0.010
422.0988261355401,service_start,,,1482,8,1,1,1,service_time_sampled=0.172
422.2707076820969,service_end,,,1482,8,1,1,1,duration=0.172
422.2707076820969,service_start,,,1483,7,1,1,1,service_time_sampled=0.074
422.344677301935,service_end,,,1483,7,1,1,1,duration=0.074
422.344677301935,service_start,,,1484,6,1,1,1,service_time_sampled=0.204
422.5485839136406,service_end,,,1484,6,1,1,1,duration=0.204
422.5485839136406,service_start,,,1485,5,1,1,1,service_time_sampled=0.108
422.65635662269256,service_end,,,1485,5,1,1,1,duration=0.108
422.65635662269256,service_start,,,1486,4,1,1,1,service_time_sampled=0.018
422.67484868137603,service_end,,,1486,4,1,1,1,duration=0.018
422.67484868137603,service_start,,,1487,3,1,1,1,service_time_sampled=0.124
422.79931764084046,service_end,,,1487,3,1,1,1,duration=0.124
422.79931764084046,service_start,,,1488,2,1,1,1,service_time_sampled=0.038
422.83778874516867,service_end,,,1488,2,1,1,1,duration=0.038
422.83778874516867,service_start,,,1489,1,1,1,1,service_time_sampled=0.030
422.8673800891266,service_end,,,1489,1,1,1,1,duration=0.030
422.8673800891266,service_start,,,1490,0,1,1,1,service_time_sampled=0.288
423.1558249931148,service_end,,,1490,0,1,1,1,duration=0.288
424.0,unload_end,38,1,,0,1,1,1,
424.0,passengers_spawned,38,1,,0,1,1,1,count=25
424.0,passenger_queue_arrival,,,1491,1,1,1,1,
424.0,passenger_queue_arrival,,,1492,2,1,1,1,
424.0,passenger_queue_arrival,,,1493,3,1,1,1,
424.0,passenger_queue_arrival,,,1494,4,1,1,1,
424.0,passenger_queue_arrival,,,1495,5,1,1,1,
424.0,passenger_queue_arrival,,,1496,6,1,1,1,
424.0,passenger_queue_arrival,,,1497,7,1,1,1,
424.0,passenger_queue_arrival,,,1498,8,1,1,1,
424.0,passenger_queue_arrival,,,1499,9,1,1,1,
424.0,passenger_queue_arrival,,,1500,10,1,1,1,
424.0,passenger_queue_arrival,,,1501,11,1,1,1,
424.0,passenger_queue_arrival,,,1502,12,1,1,1,
424.0,passenger_queue_arrival,,,1503,13,1,1,1,
424.0,passenger_queue_arrival,,,1504,14,1,1,1,
424.0,passenger_queue_arrival,,,1505,15,1,1,1,
424.0,passenger_queue_arrival,,,1506,16,1,1,1,
424.0,passenger_queue_arrival,,,1507,17,1,1,1,
424.0,passenger_queue_arrival,,,1508,18,1,1,1,
424.0,passenger_queue_arrival,,,1509,19,1,1,1,
424.0,passenger_queue_arrival,,,1510,20,1,1,1,
424.0,passenger_queue_arrival,,,1511,21,1,1,1,
424.0,passenger_queue_arrival,,,1512,22,1,1,1,
424.0,passenger_queue_arrival,,,1513,23,1,1,1,
424.0,passenger_queue_arrival,,,1514,24,1,1,1,
424.0,passenger_queue_arrival,,,1515,25,1,1,1,
424.0,landing_start,39,2,,25,1,1,1,landing_time=5
424.0,service_start,,,1491,24,1,1,1,service_time_sampled=0.233
424.23326540978826,service_end,,,1491,24,1,1,1,duration=0.233
424.23326540978826,service_start,,,1492,23,1,1,1,service_time_sampled=0.010
424.24326540978825,service_end,,,1492,23,1,1,1,duration=0.010
424.24326540978825,service_start,,,1493,22,1,1,1,service_time_sampled=0.045
424.2882234400066,service_end,,,1493,22,1,1,1,duration=0.045
424.2882234400066,service_start,,,1494,21,1,1,1,service_time_sampled=0.084
424.3723850623121,service_end,,,1494,21,1,1,1,duration=0.084
424.3723850623121,service_start,,,1495,20,1,1,1,service_time_sampled=0.350
424.7224107370761,service_end,,,1495,20,1,1,1,duration=0.350
424.7224107370761,service_start,,,1496,19,1,1,1,service_time_sampled=0.010
424.73241073707607,service_end,,,1496,19,1,1,1,duration=0.010
424.73241073707607,service_start,,,1497,18,1,1,1,service_time_sampled=0.108
424.84031973079635,service_end,,,1497,18,1,1,1,duration=0.108
424.84031973079635,service_start,,,1498,17,1,1,1,service_time_sampled=0.167
424.852219854896,failure,,,,,0,1,0,element=scanner
424.852219854896,service_interrupted,,,1498,17,0,1,0,remaining=0.155
429.0,landing_end,39,2,,17,0,1,0,pad_q=1
431.7129986086025,repair,,,,,1,1,1,"element=scanner, repair_time=6.861"
431.9069911463706,service_end,,,1498,17,1,1,1,duration=7.067
431.9069911463706,service_start,,,1499,16,1,1,1,service_time_sampled=0.175
432.08160048817683,service_end,,,1499,16,1,1,1,duration=0.175
432.08160048817683,service_start,,,1500,15,1,1,1,service_time_sampled=0.058
432.13944159465893,service_end,,,1500,15,1,1,1,duration=0.058
432.13944159465893,service_start,,,1501,14,1,1,1,service_time_sampled=0.086
432.22577399550806,service_end,,,1501,14,1,1,1,duration=0.086
432.22577399550806,service_start,,,1502,13,1,1,1,service_time_sampled=0.095
432.3207827881179,service_end,,,1502,13,1,1,1,duration=0.095
432.3207827881179,service_start,,,1503,12,1,1,1,service_time_sampled=0.038
432.3590980944618,service_end,,,1503,12,1,1,1,duration=0.038
432.3590980944618,service_start,,,1504,11,1,1,1,service_time_sampled=0.048
432.40724505536787,service_end,,,1504,11,1,1,1,duration=0.048
432.40724505536787,service_start,,,1505,10,1,1,1,service_time_sampled=0.175
432.5825693866639,service_end,,,1505,10,1,1,1,duration=0.175
432.5825693866639,service_start,,,1506,9,1,1,1,service_time_sampled=0.060
432.6423222845997,service_end,,,1506,9,1,1,1,duration=0.060
432.6423222845997,service_start,,,1507,8,1,1,1,service_time_sampled=0.135
432.7772372233892,service_end,,,1507,8,1,1,1,duration=0.135
432.7772372233892,service_start,,,1508,7,1,1,1,service_time_sampled=0.164
432.9414403904726,service_end,,,1508,7,1,1,1,duration=0.164
432.9414403904726,service_start,,,1509,6,1,1,1,service_time_sampled=0.144
433.0854269564671,service_end,,,1509,6,1,1,1,duration=0.144
433.0854269564671,service_start,,,1510,5,1,1,1,service_time_sampled=0.042
433.12741104210556,service_end,,,1510,5,1,1,1,duration=0.042
433.12741104210556,service_start,,,1511,4,1,1,1,service_time_sampled=0.307
433.43462991615627,service_end,,,1511,4,1,1,1,duration=0.307
433.43462991615627,service_start,,,1512,3,1,1,1,service_time_sampled=0.187
433.62138997111833,service_end,,,1512,3,1,1,1,duration=0.187
433.62138997111833,service_start,,,1513,2,1,1,1,service_time_sampled=0.030
433.6515463287193,service_end,,,1513,2,1,1,1,duration=0.030
433.6515463287193,service_start,,,1514,1,1,1,1,service_time_sampled=0.050
433.7016601853701,service_end,,,1514,1,1,1,1,duration=0.050
433.7016601853701,service_start,,,1515,0,1,1,1,service_time_sampled=0.074
433.7757699852708,service_end,,,1515,0,1,1,1,duration=0.074
433.90064929328366,failure,,,,,0,1,0,element=scanner
436.0,unload_end,39,2,,0,0,1,0,
436.0,passengers_spawned,39,2,,0,0,1,0,count=35
436.0,passenger_queue_arrival,,,1516,1,0,1,0,
436.0,passenger_queue_arrival,,,1517,2,0,1,0,
436.0,passenger_queue_arrival,,,1518,3,0,1,0,
436.0,passenger_queue_arrival,,,1519,4,0,1,0,
436.0,passenger_queue_arrival,,,1520,5,0,1,0,
436.0,passenger_queue_arrival,,,1521,6,0,1,0,
436.0,passenger_queue_arrival,,,1522,7,0,1,0,
436.0,passenger_queue_arrival,,,1523,8,0,1,0,
436.0,passenger_queue_arrival,,,1524,9,0,1,0,
436.0,passenger_queue_arrival,,,1525,10,0,1,0,
436.0,passenger_queue_arrival,,,1526,11,0,1,0,
436.0,passenger_queue_arrival,,,1527,12,0,1,0,
436.0,passenger_queue_arrival,,,1528,13,0,1,0,
436.0,passenger_queue_arrival,,,1529,14,0,1,0,
436.0,passenger_queue_arrival,,,1530,15,0,1,0,
436.0,passenger_queue_arrival,,,1531,16,0,1,0,
436.0,passenger_queue_arrival,,,1532,17,0,1,0,
436.0,passenger_queue_arrival,,,1533,18,0,1,0,
436.0,passenger_queue_arrival,,,1534,19,0,1,0,
436.0,passenger_queue_arrival,,,1535,20,0,1,0,
436.0,passenger_queue_arrival,,,1536,21,0,1,0,
436.0,passenger_queue_arrival,,,1537,22,0,1,0,
436.0,passenger_queue_arrival,,,1538,23,0,1,0,
436.0,passenger_queue_arrival,,,1539,24,0,1,0,
436.0,passenger_queue_arrival,,,1540,25,0,1,0,
436.0,passenger_queue_arrival,,,1541,26,0,1,0,
436.0,passenger_queue_arrival,,,1542,27,0,1,0,
436.0,passenger_queue_arrival,,,1543,28,0,1,0,
436.0,passenger_queue_arrival,,,1544,29,0,1,0,
436.0,passenger_queue_arrival,,,1545,30,0,1,0,
436.0,passenger_queue_arrival,,,1546,31,0,1,0,
436.0,passenger_queue_arrival,,,1547,32,0,1,0,
436.0,passenger_queue_arrival,,,1548,33,0,1,0,
436.0,passenger_queue_arrival,,,1549,34,0,1,0,
436.0,passenger_queue_arrival,,,1550,35,0,1,0,
436.0,landing_start,40,1,,35,0,1,0,landing_time=3
436.0,service_start,,,1516,34,0,1,0,service_time_sampled=0.502
439.0,landing_end,40,1,,34,0,1,0,pad_q=1
439.5300531204583,repair,,,,,1,1,1,"element=scanner, repair_time=5.629"
440.1015054982175,service_end,,,1516,34,1,1,1,duration=4.102
440.1015054982175,service_start,,,1517,33,1,1,1,service_time_sampled=0.269
440.37059613798846,service_end,,,1517,33,1,1,1,duration=0.269
440.37059613798846,service_start,,,1518,32,1,1,1,service_time_sampled=0.011
440.38143621039814,service_end,,,1518,32,1,1,1,duration=0.011
440.38143621039814,service_start,,,1519,31,1,1,1,service_time_sampled=0.012
440.3939338505229,service_end,,,1519,31,1,1,1,duration=0.012
440.3939338505229,service_start,,,1520,30,1,1,1,service_time_sampled=0.056
440.4504199746932,service_end,,,1520,30,1,1,1,duration=0.056
440.4504199746932,service_start,,,1521,29,1,1,1,service_time_sampled=0.019
440.46987172976793,service_end,,,1521,29,1,1,1,duration=0.019
440.46987172976793,service_start,,,1522,28,1,1,1,service_time_sampled=0.027
440.49673570170944,service_end,,,1522,28,1,1,1,duration=0.027
440.49673570170944,service_start,,,1523,27,1,1,1,service_time_sampled=0.013
440.5101769578618,service_end,,,1523,27,1,1,1,duration=0.013
440.5101769578618,service_start,,,1524,26,1,1,1,service_time_sampled=0.067
440.57765947223476,service_end,,,1524,26,1,1,1,duration=0.067
440.57765947223476,service_start,,,1525,25,1,1,1,service_time_sampled=0.053
440.63026694445,service_end,,,1525,25,1,1,1,duration=0.053
440.63026694445,service_start,,,1526,24,1,1,1,service_time_sampled=0.073
440.7030230469025,service_end,,,1526,24,1,1,1,duration=0.073
440.7030230469025,service_start,,,1527,23,1,1,1,service_time_sampled=0.022
440.7250036410491,service_end,,,1527,23,1,1,1,duration=0.022
440.7250036410491,service_start,,,1528,22,1,1,1,service_time_sampled=0.010
440.7350036410491,service_end,,,1528,22,1,1,1,duration=0.010
440.7350036410491,service_start,,,1529,21,1,1,1,service_time_sampled=0.044
440.7790974844763,service_end,,,1529,21,1,1,1,duration=0.044
440.7790974844763,service_start,,,1530,20,1,1,1,service_time_sampled=0.013
440.79204633297906,service_end,,,1530,20,1,1,1,duration=0.013
440.79204633297906,service_start,,,1531,19,1,1,1,service_time_sampled=0.010
440.80204633297905,service_end,,,1531,19,1,1,1,duration=0.010
440.80204633297905,service_start,,,1532,18,1,1,1,service_time_sampled=0.056
440.85792905221814,service_end,,,1532,18,1,1,1,duration=0.056
440.85792905221814,service_start,,,1533,17,1,1,1,service_time_sampled=0.061
440.91937355973886,service_end,,,1533,17,1,1,1,duration=0.061
440.91937355973886,service_start,,,1534,16,1,1,1,service_time_sampled=0.365
441.28432863213624,service_end,,,1534,16,1,1,1,duration=0.365
441.28432863213624,service_start,,,1535,15,1,1,1,service_time_sampled=0.092
441.3762375342524,service_end,,,1535,15,1,1,1,duration=0.092
441.3762375342524,service_start,,,1536,14,1,1,1,service_time_sampled=0.018
441.3940028645528,service_end,,,1536,14,1,1,1,duration=0.018
441.3940028645528,service_start,,,1537,13,1,1,1,service_time_sampled=0.052
441.4460934061833,service_end,,,1537,13,1,1,1,duration=0.052
441.4460934061833,service_start,,,1538,12,1,1,1,service_time_sampled=0.135
441.5812176922998,service_end,,,1538,12,1,1,1,duration=0.135
441.5812176922998,service_start,,,1539,11,1,1,1,service_time_sampled=0.608
442.1894133863449,service_end,,,1539,11,1,1,1,duration=0.608
442.1894133863449,service_start,,,1540,10,1,1,1,service_time_sampled=0.109
442.2980902097668,service_end,,,1540,10,1,1,1,duration=0.109
442.2980902097668,service_start,,,1541,9,1,1,1,service_time_sampled=0.137
442.43538660522705,service_end,,,1541,9,1,1,1,duration=0.137
442.43538660522705,service_start,,,1542,8,1,1,1,service_time_sampled=0.025
442.4608142437599,service_end,,,1542,8,1,1,1,duration=0.025
442.4608142437599,service_start,,,1543,7,1,1,1,service_time_sampled=0.033
442.49378015106765,service_end,,,1543,7,1,1,1,duration=0.033
442.49378015106765,service_start,,,1544,6,1,1,1,service_time_sampled=0.140
442.63374565491574,service_end,,,1544,6,1,1,1,duration=0.140
442.63374565491574,service_start,,,1545,5,1,1,1,service_time_sampled=0.041
442.6751789439073,service_end,,,1545,5,1,1,1,duration=0.041
442.6751789439073,service_start,,,1546,4,1,1,1,service_time_sampled=0.092
442.7668269781794,service_end,,,1546,4,1,1,1,duration=0.092
442.7668269781794,service_start,,,1547,3,1,1,1,service_time_sampled=0.010
442.7768269781794,service_end,,,1547,3,1,1,1,duration=0.010
442.7768269781794,service_start,,,1548,2,1,1,1,service_time_sampled=0.100
442.87690014383844,service_end,,,1548,2,1,1,1,duration=0.100
442.87690014383844,service_start,,,1549,1,1,1,1,service_time_sampled=0.328
443.20523306882797,service_end,,,1549,1,1,1,1,duration=0.328
443.20523306882797,service_start,,,1550,0,1,1,1,service_time_sampled=0.110
443.3155496150495,service_end,,,1550,0,1,1,1,duration=0.110
446.0,unload_end,40,1,,0,1,1,1,
446.0,passengers_spawned,40,1,,0,1,1,1,count=27
446.0,passenger_queue_arrival,,,1551,1,1,1,1,
446.0,passenger_queue_arrival,,,1552,2,1,1,1,
446.0,passenger_queue_arrival,,,1553,3,1,1,1,
446.0,passenger_queue_arrival,,,1554,4,1,1,1,
446.0,passenger_queue_arrival,,,1555,5,1,1,1,
446.0,passenger_queue_arrival,,,1556,6,1,1,1,
446.0,passenger_queue_arrival,,,1557,7,1,1,1,
446.0,passenger_queue_arrival,,,1558,8,1,1,1,
446.0,passenger_queue_arrival,,,1559,9,1,1,1,
446.0,passenger_queue_arrival,,,1560,10,1,1,1,
446.0,passenger_queue_arrival,,,1561,11,1,1,1,
446.0,passenger_queue_arrival,,,1562,12,1,1,1,
446.0,passenger_queue_arrival,,,1563,13,1,1,1,
446.0,passenger_queue_arrival,,,1564,14,1,1,1,
446.0,passenger_queue_arrival,,,1565,15,1,1,1,
446.0,passenger_queue_arrival,,,1566,16,1,1,1,
446.0,passenger_queue_arrival,,,1567,17,1,1,1,
446.0,passenger_queue_arrival,,,1568,18,1,1,1,
446.0,passenger_queue_arrival,,,1569,19,1,1,1,
446.0,passenger_queue_arrival,,,1570,20,1,1,1,
446.0,passenger_queue_arrival,,,1571,21,1,1,1,
446.0,passenger_queue_arrival,,,1572,22,1,1,1,
446.0,passenger_queue_arrival,,,1573,23,1,1,1,
446.0,passenger_queue_arrival,,,1574,24,1,1,1,
446.0,passenger_queue_arrival,,,1575,25,1,1,1,
446.0,passenger_queue_arrival,,,1576,26,1,1,1,
446.0,passenger_queue_arrival,,,1577,27,1,1,1,
446.0,landing_start,41,3,,27,1,1,1,landing_time=5
446.0,service_start,,,1551,26,1,1,1,service_time_sampled=0.033
446.0329031361142,service_end,,,1551,26,1,1,1,duration=0.033
446.0329031361142,service_start,,,1552,25,1,1,1,service_time_sampled=0.091
446.12378056028984,service_end,,,1552,25,1,1,1,duration=0.091
446.12378056028984,service_start,,,1553,24,1,1,1,service_time_sampled=0.252
446.3761590880724,service_end,,,1553,24,1,1,1,duration=0.252
446.3761590880724,service_start,,,1554,23,1,1,1,service_time_sampled=0.046
446.42258611189226,service_end,,,1554,23,1,1,1,duration=0.046
446.42258611189226,service_start,,,1555,22,1,1,1,service_time_sampled=0.114
446.5370662646507,service_end,,,1555,22,1,1,1,duration=0.114
446.5370662646507,service_start,,,1556,21,1,1,1,service_time_sampled=0.037
446.5744191992529,service_end,,,1556,21,1,1,1,duration=0.037
446.5744191992529,service_start,,,1557,20,1,1,1,service_time_sampled=0.084
446.65821906985116,service_end,,,1557,20,1,1,1,duration=0.084
446.65821906985116,service_start,,,1558,19,1,1,1,service_time_sampled=0.170
446.82792377976114,service_end,,,1558,19,1,1,1,duration=0.170
446.82792377976114,service_start,,,1559,18,1,1,1,service_time_sampled=0.039
446.86676400905066,service_end,,,1559,18,1,1,1,duration=0.039
446.86676400905066,service_start,,,1560,17,1,1,1,service_time_sampled=0.040
446.9070747986245,service_end,,,1560,17,1,1,1,duration=0.040
446.9070747986245,service_start,,,1561,16,1,1,1,service_time_sampled=0.350
447.25754869108954,service_end,,,1561,16,1,1,1,duration=0.350
447.25754869108954,service_start,,,1562,15,1,1,1,service_time_sampled=0.066
447.3232456939604,service_end,,,1562,15,1,1,1,duration=0.066
447.3232456939604,service_start,,,1563,14,1,1,1,service_time_sampled=0.205
447.5282064564793,service_end,,,1563,14,1,1,1,duration=0.205
447.5282064564793,service_start,,,1564,13,1,1,1,service_time_sampled=0.062
447.5900314121219,service_end,,,1564,13,1,1,1,duration=0.062
447.5900314121219,service_start,,,1565,12,1,1,1,service_time_sampled=0.236
447.82642411752795,service_end,,,1565,12,1,1,1,duration=0.236
447.82642411752795,service_start,,,1566,11,1,1,1,service_time_sampled=0.242
448.0685951926481,service_end,,,1566,11,1,1,1,duration=0.242
448.0685951926481,service_start,,,1567,10,1,1,1,service_time_sampled=0.027
448.0955694077247,service_end,,,1567,10,1,1,1,duration=0.027
448.0955694077247,service_start,,,1568,9,1,1,1,service_time_sampled=0.166
448.2620387050249,service_end,,,1568,9,1,1,1,duration=0.166
448.2620387050249,service_start,,,1569,8,1,1,1,service_time_sampled=0.192
448.45359504243663,service_end,,,1569,8,1,1,1,duration=0.192
448.45359504243663,service_start,,,1570,7,1,1,1,service_time_sampled=0.109
448.5623821692229,service_end,,,1570,7,1,1,1,duration=0.109
448.5623821692229,service_start,,,1571,6,1,1,1,service_time_sampled=0.031
448.5936805056677,service_end,,,1571,6,1,1,1,duration=0.031
448.5936805056677,service_start,,,1572,5,1,1,1,service_time_sampled=0.084
448.6781319381314,service_end,,,1572,5,1,1,1,duration=0.084
448.6781319381314,service_start,,,1573,4,1,1,1,service_time_sampled=0.010
448.6881319381314,service_end,,,1573,4,1,1,1,duration=0.010
448.6881319381314,service_start,,,1574,3,1,1,1,service_time_sampled=0.064
448.7516571915893,service_end,,,1574,3,1,1,1,duration=0.064
448.7516571915893,service_start,,,1575,2,1,1,1,service_time_sampled=0.027
448.77892569916725,service_end,,,1575,2,1,1,1,duration=0.027
448.77892569916725,service_start,,,1576,1,1,1,1,service_time_sampled=0.047
448.8258881945048,service_end,,,1576,1,1,1,1,duration=0.047
448.8258881945048,service_start,,,1577,0,1,1,1,service_time_sampled=0.028
448.8539077369402,service_end,,,1577,0,1,1,1,duration=0.028
450.0,plane_arrive,42,2,,0,1,1,1,air_q=1
451.0,landing_end,41,3,,0,1,1,1,pad_q=1
454.0,plane_arrive,43,2,,0,1,1,1,air_q=2
458.0,unload_end,41,3,,0,1,1,1,
458.0,passengers_spawned,41,3,,0,1,1,1,count=46
458.0,passenger_queue_arrival,,,1578,1,1,1,1,
458.0,passenger_queue_arrival,,,1579,2,1,1,1,
458.0,passenger_queue_arrival,,,1580,3,1,1,1,
458.0,passenger_queue_arrival,,,1581,4,1,1,1,
458.0,passenger_queue_arrival,,,1582,5,1,1,1,
458.0,passenger_queue_arrival,,,1583,6,1,1,1,
458.0,passenger_queue_arrival,,,1584,7,1,1,1,
458.0,passenger_queue_arrival,,,1585,8,1,1,1,
458.0,passenger_queue_arrival,,,1586,9,1,1,1,
458.0,passenger_queue_arrival,,,1587,10,1,1,1,
458.0,passenger_queue_arrival,,,1588,11,1,1,1,
458.0,passenger_queue_arrival,,,1589,12,1,1,1,
458.0,passenger_queue_arrival,,,1590,13,1,1,1,
458.0,passenger_queue_arrival,,,1591,14,1,1,1,
458.0,passenger_queue_arrival,,,1592,15,1,1,1,
458.0,passenger_queue_arrival,,,1593,16,1,1,1,
458.0,passenger_queue_arrival,,,1594,17,1,1,1,
458.0,passenger_queue_arrival,,,1595,18,1,1,1,
458.0,passenger_queue_arrival,,,1596,19,1,1,1,
458.0,passenger_queue_arrival,,,1597,20,1,1,1,
458.0,passenger_queue_arrival,,,1598,21,1,1,1,
458.0,passenger_queue_arrival,,,1599,22,1,1,1,
458.0,passenger_queue_arrival,,,1600,23,1,1,1,
458.0,passenger_queue_arrival,,,1601,24,1,1,1,
458.0,passenger_queue_arrival,,,1602,25,1,1,1,
458.0,passenger_queue_arrival,,,1603,26,1,1,1,
458.0,passenger_queue_arrival,,,1604,27,1,1,1,
458.0,passenger_queue_arrival,,,1605,28,1,1,1,
458.0,passenger_queue_arrival,,,1606,29,1,1,1,
458.0,passenger_queue_arrival,,,1607,30,1,1,1,
458.0,passenger_queue_arrival,,,1608,31,1,1,1,
458.0,passenger_queue_arrival,,,1609,32,1,1,1,
458.0,passenger_queue_arrival,,,1610,33,1,1,1,
458.0,passenger_queue_arrival,,,1611,34,1,1,1,
458.0,passenger_queue_arrival,,,1612,35,1,1,1,
458.0,passenger_queue_arrival,,,1613,36,1,1,1,
458.0,passenger_queue_arrival,,,1614,37,1,1,1,
458.0,passenger_queue_arrival,,,1615,38,1,1,1,
458.0,passenger_queue_arrival,,,1616,39,1,1,1,
458.0,passenger_queue_arrival,,,1617,40,1,1,1,
458.0,passenger_queue_arrival,,,1618,41,1,1,1,
458.0,passenger_queue_arrival,,,1619,42,1,1,1,
458.0,passenger_queue_arrival,,,1620,43,1,1,1,
458.0,passenger_queue_arrival,,,1621,44,1,1,1,
458.0,passenger_queue_arrival,,,1622,45,1,1,1,
458.0,passenger_queue_arrival,,,1623,46,1,1,1,
458.0,landing_start,42,2,,46,1,1,1,landing_time=5
458.0,service_start,,,1578,45,1,1,1,service_time_sampled=0.378
458.3777781216583,service_end,,,1578,45,1,1,1,duration=0.378
458.3777781216583,service_start,,,1579,44,1,1,1,service_time_sampled=0.103
458.48092462808034,service_end,,,1579,44,1,1,1,duration=0.103
458.48092462808034,service_start,,,1580,43,1,1,1,service_time_sampled=0.015
458.4960590126502,service_end,,,1580,43,1,1,1,duration=0.015
458.4960590126502,service_start,,,1581,42,1,1,1,service_time_sampled=0.115
458.61134648179944,service_end,,,1581,42,1,1,1,duration=0.115
458.61134648179944,service_start,,,1582,41,1,1,1,service_time_sampled=0.028
458.6393293799224,service_end,,,1582,41,1,1,1,duration=0.028
458.6393293799224,service_start,,,1583,40,1,1,1,service_time_sampled=0.151
458.790104652981,service_end,,,1583,40,1,1,1,duration=0.151
458.790104652981,service_start,,,1584,39,1,1,1,service_time_sampled=0.102
458.89254105685336,service_end,,,1584,39,1,1,1,duration=0.102
458.89254105685336,service_start,,,1585,38,1,1,1,service_time_sampled=0.162
459.0,plane_arrive,44,2,,38,1,1,1,air_q=2
459.0545382084184,service_end,,,1585,38,1,1,1,duration=0.162
459.0545382084184,service_start,,,1586,37,1,1,1,service_time_sampled=0.161
459.2154072055136,service_end,,,1586,37,1,1,1,duration=0.161
459.2154072055136,service_start,,,1587,36,1,1,1,service_time_sampled=0.526
459.7415220092424,service_end,,,1587,36,1,1,1,duration=0.526
459.7415220092424,service_start,,,1588,35,1,1,1,service_time_sampled=0.102
459.8438141851981,service_end,,,1588,35,1,1,1,duration=0.102
459.8438141851981,service_start,,,1589,34,1,1,1,service_time_sampled=0.036
459.88026628773036,service_end,,,1589,34,1,1,1,duration=0.036
459.88026628773036,service_start,,,1590,33,1,1,1,service_time_sampled=0.051
459.93129864950987,service_end,,,1590,33,1,1,1,duration=0.051
459.93129864950987,service_start,,,1591,32,1,1,1,service_time_sampled=0.010
459.94129864950986,service_end,,,1591,32,1,1,1,duration=0.010
459.94129864950986,service_start,,,1592,31,1,1,1,service_time_sampled=0.061
460.0026101856762,service_end,,,1592,31,1,1,1,duration=0.061
460.0026101856762,service_start,,,1593,30,1,1,1,service_time_sampled=0.022
460.0243554009428,service_end,,,1593,30,1,1,1,duration=0.022
460.0243554009428,service_start,,,1594,29,1,1,1,service_time_sampled=0.159
460.1830870272669,service_end,,,1594,29,1,1,1,duration=0.159
460.1830870272669,service_start,,,1595,28,1,1,1,service_time_sampled=0.057
460.24000172197196,service_end,,,1595,28,1,1,1,duration=0.057
460.24000172197196,service_start,,,1596,27,1,1,1,service_time_sampled=0.216
460.455796634418,service_end,,,1596,27,1,1,1,duration=0.216
460.455796634418,service_start,,,1597,26,1,1,1,service_time_sampled=0.400
460.8555176393798,service_end,,,1597,26,1,1,1,duration=0.400
460.8555176393798,service_start,,,1598,25,1,1,1,service_time_sampled=0.010
460.8655176393798,service_end,,,1598,25,1,1,1,duration=0.010
460.8655176393798,service_start,,,1599,24,1,1,1,service_time_sampled=0.471
461.33675084618693,service_end,,,1599,24,1,1,1,duration=0.471
461.33675084618693,service_start,,,1600,23,1,1,1,service_time_sampled=0.048
461.3843902912367,service_end,,,1600,23,1,1,1,duration=0.048
461.3843902912367,service_start,,,1601,22,1,1,1,service_time_sampled=0.445
461.82911252889465,service_end,,,1601,22,1,1,1,duration=0.445
461.82911252889465,service_start,,,1602,21,1,1,1,service_time_sampled=0.400
462.2290492722514,service_end,,,1602,21,1,1,1,duration=0.400
462.2290492722514,service_start,,,1603,20,1,1,1,service_time_sampled=0.100
462.32916502032117,service_end,,,1603,20,1,1,1,duration=0.100
462.32916502032117,service_start,,,1604,19,1,1,1,service_time_sampled=0.010
462.33916502032116,service_end,,,1604,19,1,1,1,duration=0.010
462.33916502032116,service_start,,,1605,18,1,1,1,service_time_sampled=0.020
462.3592718121722,service_end,,,1605,18,1,1,1,duration=0.020
462.3592718121722,service_start,,,1606,17,1,1,1,service_time_sampled=0.014
462.3733046374743,service_end,,,1606,17,1,1,1,duration=0.014
462.3733046374743,service_start,,,1607,16,1,1,1,service_time_sampled=0.370
462.74307974763815,service_end,,,1607,16,1,1,1,duration=0.370
462.74307974763815,service_start,,,1608,15,1,1,1,service_time_sampled=0.109
462.8525690218795,service_end,,,1608,15,1,1,1,duration=0.109
462.8525690218795,service_start,,,1609,14,1,1,1,service_time_sampled=0.083
462.93599169302297,service_end,,,1609,14,1,1,1,duration=0.083
462.93599169302297,service_start,,,1610,13,1,1,1,service_time_sampled=0.010
462.94599169302296,service_end,,,1610,13,1,1,1,duration=0.010
462.94599169302296,service_start,,,1611,12,1,1,1,service_time_sampled=0.061
463.0,landing_end,42,2,,12,1,1,1,pad_q=1
463.0067480708027,service_end,,,1611,12,1,1,1,duration=0.061
463.0067480708027,service_start,,,1612,11,1,1,1,service_time_sampled=0.078
463.08473090428566,service_end,,,1612,11,1,1,1,duration=0.078
463.08473090428566,service_start,,,1613,10,1,1,1,service_time_sampled=0.050
463.13446378291997,service_end,,,1613,10,1,1,1,duration=0.050
463.13446378291997,service_start,,,1614,9,1,1,1,service_time_sampled=0.278
463.4122728066191,service_end,,,1614,9,1,1,1,duration=0.278
463.4122728066191,service_start,,,1615,8,1,1,1,service_time_sampled=0.203
463.61487044623436,service_end,,,1615,8,1,1,1,duration=0.203
463.61487044623436,service_start,,,1616,7,1,1,1,service_time_sampled=0.070
463.68525889496226,service_end,,,1616,7,1,1,1,duration=0.070
463.68525889496226,service_start,,,1617,6,1,1,1,service_time_sampled=0.334
464.01884622988183,service_end,,,1617,6,1,1,1,duration=0.334
464.01884622988183,service_start,,,1618,5,1,1,1,service_time_sampled=0.010
464.0288462298818,service_end,,,1618,5,1,1,1,duration=0.010
464.0288462298818,service_start,,,1619,4,1,1,1,service_time_sampled=0.110
464.1389048481171,service_end,,,1619,4,1,1,1,duration=0.110
464.1389048481171,service_start,,,1620,3,1,1,1,service_time_sampled=0.030
464.16939272889,service_end,,,1620,3,1,1,1,duration=0.030
464.16939272889,service_start,,,1621,2,1,1,1,service_time_sampled=0.171
464.3404851071882,service_end,,,1621,2,1,1,1,duration=0.171
464.3404851071882,service_start,,,1622,1,1,1,1,service_time_sampled=0.145
464.4850485412403,service_end,,,1622,1,1,1,1,duration=0.145
464.4850485412403,service_start,,,1623,0,1,1,1,service_time_sampled=0.067
464.55193096394197,service_end,,,1623,0,1,1,1,duration=0.067
466.0,plane_arrive,45,1,,0,1,1,1,air_q=3
470.0,unload_end,42,2,,0,1,1,1,
470.0,passengers_spawned,42,2,,0,1,1,1,count=30
470.0,passenger_queue_arrival,,,1624,1,1,1,1,
470.0,passenger_queue_arrival,,,1625,2,1,1,1,
470.0,passenger_queue_arrival,,,1626,3,1,1,1,
470.0,passenger_queue_arrival,,,1627,4,1,1,1,
470.0,passenger_queue_arrival,,,1628,5,1,1,1,
470.0,passenger_queue_arrival,,,1629,6,1,1,1,
470.0,passenger_queue_arrival,,,1630,7,1,1,1,
470.0,passenger_queue_arrival,,,1631,8,1,1,1,
470.0,passenger_queue_arrival,,,1632,9,1,1,1,
470.0,passenger_queue_arrival,,,1633,10,1,1,1,
470.0,passenger_queue_arrival,,,1634,11,1,1,1,
470.0,passenger_queue_arrival,,,1635,12,1,1,1,
470.0,passenger_queue_arrival,,,1636,13,1,1,1,
470.0,passenger_queue_arrival,,,1637,14,1,1,1,
470.0,passenger_queue_arrival,,,1638,15,1,1,1,
470.0,passenger_queue_arrival,,,1639,16,1,1,1,
470.0,passenger_queue_arrival,,,1640,17,1,1,1,
470.0,passenger_queue_arrival,,,1641,18,1,1,1,
470.0,passenger_queue_arrival,,,1642,19,1,1,1,
470.0,passenger_queue_arrival,,,1643,20,1,1,1,
470.0,passenger_queue_arrival,,,1644,21,1,1,1,
470.0,passenger_queue_arrival,,,1645,22,1,1,1,
470.0,passenger_queue_arrival,,,1646,23,1,1,1,
470.0,passenger_queue_arrival,,,1647,24,1,1,1,
470.0,passenger_queue_arrival,,,1648,25,1,1,1,
470.0,passenger_queue_arrival,,,1649,26,1,1,1,
470.0,passenger_queue_arrival,,,1650,27,1,1,1,
470.0,passenger_queue_arrival,,,1651,28,1,1,1,
470.0,passenger_queue_arrival,,,1652,29,1,1,1,
470.0,passenger_queue_arrival,,,1653,30,1,1,1,
470.0,landing_start,43,2,,30,1,1,1,landing_time=3
470.0,service_start,,,1624,29,1,1,1,service_time_sampled=0.035
470.03480121925463,service_end,,,1624,29,1,1,1,duration=0.035
470.03480121925463,service_start,,,1625,28,1,1,1,service_time_sampled=0.010
470.0448012192546,service_end,,,1625,28,1,1,1,duration=0.010
470.0448012192546,service_start,,,1626,27,1,1,1,service_time_sampled=0.245
470.289362676096,service_end,,,1626,27,1,1,1,duration=0.245
470.289362676096,service_start,,,1627,26,1,1,1,service_time_sampled=0.174
470.463016079435,service_end,,,1627,26,1,1,1,duration=0.174
470.463016079435,service_start,,,1628,25,1,1,1,service_time_sampled=0.047
470.5097833088842,service_end,,,1628,25,1,1,1,duration=0.047
470.5097833088842,service_start,,,1629,24,1,1,1,service_time_sampled=0.120
470.62992359667544,service_end,,,1629,24,1,1,1,duration=0.120
470.62992359667544,service_start,,,1630,23,1,1,1,service_time_sampled=0.010
470.63992359667543,service_end,,,1630,23,1,1,1,duration=0.010
470.63992359667543,service_start,,,1631,22,1,1,1,service_time_sampled=0.068
470.70820452502966,service_end,,,1631,22,1,1,1,duration=0.068
470.70820452502966,service_start,,,1632,21,1,1,1,service_time_sampled=0.010
470.71820452502965,service_end,,,1632,21,1,1,1,duration=0.010
470.71820452502965,service_start,,,1633,20,1,1,1,service_time_sampled=0.030
470.7480637654177,service_end,,,1633,20,1,1,1,duration=0.030
470.7480637654177,service_start,,,1634,19,1,1,1,service_time_sampled=0.102
470.84964881697937,service_end,,,1634,19,1,1,1,duration=0.102
470.84964881697937,service_start,,,1635,18,1,1,1,service_time_sampled=0.010
470.85964881697936,service_end,,,1635,18,1,1,1,duration=0.010
470.85964881697936,service_start,,,1636,17,1,1,1,service_time_sampled=0.022
470.8815317752155,service_end,,,1636,17,1,1,1,duration=0.022
470.8815317752155,service_start,,,1637,16,1,1,1,service_time_sampled=0.073
470.9547369197488,service_end,,,1637,16,1,1,1,duration=0.073
470.9547369197488,service_start,,,1638,15,1,1,1,service_time_sampled=0.170
471.0,plane_arrive,46,3,,15,1,1,1,air_q=3
471.12456435751244,service_end,,,1638,15,1,1,1,duration=0.170
471.12456435751244,service_start,,,1639,14,1,1,1,service_time_sampled=0.198
471.3221893163011,service_end,,,1639,14,1,1,1,duration=0.198
471.3221893163011,service_start,,,1640,13,1,1,1,service_time_sampled=0.125
471.44670549462444,service_end,,,1640,13,1,1,1,duration=0.125
471.44670549462444,service_start,,,1641,12,1,1,1,service_time_sampled=0.010
471.45670549462443,service_end,,,1641,12,1,1,1,duration=0.010
471.45670549462443,service_start,,,1642,11,1,1,1,service_time_sampled=0.056
471.5131432831951,service_end,,,1642,11,1,1,1,duration=0.056
471.5131432831951,service_start,,,1643,10,1,1,1,service_time_sampled=0.067
471.58005545563384,service_end,,,1643,10,1,1,1,duration=0.067
471.58005545563384,service_start,,,1644,9,1,1,1,service_time_sampled=0.044
471.6239866836939,service_end,,,1644,9,1,1,1,duration=0.044
471.6239866836939,service_start,,,1645,8,1,1,1,service_time_sampled=0.048
471.67206690956647,service_end,,,1645,8,1,1,1,duration=0.048
471.67206690956647,service_start,,,1646,7,1,1,1,service_time_sampled=0.010
471.68206690956646,service_end,,,1646,7,1,1,1,duration=0.010
471.68206690956646,service_start,,,1647,6,1,1,1,service_time_sampled=0.107
471.7891363827904,service_end,,,1647,6,1,1,1,duration=0.107
471.7891363827904,service_start,,,1648,5,1,1,1,service_time_sampled=0.186
471.97466418920715,service_end,,,1648,5,1,1,1,duration=0.186
471.97466418920715,service_start,,,1649,4,1,1,1,service_time_sampled=0.022
471.996588162142,service_end,,,1649,4,1,1,1,duration=0.022
471.996588162142,service_start,,,1650,3,1,1,1,service_time_sampled=0.027
472.0231034505842,service_end,,,1650,3,1,1,1,duration=0.027
472.0231034505842,service_start,,,1651,2,1,1,1,service_time_sampled=0.148
472.171496496836,service_end,,,1651,2,1,1,1,duration=0.148
472.171496496836,service_start,,,1652,1,1,1,1,service_time_sampled=0.066
472.23759516337043,service_end,,,1652,1,1,1,1,duration=0.066
472.23759516337043,service_start,,,1653,0,1,1,1,service_time_sampled=0.027
472.2642166187208,service_end,,,1653,0,1,1,1,duration=0.027
473.0,landing_end,43,2,,0,1,1,1,pad_q=1
480.0,unload_end,43,2,,0,1,1,1,
480.0,passengers_spawned,43,2,,0,1,1,1,count=31
480.0,passenger_queue_arrival,,,1654,1,1,1,1,
480.0,passenger_queue_arrival,,,1655,2,1,1,1,
480.0,passenger_queue_arrival,,,1656,3,1,1,1,
480.0,passenger_queue_arrival,,,1657,4,1,1,1,
480.0,passenger_queue_arrival,,,1658,5,1,1,1,
480.0,passenger_queue_arrival,,,1659,6,1,1,1,
480.0,passenger_queue_arrival,,,1660,7,1,1,1,
480.0,passenger_queue_arrival,,,1661,8,1,1,1,
480.0,passenger_queue_arrival,,,1662,9,1,1,1,
480.0,passenger_queue_arrival,,,1663,10,1,1,1,
480.0,passenger_queue_arrival,,,1664,11,1,1,1,
480.0,passenger_queue_arrival,,,1665,12,1,1,1,
480.0,passenger_queue_arrival,,,1666,13,1,1,1,
480.0,passenger_queue_arrival,,,1667,14,1,1,1,
480.0,passenger_queue_arrival,,,1668,15,1,1,1,
480.0,passenger_queue_arrival,,,1669,16,1,1,1,
480.0,passenger_queue_arrival,,,1670,17,1,1,1,
480.0,passenger_queue_arrival,,,1671,18,1,1,1,
480.0,passenger_queue_arrival,,,1672,19,1,1,1,
480.0,passenger_queue_arrival,,,1673,20,1,1,1,
480.0,passenger_queue_arrival,,,1674,21,1,1,1,
480.0,passenger_queue_arrival,,,1675,22,1,1,1,
480.0,passenger_queue_arrival,,,1676,23,1,1,1,
480.0,passenger_queue_arrival,,,1677,24,1,1,1,
480.0,passenger_queue_arrival,,,1678,25,1,1,1,
480.0,passenger_queue_arrival,,,1679,26,1,1,1,
480.0,passenger_queue_arrival,,,1680,27,1,1,1,
480.0,passenger_queue_arrival,,,1681,28,1,1,1,
480.0,passenger_queue_arrival,,,1682,29,1,1,1,
480.0,passenger_queue_arrival,,,1683,30,1,1,1,
480.0,passenger_queue_arrival,,,1684,31,1,1,1,
480.0,landing_start,44,2,,31,1,1,1,landing_time=4
480.0,service_start,,,1654,30,1,1,1,service_time_sampled=0.048
480.047872843339,service_end,,,1654,30,1,1,1,duration=0.048
480.047872843339,service_start,,,1655,29,1,1,1,service_time_sampled=0.042
480.09022686877137,service_end,,,1655,29,1,1,1,duration=0.042
480.09022686877137,service_start,,,1656,28,1,1,1,service_time_sampled=0.051
480.1411315360295,service_end,,,1656,28,1,1,1,duration=0.051
480.1411315360295,service_start,,,1657,27,1,1,1,service_time_sampled=0.095
480.2358615097133,service_end,,,1657,27,1,1,1,duration=0.095
480.2358615097133,service_start,,,1658,26,1,1,1,service_time_sampled=0.487
480.7231311677042,service_end,,,1658,26,1,1,1,duration=0.487
480.7231311677042,service_start,,,1659,25,1,1,1,service_time_sampled=0.120
480.84277938093436,service_end,,,1659,25,1,1,1,duration=0.120
480.84277938093436,service_start,,,1660,24,1,1,1,service_time_sampled=0.061
480.90386380474683,service_end,,,1660,24,1,1,1,duration=0.061
480.90386380474683,service_start,,,1661,23,1,1,1,service_time_sampled=0.174
481.0782261738116,service_end,,,1661,23,1,1,1,duration=0.174
481.0782261738116,service_start,,,1662,22,1,1,1,service_time_sampled=0.126
481.20377551833576,service_end,,,1662,22,1,1,1,duration=0.126
481.20377551833576,service_start,,,1663,21,1,1,1,service_time_sampled=0.061
481.2650109496604,service_end,,,1663,21,1,1,1,duration=0.061
481.2650109496604,service_start,,,1664,20,1,1,1,service_time_sampled=0.192
481.45714778695714,service_end,,,1664,20,1,1,1,duration=0.192
481.45714778695714,service_start,,,1665,19,1,1,1,service_time_sampled=0.219
481.676480144387,service_end,,,1665,19,1,1,1,duration=0.219
481.676480144387,service_start,,,1666,18,1,1,1,service_time_sampled=0.440
482.1162551796349,service_end,,,1666,18,1,1,1,duration=0.440
482.1162551796349,service_start,,,1667,17,1,1,1,service_time_sampled=0.080
482.19648039645335,service_end,,,1667,17,1,1,1,duration=0.080
482.19648039645335,service_start,,,1668,16,1,1,1,service_time_sampled=0.204
482.40081707985826,service_end,,,1668,16,1,1,1,duration=0.204
482.40081707985826,service_start,,,1669,15,1,1,1,service_time_sampled=0.036
482.4365676973132,service_end,,,1669,15,1,1,1,duration=0.036
482.4365676973132,service_start,,,1670,14,1,1,1,service_time_sampled=0.082
482.51866152648074,service_end,,,1670,14,1,1,1,duration=0.082
482.51866152648074,service_start,,,1671,13,1,1,1,service_time_sampled=0.182
482.7011299381799,service_end,,,1671,13,1,1,1,duration=0.182
482.7011299381799,service_start,,,1672,12,1,1,1,service_time_sampled=0.121
482.82207897076324,service_end,,,1672,12,1,1,1,duration=0.121
482.82207897076324,service_start,,,1673,11,1,1,1,service_time_sampled=0.128
482.95043644989755,service_end,,,1673,11,1,1,1,duration=0.128
482.95043644989755,service_start,,,1674,10,1,1,1,service_time_sampled=0.069
483.0,plane_arrive,47,3,,10,1,1,1,air_q=3
483.0198951491904,service_end,,,1674,10,1,1,1,duration=0.069
483.0198951491904,service_start,,,1675,9,1,1,1,service_time_sampled=0.080
483.0998724540007,service_end,,,1675,9,1,1,1,duration=0.080
483.0998724540007,service_start,,,1676,8,1,1,1,service_time_sampled=0.295
483.39521372249476,service_end,,,1676,8,1,1,1,duration=0.295
483.39521372249476,service_start,,,1677,7,1,1,1,service_time_sampled=0.319
483.7143446582238,service_end,,,1677,7,1,1,1,duration=0.319
483.7143446582238,service_start,,,1678,6,1,1,1,service_time_sampled=0.090
483.80481206893285,service_end,,,1678,6,1,1,1,duration=0.090
483.80481206893285,service_start,,,1679,5,1,1,1,service_time_sampled=0.099
483.90382462164854,service_end,,,1679,5,1,1,1,duration=0.099
483.90382462164854,service_start,,,1680,4,1,1,1,service_time_sampled=0.048
483.9518169687757,service_end,,,1680,4,1,1,1,duration=0.048
483.9518169687757,service_start,,,1681,3,1,1,1,service_time_sampled=0.327
484.0,landing_end,44,2,,3,1,1,1,pad_q=1
484.2793071224518,service_end,,,1681,3,1,1,1,duration=0.327
484.2793071224518,service_start,,,1682,2,1,1,1,service_time_sampled=0.316
484.5950064809254,service_end,,,1682,2,1,1,1,duration=0.316
484.5950064809254,service_start,,,1683,1,1,1,1,service_time_sampled=0.059
484.6538502079317,service_end,,,1683,1,1,1,1,duration=0.059
484.6538502079317,service_start,,,1684,0,1,1,1,service_time_sampled=0.168
484.82210839458105,service_end,,,1684,0,1,1,1,duration=0.168
490.0,plane_arrive,48,3,,0,1,1,1,air_q=4
491.0,unload_end,44,2,,0,1,1,1,
491.0,passengers_spawned,44,2,,0,1,1,1,count=34
491.0,passenger_queue_arrival,,,1685,1,1,1,1,
491.0,passenger_queue_arrival,,,1686,2,1,1,1,
491.0,passenger_queue_arrival,,,1687,3,1,1,1,
491.0,passenger_queue_arrival,,,1688,4,1,1,1,
491.0,passenger_queue_arrival,,,1689,5,1,1,1,
491.0,passenger_queue_arrival,,,1690,6,1,1,1,
491.0,passenger_queue_arrival,,,1691,7,1,1,1,
491.0,passenger_queue_arrival,,,1692,8,1,1,1,
491.0,passenger_queue_arrival,,,1693,9,1,1,1,
491.0,passenger_queue_arrival,,,1694,10,1,1,1,
491.0,passenger_queue_arrival,,,1695,11,1,1,1,
491.0,passenger_queue_arrival,,,1696,12,1,1,1,
491.0,passenger_queue_arrival,,,1697,13,1,1,1,
491.0,passenger_queue_arrival,,,1698,14,1,1,1,
491.0,passenger_queue_arrival,,,1699,15,1,1,1,
491.0,passenger_queue_arrival,,,1700,16,1,1,1,
491.0,passenger_queue_arrival,,,1701,17,1,1,1,
491.0,passenger_queue_arrival,,,1702,18,1,1,1,
491.0,passenger_queue_arrival,,,1703,19,1,1,1,
491.0,passenger_queue_arrival,,,1704,20,1,1,1,
491.0,passenger_queue_arrival,,,1705,21,1,1,1,
491.0,passenger_queue_arrival,,,1706,22,1,1,1,
491.0,passenger_queue_arrival,,,1707,23,1,1,1,
491.0,passenger_queue_arrival,,,1708,24,1,1,1,
491.0,passenger_queue_arrival,,,1709,25,1,1,1,
491.0,passenger_queue_arrival,,,1710,26,1,1,1,
491.0,passenger_queue_arrival,,,1711,27,1,1,1,
491.0,passenger_queue_arrival,,,1712,28,1,1,1,
491.0,passenger_queue_arrival,,,1713,29,1,1,1,
491.0,passenger_queue_arrival,,,1714,30,1,1,1,
491.0,passenger_queue_arrival,,,1715,31,1,1,1,
491.0,passenger_queue_arrival,,,1716,32,1,1,1,
491.0,passenger_queue_arrival,,,1717,33,1,1,1,
491.0,passenger_queue_arrival,,,1718,34,1,1,1,
491.0,landing_start,45,1,,34,1,1,1,landing_time=3
491.0,service_start,,,1685,33,1,1,1,service_time_sampled=0.142
491.142172317048,service_end,,,1685,33,1,1,1,duration=0.142
491.142172317048,service_start,,,1686,32,1,1,1,service_time_sampled=0.295
491.43735083798686,service_end,,,1686,32,1,1,1,duration=0.295
491.43735083798686,service_start,,,1687,31,1,1,1,service_time_sampled=0.072
491.5098506862051,service_end,,,1687,31,1,1,1,duration=0.072
491.5098506862051,service_start,,,1688,30,1,1,1,service_time_sampled=0.010
491.5198506862051,service_end,,,1688,30,1,1,1,duration=0.010
491.5198506862051,service_start,,,1689,29,1,1,1,service_time_sampled=0.058
491.5780606903991,service_end,,,1689,29,1,1,1,duration=0.058
491.5780606903991,service_start,,,1690,28,1,1,1,service_time_sampled=0.010
491.5880606903991,service_end,,,1690,28,1,1,1,duration=0.010
491.5880606903991,service_start,,,1691,27,1,1,1,service_time_sampled=0.010
491.5980606903991,service_end,,,1691,27,1,1,1,duration=0.010
491.5980606903991,service_start,,,1692,26,1,1,1,service_time_sampled=0.097
491.6950430571517,service_end,,,1692,26,1,1,1,duration=0.097
491.6950430571517,service_start,,,1693,25,1,1,1,service_time_sampled=0.057
491.7522974065848,service_end,,,1693,25,1,1,1,duration=0.057
491.7522974065848,service_start,,,1694,24,1,1,1,service_time_sampled=0.140
491.8926198923756,service_end,,,1694,24,1,1,1,duration=0.140
491.8926198923756,service_start,,,1695,23,1,1,1,service_time_sampled=0.134
492.0267091172201,service_end,,,1695,23,1,1,1,duration=0.134
492.0267091172201,service_start,,,1696,22,1,1,1,service_time_sampled=0.057
492.0837563887521,service_end,,,1696,22,1,1,1,duration=0.057
492.0837563887521,service_start,,,1697,21,1,1,1,service_time_sampled=0.091
492.17460177296175,service_end,,,1697,21,1,1,1,duration=0.091
492.17460177296175,service_start,,,1698,20,1,1,1,service_time_sampled=0.019
492.1936919741864,service_end,,,1698,20,1,1,1,duration=0.019
492.1936919741864,service_start,,,1699,19,1,1,1,service_time_sampled=0.024
492.21795989307617,service_end,,,1699,19,1,1,1,duration=0.024
492.21795989307617,service_start,,,1700,18,1,1,1,service_time_sampled=0.210
492.42784687188924,service_end,,,1700,18,1,1,1,duration=0.210
492.42784687188924,service_start,,,1701,17,1,1,1,service_time_sampled=0.060
492.4883229852466,service_end,,,1701,17,1,1,1,duration=0.060
492.4883229852466,service_start,,,1702,16,1,1,1,service_time_sampled=0.188
492.6765500113594,service_end,,,1702,16,1,1,1,duration=0.188
492.6765500113594,service_start,,,1703,15,1,1,1,service_time_sampled=0.203
492.87921107886916,service_end,,,1703,15,1,1,1,duration=0.203
492.87921107886916,service_start,,,1704,14,1,1,1,service_time_sampled=0.212
493.0916375673608,service_end,,,1704,14,1,1,1,duration=0.212
493.0916375673608,service_start,,,1705,13,1,1,1,service_time_sampled=0.045
493.13641145240814,service_end,,,1705,13,1,1,1,duration=0.045
493.13641145240814,service_start,,,1706,12,1,1,1,service_time_sampled=0.053
493.189822240227,service_end,,,1706,12,1,1,1,duration=0.053
493.189822240227,service_start,,,1707,11,1,1,1,service_time_sampled=0.269
493.45863214144543,service_end,,,1707,11,1,1,1,duration=0.269
493.45863214144543,service_start,,,1708,10,1,1,1,service_time_sampled=0.035
493.4935569456264,service_end,,,1708,10,1,1,1,duration=0.035
493.4935569456264,service_start,,,1709,9,1,1,1,service_time_sampled=0.098
493.591403103304,service_end,,,1709,9,1,1,1,duration=0.098
493.591403103304,service_start,,,1710,8,1,1,1,service_time_sampled=0.067
493.65845583292264,service_end,,,1710,8,1,1,1,duration=0.067
493.65845583292264,service_start,,,1711,7,1,1,1,service_time_sampled=0.234
493.89257623615265,service_end,,,1711,7,1,1,1,duration=0.234
493.89257623615265,service_start,,,1712,6,1,1,1,service_time_sampled=0.326
494.0,landing_end,45,1,,6,1,1,1,pad_q=1
494.21904271860467,service_end,,,1712,6,1,1,1,duration=0.326
494.21904271860467,service_start,,,1713,5,1,1,1,service_time_sampled=0.152
494.3713574526107,service_end,,,1713,5,1,1,1,duration=0.152
494.3713574526107,service_start,,,1714,4,1,1,1,service_time_sampled=0.231
494.6021971985672,service_end,,,1714,4,1,1,1,duration=0.231
494.6021971985672,service_start,,,1715,3,1,1,1,service_time_sampled=0.215
494.81706312162294,service_end,,,1715,3,1,1,1,duration=0.215
494.81706312162294,service_start,,,1716,2,1,1,1,service_time_sampled=0.078
494.89552232993657,service_end,,,1716,2,1,1,1,duration=0.078
494.89552232993657,service_start,,,1717,1,1,1,1,service_time_sampled=0.223
495.11893712305016,service_end,,,1717,1,1,1,1,duration=0.223
495.11893712305016,service_start,,,1718,0,1,1,1,service_time_sampled=0.181
495.29951675719394,service_end,,,1718,0,1,1,1,duration=0.181
496.0,plane_arrive,49,1,,0,1,1,1,air_q=4
500.0,sim_end,,,,0,1,1,1,"planes=49, pax_spawned=1718, served=1718, avg_service=0.162, avg_queue=17.311, max_queue=114, availability=0.8266, gate_down=86.701, scanner_fail=8, door_fail=5"
