time,event,plane_id,plane_cat,passenger_id,queue_len,scanner,door,gate,info
0.0,sim_start,,,,,,,,"cwd=C:\Users\karon\Documents\Code\Symulacja-dyskretna-krokowa, utils=C:\Users\karon\Documents\Code\Symulacja-dyskretna-krokowa\utils.py"
10.440497669153679,failure,,,,,1,0,0,element=door
16.0,plane_arrive,1,3,,0,1,0,0,air_q=1
16.0,landing_start,1,3,,0,1,0,0,landing_time=5
17.424810884932395,repair,,,,,1,1,1,"element=door, repair_time=6.984"
21.0,landing_end,1,3,,0,1,1,1,pad_q=1
28.0,unload_end,1,3,,0,1,1,1,
28.0,passengers_spawned,1,3,,0,1,1,1,count=52
28.0,passenger_queue_arrival,,,1,1,1,1,1,
28.0,passenger_queue_arrival,,,2,2,1,1,1,
28.0,passenger_queue_arrival,,,3,3,1,1,1,
28.0,passenger_queue_arrival,,,4,4,1,1,1,
28.0,passenger_queue_arrival,,,5,5,1,1,1,
28.0,passenger_queue_arrival,,,6,6,1,1,1,
28.0,passenger_queue_arrival,,,7,7,1,1,1,
28.0,passenger_queue_arrival,,,8,8,1,1,1,
28.0,passenger_queue_arrival,,,9,9,1,1,1,
28.0,passenger_queue_arrival,,,10,10,1,1,1,
28.0,passenger_queue_arrival,,,11,11,1,1,1,
28.0,passenger_queue_arrival,,,12,12,1,1,1,
28.0,passenger_queue_arrival,,,13,13,1,1,1,
28.0,passenger_queue_arrival,,,14,14,1,1,1,
28.0,passenger_queue_arrival,,,15,15,1,1,1,
28.0,passenger_queue_arrival,,,16,16,1,1,1,
28.0,passenger_queue_arrival,,,17,17,1,1,1,
28.0,passenger_queue_arrival,,,18,18,1,1,1,
28.0,passenger_queue_arrival,,,19,19,1,1,1,
28.0,passenger_queue_arrival,,,20,20,1,1,1,
28.0,passenger_queue_arrival,,,21,21,1,1,1,
28.0,passenger_queue_arrival,,,22,22,1,1,1,
28.0,passenger_queue_arrival,,,23,23,1,1,1,
28.0,passenger_queue_arrival,,,24,24,1,1,1,
28.0,passenger_queue_arrival,,,25,25,1,1,1,
28.0,passenger_queue_arrival,,,26,26,1,1,1,
28.0,passenger_queue_arrival,,,27,27,1,1,1,
28.0,passenger_queue_arrival,,,28,28,1,1,1,
28.0,passenger_queue_arrival,,,29,29,1,1,1,
28.0,passenger_queue_arrival,,,30,30,1,1,1,
28.0,passenger_queue_arrival,,,31,31,1,1,1,
28.0,passenger_queue_arrival,,,32,32,1,1,1,
28.0,passenger_queue_arrival,,,33,33,1,1,1,
28.0,passenger_queue_arrival,,,34,34,1,1,1,
28.0,passenger_queue_arrival,,,35,35,1,1,1,
28.0,passenger_queue_arrival,,,36,36,1,1,1,
28.0,passenger_queue_arrival,,,37,37,1,1,1,
28.0,passenger_queue_arrival,,,38,38,1,1,1,
28.0,passenger_queue_arrival,,,39,39,1,1,1,
28.0,passenger_queue_arrival,,,40,40,1,1,1,
28.0,passenger_queue_arrival,,,41,41,1,1,1,
28.0,passenger_queue_arrival,,,42,42,1,1,1,
28.0,passenger_queue_arrival,,,43,43,1,1,1,
28.0,passenger_queue_arrival,,,44,44,1,1,1,
28.0,passenger_queue_arrival,,,45,45,1,1,1,
28.0,passenger_queue_arrival,,,46,46,1,1,1,
28.0,passenger_queue_arrival,,,47,47,1,1,1,
28.0,passenger_queue_arrival,,,48,48,1,1,1,
28.0,passenger_queue_arrival,,,49,49,1,1,1,
28.0,passenger_queue_arrival,,,50,50,1,1,1,
28.0,passenger_queue_arrival,,,51,51,1,1,1,
28.0,passenger_queue_arrival,,,52,52,1,1,1,
28.0,service_start,,,1,51,1,1,1,service_time_sampled=0.139
28.139054728398307,service_end,,,1,51,1,1,1,duration=0.139
28.139054728398307,service_start,,,2,50,1,1,1,service_time_sampled=0.057
28.195669415600108,service_end,,,2,50,1,1,1,duration=0.057
28.195669415600108,service_start,,,3,49,1,1,1,service_time_sampled=0.084
28.279552444106272,service_end,,,3,49,1,1,1,duration=0.084
28.279552444106272,service_start,,,4,48,1,1,1,service_time_sampled=0.028
28.307916934253786,service_end,,,4,48,1,1,1,duration=0.028
28.307916934253786,service_start,,,5,47,1,1,1,service_time_sampled=0.137
28.44506798441546,service_end,,,5,47,1,1,1,duration=0.137
28.44506798441546,service_start,,,6,46,1,1,1,service_time_sampled=0.032
28.47735977643004,service_end,,,6,46,1,1,1,duration=0.032
28.47735977643004,service_start,,,7,45,1,1,1,service_time_sampled=0.077
28.55393571058838,service_end,,,7,45,1,1,1,duration=0.077
28.55393571058838,service_start,,,8,44,1,1,1,service_time_sampled=0.010
28.56393571058838,service_end,,,8,44,1,1,1,duration=0.010
28.56393571058838,service_start,,,9,43,1,1,1,service_time_sampled=0.458
29.021544122948463,service_end,,,9,43,1,1,1,duration=0.458
29.021544122948463,service_start,,,10,42,1,1,1,service_time_sampled=0.084
29.105095108536702,service_end,,,10,42,1,1,1,duration=0.084
29.105095108536702,service_start,,,11,41,1,1,1,service_time_sampled=0.077
29.182492514871836,service_end,,,11,41,1,1,1,duration=0.077
29.182492514871836,service_start,,,12,40,1,1,1,service_time_sampled=0.157
29.33902728129391,service_end,,,12,40,1,1,1,duration=0.157
29.33902728129391,service_start,,,13,39,1,1,1,service_time_sampled=0.067
29.406200894672992,service_end,,,13,39,1,1,1,duration=0.067
29.406200894672992,service_start,,,14,38,1,1,1,service_time_sampled=0.274
29.679870990959135,service_end,,,14,38,1,1,1,duration=0.274
29.679870990959135,service_start,,,15,37,1,1,1,service_time_sampled=0.010
29.689870990959136,service_end,,,15,37,1,1,1,duration=0.010
29.689870990959136,service_start,,,16,36,1,1,1,service_time_sampled=0.224
29.913970692786865,service_end,,,16,36,1,1,1,duration=0.224
29.913970692786865,service_start,,,17,35,1,1,1,service_time_sampled=0.079
29.992975966112688,service_end,,,17,35,1,1,1,duration=0.079
29.992975966112688,service_start,,,18,34,1,1,1,service_time_sampled=0.209
30.201544739000564,service_end,,,18,34,1,1,1,duration=0.209
30.201544739000564,service_start,,,19,33,1,1,1,service_time_sampled=0.364
30.56544907376202,service_end,,,19,33,1,1,1,duration=0.364
30.56544907376202,service_start,,,20,32,1,1,1,service_time_sampled=0.510
31.075418350339767,service_end,,,20,32,1,1,1,duration=0.510
31.075418350339767,service_start,,,21,31,1,1,1,service_time_sampled=0.024
31.0996440677144,service_end,,,21,31,1,1,1,duration=0.024
31.0996440677144,service_start,,,22,30,1,1,1,service_time_sampled=0.150
31.2495818191915,service_end,,,22,30,1,1,1,duration=0.150
31.2495818191915,service_start,,,23,29,1,1,1,service_time_sampled=0.014
31.26398793474857,service_end,,,23,29,1,1,1,duration=0.014
31.26398793474857,service_start,,,24,28,1,1,1,service_time_sampled=0.022
31.28582136046564,service_end,,,24,28,1,1,1,duration=0.022
31.28582136046564,service_start,,,25,27,1,1,1,service_time_sampled=0.012
31.298003708945306,service_end,,,25,27,1,1,1,duration=0.012
31.298003708945306,service_start,,,26,26,1,1,1,service_time_sampled=0.047
31.345124727798034,service_end,,,26,26,1,1,1,duration=0.047
31.345124727798034,service_start,,,27,25,1,1,1,service_time_sampled=0.010
31.355124727798035,service_end,,,27,25,1,1,1,duration=0.010
31.355124727798035,service_start,,,28,24,1,1,1,service_time_sampled=0.241
31.59568537674071,service_end,,,28,24,1,1,1,duration=0.241
31.59568537674071,service_start,,,29,23,1,1,1,service_time_sampled=0.043
31.638675673516833,service_end,,,29,23,1,1,1,duration=0.043
31.638675673516833,service_start,,,30,22,1,1,1,service_time_sampled=0.189
31.827968680710484,service_end,,,30,22,1,1,1,duration=0.189
31.827968680710484,service_start,,,31,21,1,1,1,service_time_sampled=0.099
31.92725451236076,service_end,,,31,21,1,1,1,duration=0.099
31.92725451236076,service_start,,,32,20,1,1,1,service_time_sampled=0.027
31.954264748550393,service_end,,,32,20,1,1,1,duration=0.027
31.954264748550393,service_start,,,33,19,1,1,1,service_time_sampled=0.043
31.997435403988106,service_end,,,33,19,1,1,1,duration=0.043
31.997435403988106,service_start,,,34,18,1,1,1,service_time_sampled=0.048
32.04554266215341,service_end,,,34,18,1,1,1,duration=0.048
32.04554266215341,service_start,,,35,17,1,1,1,service_time_sampled=0.134
32.17987957030002,service_end,,,35,17,1,1,1,duration=0.134
32.17987957030002,service_start,,,36,16,1,1,1,service_time_sampled=0.033
32.2127973313522,service_end,,,36,16,1,1,1,duration=0.033
32.2127973313522,service_start,,,37,15,1,1,1,service_time_sampled=0.121
32.3335580858072,service_end,,,37,15,1,1,1,duration=0.121
32.3335580858072,service_start,,,38,14,1,1,1,service_time_sampled=0.282
32.615686210199165,service_end,,,38,14,1,1,1,duration=0.282
32.615686210199165,service_start,,,39,13,1,1,1,service_time_sampled=0.254
32.87017096399522,service_end,,,39,13,1,1,1,duration=0.254
32.87017096399522,service_start,,,40,12,1,1,1,service_time_sampled=0.043
32.913654291076085,service_end,,,40,12,1,1,1,duration=0.043
32.913654291076085,service_start,,,41,11,1,1,1,service_time_sampled=0.077
32.99026269414675,service_end,,,41,11,1,1,1,duration=0.077
32.99026269414675,service_start,,,42,10,1,1,1,service_time_sampled=0.083
33.07320633810338,service_end,,,42,10,1,1,1,duration=0.083
33.07320633810338,service_start,,,43,9,1,1,1,service_time_sampled=0.041
33.11433677253149,service_end,,,43,9,1,1,1,duration=0.041
33.11433677253149,service_start,,,44,8,1,1,1,service_time_sampled=0.050
33.1642020201136,service_end,,,44,8,1,1,1,duration=0.050
33.1642020201136,service_start,,,45,7,1,1,1,service_time_sampled=0.519
33.68300627200991,service_end,,,45,7,1,1,1,duration=0.519
33.68300627200991,service_start,,,46,6,1,1,1,service_time_sampled=0.010
33.69300627200991,service_end,,,46,6,1,1,1,duration=0.010
33.69300627200991,service_start,,,47,5,1,1,1,service_time_sampled=0.019
33.712281469192995,service_end,,,47,5,1,1,1,duration=0.019
33.712281469192995,service_start,,,48,4,1,1,1,service_time_sampled=0.132
33.84421738564943,service_end,,,48,4,1,1,1,duration=0.132
33.84421738564943,service_start,,,49,3,1,1,1,service_time_sampled=0.010
33.85421738564943,service_end,,,49,3,1,1,1,duration=0.010
33.85421738564943,service_start,,,50,2,1,1,1,service_time_sampled=0.043
33.89739517975959,service_end,,,50,2,1,1,1,duration=0.043
33.89739517975959,service_start,,,51,1,1,1,1,service_time_sampled=0.197
34.094542522382966,service_end,,,51,1,1,1,1,duration=0.197
34.094542522382966,service_start,,,52,0,1,1,1,service_time_sampled=0.303
34.3977681808752,service_end,,,52,0,1,1,1,duration=0.303
55.0,plane_arrive,2,2,,0,1,1,1,air_q=1
55.0,landing_start,2,2,,0,1,1,1,landing_time=3
58.0,plane_arrive,3,1,,0,1,1,1,air_q=1
58.0,landing_end,2,2,,0,1,1,1,pad_q=1
65.0,unload_end,2,2,,0,1,1,1,
65.0,passengers_spawned,2,2,,0,1,1,1,count=40
65.0,passenger_queue_arrival,,,53,1,1,1,1,
65.0,passenger_queue_arrival,,,54,2,1,1,1,
65.0,passenger_queue_arrival,,,55,3,1,1,1,
65.0,passenger_queue_arrival,,,56,4,1,1,1,
65.0,passenger_queue_arrival,,,57,5,1,1,1,
65.0,passenger_queue_arrival,,,58,6,1,1,1,
65.0,passenger_queue_arrival,,,59,7,1,1,1,
65.0,passenger_queue_arrival,,,60,8,1,1,1,
65.0,passenger_queue_arrival,,,61,9,1,1,1,
65.0,passenger_queue_arrival,,,62,10,1,1,1,
65.0,passenger_queue_arrival,,,63,11,1,1,1,
65.0,passenger_queue_arrival,,,64,12,1,1,1,
65.0,passenger_queue_arrival,,,65,13,1,1,1,
65.0,passenger_queue_arrival,,,66,14,1,1,1,
65.0,passenger_queue_arrival,,,67,15,1,1,1,
65.0,passenger_queue_arrival,,,68,16,1,1,1,
65.0,passenger_queue_arrival,,,69,17,1,1,1,
65.0,passenger_queue_arrival,,,70,18,1,1,1,
65.0,passenger_queue_arrival,,,71,19,1,1,1,
65.0,passenger_queue_arrival,,,72,20,1,1,1,
65.0,passenger_queue_arrival,,,73,21,1,1,1,
65.0,passenger_queue_arrival,,,74,22,1,1,1,
65.0,passenger_queue_arrival,,,75,23,1,1,1,
65.0,passenger_queue_arrival,,,76,24,1,1,1,
65.0,passenger_queue_arrival,,,77,25,1,1,1,
65.0,passenger_queue_arrival,,,78,26,1,1,1,
65.0,passenger_queue_arrival,,,79,27,1,1,1,
65.0,passenger_queue_arrival,,,80,28,1,1,1,
65.0,passenger_queue_arrival,,,81,29,1,1,1,
65.0,passenger_queue_arrival,,,82,30,1,1,1,
65.0,passenger_queue_arrival,,,83,31,1,1,1,
65.0,passenger_queue_arrival,,,84,32,1,1,1,
65.0,passenger_queue_arrival,,,85,33,1,1,1,
65.0,passenger_queue_arrival,,,86,34,1,1,1,
65.0,passenger_queue_arrival,,,87,35,1,1,1,
65.0,passenger_queue_arrival,,,88,36,1,1,1,
65.0,passenger_queue_arrival,,,89,37,1,1,1,
65.0,passenger_queue_arrival,,,90,38,1,1,1,
65.0,passenger_queue_arrival,,,91,39,1,1,1,
65.0,passenger_queue_arrival,,,92,40,1,1,1,
65.0,landing_start,3,1,,40,1,1,1,landing_time=3
65.0,service_start,,,53,39,1,1,1,service_time_sampled=0.291
65.29096989490336,service_end,,,53,39,1,1,1,duration=0.291
65.29096989490336,service_start,,,54,38,1,1,1,service_time_sampled=0.051
65.34237117320296,service_end,,,54,38,1,1,1,duration=0.051
65.34237117320296,service_start,,,55,37,1,1,1,service_time_sampled=0.178
65.51993896936163,service_end,,,55,37,1,1,1,duration=0.178
65.51993896936163,service_start,,,56,36,1,1,1,service_time_sampled=0.148
65.66831060878874,service_end,,,56,36,1,1,1,duration=0.148
65.66831060878874,service_start,,,57,35,1,1,1,service_time_sampled=0.145
65.81322210906254,service_end,,,57,35,1,1,1,duration=0.145
65.81322210906254,service_start,,,58,34,1,1,1,service_time_sampled=0.290
66.10310899030068,service_end,,,58,34,1,1,1,duration=0.290
66.10310899030068,service_start,,,59,33,1,1,1,service_time_sampled=0.064
66.16676133892501,service_end,,,59,33,1,1,1,duration=0.064
66.16676133892501,service_start,,,60,32,1,1,1,service_time_sampled=0.010
66.17676133892502,service_end,,,60,32,1,1,1,duration=0.010
66.17676133892502,service_start,,,61,31,1,1,1,service_time_sampled=0.032
66.20866066486492,service_end,,,61,31,1,1,1,duration=0.032
66.20866066486492,service_start,,,62,30,1,1,1,service_time_sampled=0.218
66.42647933180962,service_end,,,62,30,1,1,1,duration=0.218
66.42647933180962,service_start,,,63,29,1,1,1,service_time_sampled=0.045
66.47132852696153,service_end,,,63,29,1,1,1,duration=0.045
66.47132852696153,service_start,,,64,28,1,1,1,service_time_sampled=0.045
66.51588663623289,service_end,,,64,28,1,1,1,duration=0.045
66.51588663623289,service_start,,,65,27,1,1,1,service_time_sampled=0.331
66.84713835928846,service_end,,,65,27,1,1,1,duration=0.331
66.84713835928846,service_start,,,66,26,1,1,1,service_time_sampled=0.202
67.04906104754983,service_end,,,66,26,1,1,1,duration=0.202
67.04906104754983,service_start,,,67,25,1,1,1,service_time_sampled=0.010
67.05906104754983,service_end,,,67,25,1,1,1,duration=0.010
67.05906104754983,service_start,,,68,24,1,1,1,service_time_sampled=0.265
67.3240102060076,service_end,,,68,24,1,1,1,duration=0.265
67.3240102060076,service_start,,,69,23,1,1,1,service_time_sampled=0.153
67.47718706601002,service_end,,,69,23,1,1,1,duration=0.153
67.47718706601002,service_start,,,70,22,1,1,1,service_time_sampled=0.013
67.49023423013038,service_end,,,70,22,1,1,1,duration=0.013
67.49023423013038,service_start,,,71,21,1,1,1,service_time_sampled=0.066
67.55576141539164,service_end,,,71,21,1,1,1,duration=0.066
67.55576141539164,service_start,,,72,20,1,1,1,service_time_sampled=0.120
67.67578742140562,service_end,,,72,20,1,1,1,duration=0.120
67.67578742140562,service_start,,,73,19,1,1,1,service_time_sampled=0.059
67.73464920261439,service_end,,,73,19,1,1,1,duration=0.059
67.73464920261439,service_start,,,74,18,1,1,1,service_time_sampled=0.092
67.82620435968224,service_end,,,74,18,1,1,1,duration=0.092
67.82620435968224,service_start,,,75,17,1,1,1,service_time_sampled=0.010
67.83620435968224,service_end,,,75,17,1,1,1,duration=0.010
67.83620435968224,service_start,,,76,16,1,1,1,service_time_sampled=0.044
67.88047256271408,service_end,,,76,16,1,1,1,duration=0.044
67.88047256271408,service_start,,,77,15,1,1,1,service_time_sampled=0.283
68.0,landing_end,3,1,,15,1,1,1,pad_q=1
68.16324550895224,service_end,,,77,15,1,1,1,duration=0.283
68.16324550895224,service_start,,,78,14,1,1,1,service_time_sampled=0.010
68.17324550895225,service_end,,,78,14,1,1,1,duration=0.010
68.17324550895225,service_start,,,79,13,1,1,1,service_time_sampled=0.028
68.2014027919236,service_end,,,79,13,1,1,1,duration=0.028
68.2014027919236,service_start,,,80,12,1,1,1,service_time_sampled=0.014
68.21504668671744,service_end,,,80,12,1,1,1,duration=0.014
68.21504668671744,service_start,,,81,11,1,1,1,service_time_sampled=0.028
68.24293806402022,service_end,,,81,11,1,1,1,duration=0.028
68.24293806402022,service_start,,,82,10,1,1,1,service_time_sampled=0.019
68.26190021408175,service_end,,,82,10,1,1,1,duration=0.019
68.26190021408175,service_start,,,83,9,1,1,1,service_time_sampled=0.010
68.27190021408175,service_end,,,83,9,1,1,1,duration=0.010
68.27190021408175,service_start,,,84,8,1,1,1,service_time_sampled=0.099
68.3713992783117,service_end,,,84,8,1,1,1,duration=0.099
68.3713992783117,service_start,,,85,7,1,1,1,service_time_sampled=0.588
68.95952141069131,service_end,,,85,7,1,1,1,duration=0.588
68.95952141069131,service_start,,,86,6,1,1,1,service_time_sampled=0.102
69.0,plane_arrive,4,1,,6,1,1,1,air_q=1
69.06132701026576,service_end,,,86,6,1,1,1,duration=0.102
69.06132701026576,service_start,,,87,5,1,1,1,service_time_sampled=0.125
69.18621353945518,service_end,,,87,5,1,1,1,duration=0.125
69.18621353945518,service_start,,,88,4,1,1,1,service_time_sampled=0.022
69.20782639912964,service_end,,,88,4,1,1,1,duration=0.022
69.20782639912964,service_start,,,89,3,1,1,1,service_time_sampled=0.182
69.38949480111867,service_end,,,89,3,1,1,1,duration=0.182
69.38949480111867,service_start,,,90,2,1,1,1,service_time_sampled=0.322
69.71143499446795,service_end,,,90,2,1,1,1,duration=0.322
69.71143499446795,service_start,,,91,1,1,1,1,service_time_sampled=0.112
69.82321398198529,service_end,,,91,1,1,1,1,duration=0.112
69.82321398198529,service_start,,,92,0,1,1,1,service_time_sampled=0.023
69.84628479307223,service_end,,,92,0,1,1,1,duration=0.023
74.95688509940149,failure,,,,,1,0,0,element=door
75.0,unload_end,3,1,,0,1,0,0,
75.0,passengers_spawned,3,1,,0,1,0,0,count=23
75.0,passenger_queue_arrival,,,93,1,1,0,0,
75.0,passenger_queue_arrival,,,94,2,1,0,0,
75.0,passenger_queue_arrival,,,95,3,1,0,0,
75.0,passenger_queue_arrival,,,96,4,1,0,0,
75.0,passenger_queue_arrival,,,97,5,1,0,0,
75.0,passenger_queue_arrival,,,98,6,1,0,0,
75.0,passenger_queue_arrival,,,99,7,1,0,0,
75.0,passenger_queue_arrival,,,100,8,1,0,0,
75.0,passenger_queue_arrival,,,101,9,1,0,0,
75.0,passenger_queue_arrival,,,102,10,1,0,0,
75.0,passenger_queue_arrival,,,103,11,1,0,0,
75.0,passenger_queue_arrival,,,104,12,1,0,0,
75.0,passenger_queue_arrival,,,105,13,1,0,0,
75.0,passenger_queue_arrival,,,106,14,1,0,0,
75.0,passenger_queue_arrival,,,107,15,1,0,0,
75.0,passenger_queue_arrival,,,108,16,1,0,0,
75.0,passenger_queue_arrival,,,109,17,1,0,0,
75.0,passenger_queue_arrival,,,110,18,1,0,0,
75.0,passenger_queue_arrival,,,111,19,1,0,0,
75.0,passenger_queue_arrival,,,112,20,1,0,0,
75.0,passenger_queue_arrival,,,113,21,1,0,0,
75.0,passenger_queue_arrival,,,114,22,1,0,0,
75.0,passenger_queue_arrival,,,115,23,1,0,0,
75.0,landing_start,4,1,,23,1,0,0,landing_time=3
75.0,service_start,,,93,22,1,0,0,service_time_sampled=0.040
78.0,landing_end,4,1,,22,1,0,0,pad_q=1
80.57510075363159,repair,,,,,1,1,1,"element=door, repair_time=5.618"
80.63957450096544,service_end,,,93,22,1,1,1,duration=5.640
80.63957450096544,service_start,,,94,21,1,1,1,service_time_sampled=0.010
80.64957450096544,service_end,,,94,21,1,1,1,duration=0.010
80.64957450096544,service_start,,,95,20,1,1,1,service_time_sampled=0.174
80.82367546708117,service_end,,,95,20,1,1,1,duration=0.174
80.82367546708117,service_start,,,96,19,1,1,1,service_time_sampled=0.180
81.00371637893906,service_end,,,96,19,1,1,1,duration=0.180
81.00371637893906,service_start,,,97,18,1,1,1,service_time_sampled=0.118
81.1216891299295,service_end,,,97,18,1,1,1,duration=0.118
81.1216891299295,service_start,,,98,17,1,1,1,service_time_sampled=0.092
81.21399446726463,service_end,,,98,17,1,1,1,duration=0.092
81.21399446726463,service_start,,,99,16,1,1,1,service_time_sampled=0.033
81.24707118462636,service_end,,,99,16,1,1,1,duration=0.033
81.24707118462636,service_start,,,100,15,1,1,1,service_time_sampled=0.023
81.27002174454219,service_end,,,100,15,1,1,1,duration=0.023
81.27002174454219,service_start,,,101,14,1,1,1,service_time_sampled=0.038
81.308397161169,service_end,,,101,14,1,1,1,duration=0.038
81.308397161169,service_start,,,102,13,1,1,1,service_time_sampled=0.091
81.39974152193098,service_end,,,102,13,1,1,1,duration=0.091
81.39974152193098,service_start,,,103,12,1,1,1,service_time_sampled=0.152
81.55188992023416,service_end,,,103,12,1,1,1,duration=0.152
81.55188992023416,service_start,,,104,11,1,1,1,service_time_sampled=0.336
81.88827990715507,service_end,,,104,11,1,1,1,duration=0.336
81.88827990715507,service_start,,,105,10,1,1,1,service_time_sampled=0.132
82.0,plane_arrive,5,1,,10,1,1,1,air_q=1
82.02066656623172,service_end,,,105,10,1,1,1,duration=0.132
82.02066656623172,service_start,,,106,9,1,1,1,service_time_sampled=0.077
82.09721515811974,service_end,,,106,9,1,1,1,duration=0.077
82.09721515811974,service_start,,,107,8,1,1,1,service_time_sampled=0.172
82.20152735485159,failure,,,,,1,0,0,element=door
82.20152735485159,service_interrupted,,,107,8,1,0,0,remaining=0.068
85.0,unload_end,4,1,,8,1,0,0,
85.0,passengers_spawned,4,1,,8,1,0,0,count=20
85.0,passenger_queue_arrival,,,116,9,1,0,0,
85.0,passenger_queue_arrival,,,117,10,1,0,0,
85.0,passenger_queue_arrival,,,118,11,1,0,0,
85.0,passenger_queue_arrival,,,119,12,1,0,0,
85.0,passenger_queue_arrival,,,120,13,1,0,0,
85.0,passenger_queue_arrival,,,121,14,1,0,0,
85.0,passenger_queue_arrival,,,122,15,1,0,0,
85.0,passenger_queue_arrival,,,123,16,1,0,0,
85.0,passenger_queue_arrival,,,124,17,1,0,0,
85.0,passenger_queue_arrival,,,125,18,1,0,0,
85.0,passenger_queue_arrival,,,126,19,1,0,0,
85.0,passenger_queue_arrival,,,127,20,1,0,0,
85.0,passenger_queue_arrival,,,128,21,1,0,0,
85.0,passenger_queue_arrival,,,129,22,1,0,0,
85.0,passenger_queue_arrival,,,130,23,1,0,0,
85.0,passenger_queue_arrival,,,131,24,1,0,0,
85.0,passenger_queue_arrival,,,132,25,1,0,0,
85.0,passenger_queue_arrival,,,133,26,1,0,0,
85.0,passenger_queue_arrival,,,134,27,1,0,0,
85.0,passenger_queue_arrival,,,135,28,1,0,0,
85.0,landing_start,5,1,,28,1,0,0,landing_time=3
88.0,landing_end,5,1,,28,1,0,0,pad_q=1
88.65073254312574,failure,,,,,0,0,0,element=scanner
90.37111536312058,repair,,,,,0,1,0,"element=door, repair_time=8.170"
95.0,unload_end,5,1,,28,0,1,0,
95.0,passengers_spawned,5,1,,28,0,1,0,count=27
95.0,passenger_queue_arrival,,,136,29,0,1,0,
95.0,passenger_queue_arrival,,,137,30,0,1,0,
95.0,passenger_queue_arrival,,,138,31,0,1,0,
95.0,passenger_queue_arrival,,,139,32,0,1,0,
95.0,passenger_queue_arrival,,,140,33,0,1,0,
95.0,passenger_queue_arrival,,,141,34,0,1,0,
95.0,passenger_queue_arrival,,,142,35,0,1,0,
95.0,passenger_queue_arrival,,,143,36,0,1,0,
95.0,passenger_queue_arrival,,,144,37,0,1,0,
95.0,passenger_queue_arrival,,,145,38,0,1,0,
95.0,passenger_queue_arrival,,,146,39,0,1,0,
95.0,passenger_queue_arrival,,,147,40,0,1,0,
95.0,passenger_queue_arrival,,,148,41,0,1,0,
95.0,passenger_queue_arrival,,,149,42,0,1,0,
95.0,passenger_queue_arrival,,,150,43,0,1,0,
95.0,passenger_queue_arrival,,,151,44,0,1,0,
95.0,passenger_queue_arrival,,,152,45,0,1,0,
95.0,passenger_queue_arrival,,,153,46,0,1,0,
95.0,passenger_queue_arrival,,,154,47,0,1,0,
95.0,passenger_queue_arrival,,,155,48,0,1,0,
95.0,passenger_queue_arrival,,,156,49,0,1,0,
95.0,passenger_queue_arrival,,,157,50,0,1,0,
95.0,passenger_queue_arrival,,,158,51,0,1,0,
95.0,passenger_queue_arrival,,,159,52,0,1,0,
95.0,passenger_queue_arrival,,,160,53,0,1,0,
95.0,passenger_queue_arrival,,,161,54,0,1,0,
95.0,passenger_queue_arrival,,,162,55,0,1,0,
95.80350162579458,repair,,,,,1,1,1,"element=scanner, repair_time=7.153"
95.91855258954429,service_end,,,107,55,1,1,1,duration=13.821
95.91855258954429,service_start,,,108,54,1,1,1,service_time_sampled=0.158
96.07675776224586,service_end,,,108,54,1,1,1,duration=0.158
96.07675776224586,service_start,,,109,53,1,1,1,service_time_sampled=0.031
96.10759311535702,service_end,,,109,53,1,1,1,duration=0.031
96.10759311535702,service_start,,,110,52,1,1,1,service_time_sampled=0.069
96.17613816293516,service_end,,,110,52,1,1,1,duration=0.069
96.17613816293516,service_start,,,111,51,1,1,1,service_time_sampled=0.251
96.42757489102871,service_end,,,111,51,1,1,1,duration=0.251
96.42757489102871,service_start,,,112,50,1,1,1,service_time_sampled=0.198
96.6254072398752,service_end,,,112,50,1,1,1,duration=0.198
96.6254072398752,service_start,,,113,49,1,1,1,service_time_sampled=0.030
96.65552668529565,service_end,,,113,49,1,1,1,duration=0.030
96.65552668529565,service_start,,,114,48,1,1,1,service_time_sampled=0.215
96.87033170519837,service_end,,,114,48,1,1,1,duration=0.215
96.87033170519837,service_start,,,115,47,1,1,1,service_time_sampled=0.052
96.92199877623584,service_end,,,115,47,1,1,1,duration=0.052
96.92199877623584,service_start,,,116,46,1,1,1,service_time_sampled=0.010
96.93199877623584,service_end,,,116,46,1,1,1,duration=0.010
96.93199877623584,service_start,,,117,45,1,1,1,service_time_sampled=0.340
97.27215274143781,service_end,,,117,45,1,1,1,duration=0.340
97.27215274143781,service_start,,,118,44,1,1,1,service_time_sampled=0.109
97.38132729989579,service_end,,,118,44,1,1,1,duration=0.109
97.38132729989579,service_start,,,119,43,1,1,1,service_time_sampled=0.169
97.48269020396738,failure,,,,,1,0,0,element=door
97.48269020396738,service_interrupted,,,119,43,1,0,0,remaining=0.068
104.0383049210531,repair,,,,,1,1,1,"element=door, repair_time=6.556"
104.15065794684801,service_end,,,119,43,1,1,1,duration=6.769
104.15065794684801,service_start,,,120,42,1,1,1,service_time_sampled=0.098
104.24912953595197,service_end,,,120,42,1,1,1,duration=0.098
104.24912953595197,service_start,,,121,41,1,1,1,service_time_sampled=0.321
104.57055992397905,service_end,,,121,41,1,1,1,duration=0.321
104.57055992397905,service_start,,,122,40,1,1,1,service_time_sampled=0.020
104.59094531849108,service_end,,,122,40,1,1,1,duration=0.020
104.59094531849108,service_start,,,123,39,1,1,1,service_time_sampled=0.447
105.03747796534857,service_end,,,123,39,1,1,1,duration=0.447
105.03747796534857,service_start,,,124,38,1,1,1,service_time_sampled=0.121
105.15859549305252,service_end,,,124,38,1,1,1,duration=0.121
105.15859549305252,service_start,,,125,37,1,1,1,service_time_sampled=0.161
105.32004132878153,service_end,,,125,37,1,1,1,duration=0.161
105.32004132878153,service_start,,,126,36,1,1,1,service_time_sampled=0.147
105.46709104255383,service_end,,,126,36,1,1,1,duration=0.147
105.46709104255383,service_start,,,127,35,1,1,1,service_time_sampled=0.180
105.64758611073756,service_end,,,127,35,1,1,1,duration=0.180
105.64758611073756,service_start,,,128,34,1,1,1,service_time_sampled=0.027
105.6748719400339,service_end,,,128,34,1,1,1,duration=0.027
105.6748719400339,service_start,,,129,33,1,1,1,service_time_sampled=0.115
105.7902727654195,service_end,,,129,33,1,1,1,duration=0.115
105.7902727654195,service_start,,,130,32,1,1,1,service_time_sampled=0.034
105.82391647872954,service_end,,,130,32,1,1,1,duration=0.034
105.82391647872954,service_start,,,131,31,1,1,1,service_time_sampled=0.014
105.8382230863137,service_end,,,131,31,1,1,1,duration=0.014
105.8382230863137,service_start,,,132,30,1,1,1,service_time_sampled=0.047
105.88512343388227,service_end,,,132,30,1,1,1,duration=0.047
105.88512343388227,service_start,,,133,29,1,1,1,service_time_sampled=0.301
106.18600179193142,service_end,,,133,29,1,1,1,duration=0.301
106.18600179193142,service_start,,,134,28,1,1,1,service_time_sampled=0.353
106.53927384161314,service_end,,,134,28,1,1,1,duration=0.353
106.53927384161314,service_start,,,135,27,1,1,1,service_time_sampled=0.083
106.62231203661405,service_end,,,135,27,1,1,1,duration=0.083
106.62231203661405,service_start,,,136,26,1,1,1,service_time_sampled=0.120
106.74211324810784,service_end,,,136,26,1,1,1,duration=0.120
106.74211324810784,service_start,,,137,25,1,1,1,service_time_sampled=0.025
106.76710126225187,service_end,,,137,25,1,1,1,duration=0.025
106.76710126225187,service_start,,,138,24,1,1,1,service_time_sampled=0.043
106.80995668317136,service_end,,,138,24,1,1,1,duration=0.043
106.80995668317136,service_start,,,139,23,1,1,1,service_time_sampled=0.130
106.93967005095023,service_end,,,139,23,1,1,1,duration=0.130
106.93967005095023,service_start,,,140,22,1,1,1,service_time_sampled=0.042
106.98161430933216,service_end,,,140,22,1,1,1,duration=0.042
106.98161430933216,service_start,,,141,21,1,1,1,service_time_sampled=0.181
107.16265012418397,service_end,,,141,21,1,1,1,duration=0.181
107.16265012418397,service_start,,,142,20,1,1,1,service_time_sampled=0.218
107.38025575693025,service_end,,,142,20,1,1,1,duration=0.218
107.38025575693025,service_start,,,143,19,1,1,1,service_time_sampled=0.075
107.45499205898426,service_end,,,143,19,1,1,1,duration=0.075
107.45499205898426,service_start,,,144,18,1,1,1,service_time_sampled=0.065
107.51994125816819,service_end,,,144,18,1,1,1,duration=0.065
107.51994125816819,service_start,,,145,17,1,1,1,service_time_sampled=0.023
107.54317923295596,service_end,,,145,17,1,1,1,duration=0.023
107.54317923295596,service_start,,,146,16,1,1,1,service_time_sampled=0.032
107.57521921567398,service_end,,,146,16,1,1,1,duration=0.032
107.57521921567398,service_start,,,147,15,1,1,1,service_time_sampled=0.218
107.79367362913695,service_end,,,147,15,1,1,1,duration=0.218
107.79367362913695,service_start,,,148,14,1,1,1,service_time_sampled=0.038
107.83135588454596,service_end,,,148,14,1,1,1,duration=0.038
107.83135588454596,service_start,,,149,13,1,1,1,service_time_sampled=0.010
107.84135588454596,service_end,,,149,13,1,1,1,duration=0.010
107.84135588454596,service_start,,,150,12,1,1,1,service_time_sampled=0.167
108.00861127751907,service_end,,,150,12,1,1,1,duration=0.167
108.00861127751907,service_start,,,151,11,1,1,1,service_time_sampled=0.204
108.21303961592261,service_end,,,151,11,1,1,1,duration=0.204
108.21303961592261,service_start,,,152,10,1,1,1,service_time_sampled=0.243
108.4557110138342,service_end,,,152,10,1,1,1,duration=0.243
108.4557110138342,service_start,,,153,9,1,1,1,service_time_sampled=0.176
108.63156128244009,service_end,,,153,9,1,1,1,duration=0.176
108.63156128244009,service_start,,,154,8,1,1,1,service_time_sampled=0.020
108.65116652073944,service_end,,,154,8,1,1,1,duration=0.020
108.65116652073944,service_start,,,155,7,1,1,1,service_time_sampled=0.081
108.73259944897163,service_end,,,155,7,1,1,1,duration=0.081
108.73259944897163,service_start,,,156,6,1,1,1,service_time_sampled=0.072
108.80481606366075,service_end,,,156,6,1,1,1,duration=0.072
108.80481606366075,service_start,,,157,5,1,1,1,service_time_sampled=0.089
108.89339993368355,service_end,,,157,5,1,1,1,duration=0.089
108.89339993368355,service_start,,,158,4,1,1,1,service_time_sampled=0.152
109.04567145179782,service_end,,,158,4,1,1,1,duration=0.152
109.04567145179782,service_start,,,159,3,1,1,1,service_time_sampled=0.146
109.19139761752173,service_end,,,159,3,1,1,1,duration=0.146
109.19139761752173,service_start,,,160,2,1,1,1,service_time_sampled=0.153
109.344336467874,service_end,,,160,2,1,1,1,duration=0.153
109.344336467874,service_start,,,161,1,1,1,1,service_time_sampled=0.361
109.70583133769145,service_end,,,161,1,1,1,1,duration=0.361
109.70583133769145,service_start,,,162,0,1,1,1,service_time_sampled=0.204
109.90942272584522,service_end,,,162,0,1,1,1,duration=0.204
119.07105904012818,failure,,,,,1,0,0,element=door
127.30874970596804,repair,,,,,1,1,1,"element=door, repair_time=8.238"
132.0,plane_arrive,6,3,,0,1,1,1,air_q=1
132.0,landing_start,6,3,,0,1,1,1,landing_time=2
134.0,landing_end,6,3,,0,1,1,1,pad_q=1
141.0,unload_end,6,3,,0,1,1,1,
141.0,passengers_spawned,6,3,,0,1,1,1,count=47
141.0,passenger_queue_arrival,,,163,1,1,1,1,
141.0,passenger_queue_arrival,,,164,2,1,1,1,
141.0,passenger_queue_arrival,,,165,3,1,1,1,
141.0,passenger_queue_arrival,,,166,4,1,1,1,
141.0,passenger_queue_arrival,,,167,5,1,1,1,
141.0,passenger_queue_arrival,,,168,6,1,1,1,
141.0,passenger_queue_arrival,,,169,7,1,1,1,
141.0,passenger_queue_arrival,,,170,8,1,1,1,
141.0,passenger_queue_arrival,,,171,9,1,1,1,
141.0,passenger_queue_arrival,,,172,10,1,1,1,
141.0,passenger_queue_arrival,,,173,11,1,1,1,
141.0,passenger_queue_arrival,,,174,12,1,1,1,
141.0,passenger_queue_arrival,,,175,13,1,1,1,
141.0,passenger_queue_arrival,,,176,14,1,1,1,
141.0,passenger_queue_arrival,,,177,15,1,1,1,
141.0,passenger_queue_arrival,,,178,16,1,1,1,
141.0,passenger_queue_arrival,,,179,17,1,1,1,
141.0,passenger_queue_arrival,,,180,18,1,1,1,
141.0,passenger_queue_arrival,,,181,19,1,1,1,
141.0,passenger_queue_arrival,,,182,20,1,1,1,
141.0,passenger_queue_arrival,,,183,21,1,1,1,
141.0,passenger_queue_arrival,,,184,22,1,1,1,
141.0,passenger_queue_arrival,,,185,23,1,1,1,
141.0,passenger_queue_arrival,,,186,24,1,1,1,
141.0,passenger_queue_arrival,,,187,25,1,1,1,
141.0,passenger_queue_arrival,,,188,26,1,1,1,
141.0,passenger_queue_arrival,,,189,27,1,1,1,
141.0,passenger_queue_arrival,,,190,28,1,1,1,
141.0,passenger_queue_arrival,,,191,29,1,1,1,
141.0,passenger_queue_arrival,,,192,30,1,1,1,
141.0,passenger_queue_arrival,,,193,31,1,1,1,
141.0,passenger_queue_arrival,,,194,32,1,1,1,
141.0,passenger_queue_arrival,,,195,33,1,1,1,
141.0,passenger_queue_arrival,,,196,34,1,1,1,
141.0,passenger_queue_arrival,,,197,35,1,1,1,
141.0,passenger_queue_arrival,,,198,36,1,1,1,
141.0,passenger_queue_arrival,,,199,37,1,1,1,
141.0,passenger_queue_arrival,,,200,38,1,1,1,
141.0,passenger_queue_arrival,,,201,39,1,1,1,
141.0,passenger_queue_arrival,,,202,40,1,1,1,
141.0,passenger_queue_arrival,,,203,41,1,1,1,
141.0,passenger_queue_arrival,,,204,42,1,1,1,
141.0,passenger_queue_arrival,,,205,43,1,1,1,
141.0,passenger_queue_arrival,,,206,44,1,1,1,
141.0,passenger_queue_arrival,,,207,45,1,1,1,
141.0,passenger_queue_arrival,,,208,46,1,1,1,
141.0,passenger_queue_arrival,,,209,47,1,1,1,
141.0,service_start,,,163,46,1,1,1,service_time_sampled=0.065
141.06514145578038,service_end,,,163,46,1,1,1,duration=0.065
141.06514145578038,service_start,,,164,45,1,1,1,service_time_sampled=0.201
141.26622471034935,service_end,,,164,45,1,1,1,duration=0.201
141.26622471034935,service_start,,,165,44,1,1,1,service_time_sampled=0.097
141.3632684574593,service_end,,,165,44,1,1,1,duration=0.097
141.3632684574593,service_start,,,166,43,1,1,1,service_time_sampled=0.077
141.44013969875394,service_end,,,166,43,1,1,1,duration=0.077
141.44013969875394,service_start,,,167,42,1,1,1,service_time_sampled=0.061
141.5007905063933,service_end,,,167,42,1,1,1,duration=0.061
141.5007905063933,service_start,,,168,41,1,1,1,service_time_sampled=0.100
141.60084663176616,service_end,,,168,41,1,1,1,duration=0.100
141.60084663176616,service_start,,,169,40,1,1,1,service_time_sampled=0.092
141.69263655430578,service_end,,,169,40,1,1,1,duration=0.092
141.69263655430578,service_start,,,170,39,1,1,1,service_time_sampled=0.077
141.76992559450403,service_end,,,170,39,1,1,1,duration=0.077
141.76992559450403,service_start,,,171,38,1,1,1,service_time_sampled=0.010
141.77992559450402,service_end,,,171,38,1,1,1,duration=0.010
141.77992559450402,service_start,,,172,37,1,1,1,service_time_sampled=0.123
141.90316717173044,service_end,,,172,37,1,1,1,duration=0.123
141.90316717173044,service_start,,,173,36,1,1,1,service_time_sampled=0.216
142.11894166688498,service_end,,,173,36,1,1,1,duration=0.216
142.11894166688498,service_start,,,174,35,1,1,1,service_time_sampled=0.042
142.16070007344504,service_end,,,174,35,1,1,1,duration=0.042
142.16070007344504,service_start,,,175,34,1,1,1,service_time_sampled=0.042
142.2028191101178,service_end,,,175,34,1,1,1,duration=0.042
142.2028191101178,service_start,,,176,33,1,1,1,service_time_sampled=0.035
142.2380384668146,service_end,,,176,33,1,1,1,duration=0.035
142.2380384668146,service_start,,,177,32,1,1,1,service_time_sampled=0.251
142.48885851908,service_end,,,177,32,1,1,1,duration=0.251
142.48885851908,service_start,,,178,31,1,1,1,service_time_sampled=0.010
142.49885851908,service_end,,,178,31,1,1,1,duration=0.010
142.49885851908,service_start,,,179,30,1,1,1,service_time_sampled=0.108
142.60695610245614,service_end,,,179,30,1,1,1,duration=0.108
142.60695610245614,service_start,,,180,29,1,1,1,service_time_sampled=0.129
142.73638290521916,service_end,,,180,29,1,1,1,duration=0.129
142.73638290521916,service_start,,,181,28,1,1,1,service_time_sampled=0.010
142.74638290521915,service_end,,,181,28,1,1,1,duration=0.010
142.74638290521915,service_start,,,182,27,1,1,1,service_time_sampled=0.246
142.9928353966853,service_end,,,182,27,1,1,1,duration=0.246
142.9928353966853,service_start,,,183,26,1,1,1,service_time_sampled=0.262
143.25452218757374,service_end,,,183,26,1,1,1,duration=0.262
143.25452218757374,service_start,,,184,25,1,1,1,service_time_sampled=0.017
143.2718353748049,service_end,,,184,25,1,1,1,duration=0.017
143.2718353748049,service_start,,,185,24,1,1,1,service_time_sampled=0.010
143.2818353748049,service_end,,,185,24,1,1,1,duration=0.010
143.2818353748049,service_start,,,186,23,1,1,1,service_time_sampled=0.584
143.86581233873898,service_end,,,186,23,1,1,1,duration=0.584
143.86581233873898,service_start,,,187,22,1,1,1,service_time_sampled=0.077
143.9427675555289,service_end,,,187,22,1,1,1,duration=0.077
143.9427675555289,service_start,,,188,21,1,1,1,service_time_sampled=0.132
144.0,plane_arrive,7,1,,21,1,1,1,air_q=1
144.0,landing_start,7,1,,21,1,1,1,landing_time=3
144.07438240884534,service_end,,,188,21,1,1,1,duration=0.132
144.07438240884534,service_start,,,189,20,1,1,1,service_time_sampled=0.044
144.11800879281458,service_end,,,189,20,1,1,1,duration=0.044
144.11800879281458,service_start,,,190,19,1,1,1,service_time_sampled=0.422
144.5400188854457,service_end,,,190,19,1,1,1,duration=0.422
144.5400188854457,service_start,,,191,18,1,1,1,service_time_sampled=0.047
144.58678906721602,service_end,,,191,18,1,1,1,duration=0.047
144.58678906721602,service_start,,,192,17,1,1,1,service_time_sampled=0.010
144.596789067216,service_end,,,192,17,1,1,1,duration=0.010
144.596789067216,service_start,,,193,16,1,1,1,service_time_sampled=0.085
144.6819616559446,service_end,,,193,16,1,1,1,duration=0.085
144.6819616559446,service_start,,,194,15,1,1,1,service_time_sampled=0.072
144.75361780856767,service_end,,,194,15,1,1,1,duration=0.072
144.75361780856767,service_start,,,195,14,1,1,1,service_time_sampled=0.056
144.80933767603298,service_end,,,195,14,1,1,1,duration=0.056
144.80933767603298,service_start,,,196,13,1,1,1,service_time_sampled=0.017
144.82613837085356,service_end,,,196,13,1,1,1,duration=0.017
144.82613837085356,service_start,,,197,12,1,1,1,service_time_sampled=0.262
145.08835472198902,service_end,,,197,12,1,1,1,duration=0.262
145.08835472198902,service_start,,,198,11,1,1,1,service_time_sampled=0.029
145.1174494835973,service_end,,,198,11,1,1,1,duration=0.029
145.1174494835973,service_start,,,199,10,1,1,1,service_time_sampled=0.069
145.18663900165356,service_end,,,199,10,1,1,1,duration=0.069
145.18663900165356,service_start,,,200,9,1,1,1,service_time_sampled=0.067
145.25379100442458,service_end,,,200,9,1,1,1,duration=0.067
145.25379100442458,service_start,,,201,8,1,1,1,service_time_sampled=0.010
145.26379100442458,service_end,,,201,8,1,1,1,duration=0.010
145.26379100442458,service_start,,,202,7,1,1,1,service_time_sampled=0.134
145.39777804291487,service_end,,,202,7,1,1,1,duration=0.134
145.39777804291487,service_start,,,203,6,1,1,1,service_time_sampled=0.031
145.42900474752435,service_end,,,203,6,1,1,1,duration=0.031
145.42900474752435,service_start,,,204,5,1,1,1,service_time_sampled=0.054
145.48276575601594,service_end,,,204,5,1,1,1,duration=0.054
145.48276575601594,service_start,,,205,4,1,1,1,service_time_sampled=0.097
145.5802244927725,service_end,,,205,4,1,1,1,duration=0.097
145.5802244927725,service_start,,,206,3,1,1,1,service_time_sampled=0.071
145.6515406853993,service_end,,,206,3,1,1,1,duration=0.071
145.6515406853993,service_start,,,207,2,1,1,1,service_time_sampled=0.089
145.7401351504608,service_end,,,207,2,1,1,1,duration=0.089
145.7401351504608,service_start,,,208,1,1,1,1,service_time_sampled=0.603
146.34305108899457,service_end,,,208,1,1,1,1,duration=0.603
146.34305108899457,service_start,,,209,0,1,1,1,service_time_sampled=0.084
146.42746986612488,service_end,,,209,0,1,1,1,duration=0.084
147.0,landing_end,7,1,,0,1,1,1,pad_q=1
154.0,unload_end,7,1,,0,1,1,1,
154.0,passengers_spawned,7,1,,0,1,1,1,count=22
154.0,passenger_queue_arrival,,,210,1,1,1,1,
154.0,passenger_queue_arrival,,,211,2,1,1,1,
154.0,passenger_queue_arrival,,,212,3,1,1,1,
154.0,passenger_queue_arrival,,,213,4,1,1,1,
154.0,passenger_queue_arrival,,,214,5,1,1,1,
154.0,passenger_queue_arrival,,,215,6,1,1,1,
154.0,passenger_queue_arrival,,,216,7,1,1,1,
154.0,passenger_queue_arrival,,,217,8,1,1,1,
154.0,passenger_queue_arrival,,,218,9,1,1,1,
154.0,passenger_queue_arrival,,,219,10,1,1,1,
154.0,passenger_queue_arrival,,,220,11,1,1,1,
154.0,passenger_queue_arrival,,,221,12,1,1,1,
154.0,passenger_queue_arrival,,,222,13,1,1,1,
154.0,passenger_queue_arrival,,,223,14,1,1,1,
154.0,passenger_queue_arrival,,,224,15,1,1,1,
154.0,passenger_queue_arrival,,,225,16,1,1,1,
154.0,passenger_queue_arrival,,,226,17,1,1,1,
154.0,passenger_queue_arrival,,,227,18,1,1,1,
154.0,passenger_queue_arrival,,,228,19,1,1,1,
154.0,passenger_queue_arrival,,,229,20,1,1,1,
154.0,passenger_queue_arrival,,,230,21,1,1,1,
154.0,passenger_queue_arrival,,,231,22,1,1,1,
154.0,service_start,,,210,21,1,1,1,service_time_sampled=0.239
154.2394784159735,service_end,,,210,21,1,1,1,duration=0.239
154.2394784159735,service_start,,,211,20,1,1,1,service_time_sampled=0.125
154.36478083822752,service_end,,,211,20,1,1,1,duration=0.125
154.36478083822752,service_start,,,212,19,1,1,1,service_time_sampled=0.016
154.38032136954504,service_end,,,212,19,1,1,1,duration=0.016
154.38032136954504,service_start,,,213,18,1,1,1,service_time_sampled=0.077
154.45715766608953,service_end,,,213,18,1,1,1,duration=0.077
154.45715766608953,service_start,,,214,17,1,1,1,service_time_sampled=0.134
154.5910539740178,service_end,,,214,17,1,1,1,duration=0.134
154.5910539740178,service_start,,,215,16,1,1,1,service_time_sampled=0.143
154.73451229105714,service_end,,,215,16,1,1,1,duration=0.143
154.73451229105714,service_start,,,216,15,1,1,1,service_time_sampled=0.012
154.74644075546166,service_end,,,216,15,1,1,1,duration=0.012
154.74644075546166,service_start,,,217,14,1,1,1,service_time_sampled=0.074
154.82008533541597,service_end,,,217,14,1,1,1,duration=0.074
154.82008533541597,service_start,,,218,13,1,1,1,service_time_sampled=0.084
154.90370055596108,service_end,,,218,13,1,1,1,duration=0.084
154.90370055596108,service_start,,,219,12,1,1,1,service_time_sampled=0.010
154.91370055596107,service_end,,,219,12,1,1,1,duration=0.010
154.91370055596107,service_start,,,220,11,1,1,1,service_time_sampled=0.084
154.99733615378608,service_end,,,220,11,1,1,1,duration=0.084
154.99733615378608,service_start,,,221,10,1,1,1,service_time_sampled=0.304
155.3008952626163,service_end,,,221,10,1,1,1,duration=0.304
155.3008952626163,service_start,,,222,9,1,1,1,service_time_sampled=0.022
155.32261258360367,service_end,,,222,9,1,1,1,duration=0.022
155.32261258360367,service_start,,,223,8,1,1,1,service_time_sampled=0.060
155.38301826359057,service_end,,,223,8,1,1,1,duration=0.060
155.38301826359057,service_start,,,224,7,1,1,1,service_time_sampled=0.031
155.41417783548079,service_end,,,224,7,1,1,1,duration=0.031
155.41417783548079,service_start,,,225,6,1,1,1,service_time_sampled=0.091
155.50492509903594,service_end,,,225,6,1,1,1,duration=0.091
155.50492509903594,service_start,,,226,5,1,1,1,service_time_sampled=0.157
155.66200748100349,service_end,,,226,5,1,1,1,duration=0.157
155.66200748100349,service_start,,,227,4,1,1,1,service_time_sampled=0.138
155.80030767672025,service_end,,,227,4,1,1,1,duration=0.138
155.80030767672025,service_start,,,228,3,1,1,1,service_time_sampled=0.018
155.81786707411158,service_end,,,228,3,1,1,1,duration=0.018
155.81786707411158,service_start,,,229,2,1,1,1,service_time_sampled=0.158
155.97591110359906,service_end,,,229,2,1,1,1,duration=0.158
155.97591110359906,service_start,,,230,1,1,1,1,service_time_sampled=0.129
156.1045667865657,service_end,,,230,1,1,1,1,duration=0.129
156.1045667865657,service_start,,,231,0,1,1,1,service_time_sampled=0.357
156.46157770023387,service_end,,,231,0,1,1,1,duration=0.357
181.0,plane_arrive,8,3,,0,1,1,1,air_q=1
181.0,landing_start,8,3,,0,1,1,1,landing_time=4
185.0,landing_end,8,3,,0,1,1,1,pad_q=1
186.0,plane_arrive,9,1,,0,1,1,1,air_q=1
187.0,plane_arrive,10,3,,0,1,1,1,air_q=2
192.0,unload_end,8,3,,0,1,1,1,
192.0,passengers_spawned,8,3,,0,1,1,1,count=59
192.0,passenger_queue_arrival,,,232,1,1,1,1,
192.0,passenger_queue_arrival,,,233,2,1,1,1,
192.0,passenger_queue_arrival,,,234,3,1,1,1,
192.0,passenger_queue_arrival,,,235,4,1,1,1,
192.0,passenger_queue_arrival,,,236,5,1,1,1,
192.0,passenger_queue_arrival,,,237,6,1,1,1,
192.0,passenger_queue_arrival,,,238,7,1,1,1,
192.0,passenger_queue_arrival,,,239,8,1,1,1,
192.0,passenger_queue_arrival,,,240,9,1,1,1,
192.0,passenger_queue_arrival,,,241,10,1,1,1,
192.0,passenger_queue_arrival,,,242,11,1,1,1,
192.0,passenger_queue_arrival,,,243,12,1,1,1,
192.0,passenger_queue_arrival,,,244,13,1,1,1,
192.0,passenger_queue_arrival,,,245,14,1,1,1,
192.0,passenger_queue_arrival,,,246,15,1,1,1,
192.0,passenger_queue_arrival,,,247,16,1,1,1,
192.0,passenger_queue_arrival,,,248,17,1,1,1,
192.0,passenger_queue_arrival,,,249,18,1,1,1,
192.0,passenger_queue_arrival,,,250,19,1,1,1,
192.0,passenger_queue_arrival,,,251,20,1,1,1,
192.0,passenger_queue_arrival,,,252,21,1,1,1,
192.0,passenger_queue_arrival,,,253,22,1,1,1,
192.0,passenger_queue_arrival,,,254,23,1,1,1,
192.0,passenger_queue_arrival,,,255,24,1,1,1,
192.0,passenger_queue_arrival,,,256,25,1,1,1,
192.0,passenger_queue_arrival,,,257,26,1,1,1,
192.0,passenger_queue_arrival,,,258,27,1,1,1,
192.0,passenger_queue_arrival,,,259,28,1,1,1,
192.0,passenger_queue_arrival,,,260,29,1,1,1,
192.0,passenger_queue_arrival,,,261,30,1,1,1,
192.0,passenger_queue_arrival,,,262,31,1,1,1,
192.0,passenger_queue_arrival,,,263,32,1,1,1,
192.0,passenger_queue_arrival,,,264,33,1,1,1,
192.0,passenger_queue_arrival,,,265,34,1,1,1,
192.0,passenger_queue_arrival,,,266,35,1,1,1,
192.0,passenger_queue_arrival,,,267,36,1,1,1,
192.0,passenger_queue_arrival,,,268,37,1,1,1,
192.0,passenger_queue_arrival,,,269,38,1,1,1,
192.0,passenger_queue_arrival,,,270,39,1,1,1,
192.0,passenger_queue_arrival,,,271,40,1,1,1,
192.0,passenger_queue_arrival,,,272,41,1,1,1,
192.0,passenger_queue_arrival,,,273,42,1,1,1,
192.0,passenger_queue_arrival,,,274,43,1,1,1,
192.0,passenger_queue_arrival,,,275,44,1,1,1,
192.0,passenger_queue_arrival,,,276,45,1,1,1,
192.0,passenger_queue_arrival,,,277,46,1,1,1,
192.0,passenger_queue_arrival,,,278,47,1,1,1,
192.0,passenger_queue_arrival,,,279,48,1,1,1,
192.0,passenger_queue_arrival,,,280,49,1,1,1,
192.0,passenger_queue_arrival,,,281,50,1,1,1,
192.0,passenger_queue_arrival,,,282,51,1,1,1,
192.0,passenger_queue_arrival,,,283,52,1,1,1,
192.0,passenger_queue_arrival,,,284,53,1,1,1,
192.0,passenger_queue_arrival,,,285,54,1,1,1,
192.0,passenger_queue_arrival,,,286,55,1,1,1,
192.0,passenger_queue_arrival,,,287,56,1,1,1,
192.0,passenger_queue_arrival,,,288,57,1,1,1,
192.0,passenger_queue_arrival,,,289,58,1,1,1,
192.0,passenger_queue_arrival,,,290,59,1,1,1,
192.0,landing_start,9,1,,59,1,1,1,landing_time=3
192.0,service_start,,,232,58,1,1,1,service_time_sampled=0.077
192.07748845471522,service_end,,,232,58,1,1,1,duration=0.077
192.07748845471522,service_start,,,233,57,1,1,1,service_time_sampled=0.087
192.16485628493385,service_end,,,233,57,1,1,1,duration=0.087
192.16485628493385,service_start,,,234,56,1,1,1,service_time_sampled=0.114
192.27873339548674,service_end,,,234,56,1,1,1,duration=0.114
192.27873339548674,service_start,,,235,55,1,1,1,service_time_sampled=0.104
192.38234368896727,service_end,,,235,55,1,1,1,duration=0.104
192.38234368896727,service_start,,,236,54,1,1,1,service_time_sampled=0.161
192.54343468048168,service_end,,,236,54,1,1,1,duration=0.161
192.54343468048168,service_start,,,237,53,1,1,1,service_time_sampled=0.010
192.55343468048167,service_end,,,237,53,1,1,1,duration=0.010
192.55343468048167,service_start,,,238,52,1,1,1,service_time_sampled=0.018
192.5715415712734,service_end,,,238,52,1,1,1,duration=0.018
192.5715415712734,service_start,,,239,51,1,1,1,service_time_sampled=0.010
192.5815415712734,service_end,,,239,51,1,1,1,duration=0.010
192.5815415712734,service_start,,,240,50,1,1,1,service_time_sampled=0.017
192.5989250916118,service_end,,,240,50,1,1,1,duration=0.017
192.5989250916118,service_start,,,241,49,1,1,1,service_time_sampled=0.087
192.685808113603,service_end,,,241,49,1,1,1,duration=0.087
192.685808113603,service_start,,,242,48,1,1,1,service_time_sampled=0.264
192.9499562282541,service_end,,,242,48,1,1,1,duration=0.264
192.9499562282541,service_start,,,243,47,1,1,1,service_time_sampled=0.107
193.05676105988948,service_end,,,243,47,1,1,1,duration=0.107
193.05676105988948,service_start,,,244,46,1,1,1,service_time_sampled=0.060
193.11688532790112,service_end,,,244,46,1,1,1,duration=0.060
193.11688532790112,service_start,,,245,45,1,1,1,service_time_sampled=0.030
193.14709803833247,service_end,,,245,45,1,1,1,duration=0.030
193.14709803833247,service_start,,,246,44,1,1,1,service_time_sampled=0.159
193.30636521224355,service_end,,,246,44,1,1,1,duration=0.159
193.30636521224355,service_start,,,247,43,1,1,1,service_time_sampled=0.036
193.3423086845861,service_end,,,247,43,1,1,1,duration=0.036
193.3423086845861,service_start,,,248,42,1,1,1,service_time_sampled=0.289
193.6309865752,service_end,,,248,42,1,1,1,duration=0.289
193.6309865752,service_start,,,249,41,1,1,1,service_time_sampled=0.487
194.11774402706334,service_end,,,249,41,1,1,1,duration=0.487
194.11774402706334,service_start,,,250,40,1,1,1,service_time_sampled=0.054
194.17148537531006,service_end,,,250,40,1,1,1,duration=0.054
194.17148537531006,service_start,,,251,39,1,1,1,service_time_sampled=0.023
194.1945860051825,service_end,,,251,39,1,1,1,duration=0.023
194.1945860051825,service_start,,,252,38,1,1,1,service_time_sampled=0.091
194.28589456572035,service_end,,,252,38,1,1,1,duration=0.091
194.28589456572035,service_start,,,253,37,1,1,1,service_time_sampled=0.052
194.33751314392066,service_end,,,253,37,1,1,1,duration=0.052
194.33751314392066,service_start,,,254,36,1,1,1,service_time_sampled=0.023
194.3603969411771,service_end,,,254,36,1,1,1,duration=0.023
194.3603969411771,service_start,,,255,35,1,1,1,service_time_sampled=0.043
194.40343251577656,service_end,,,255,35,1,1,1,duration=0.043
194.40343251577656,service_start,,,256,34,1,1,1,service_time_sampled=0.025
194.42820807971648,service_end,,,256,34,1,1,1,duration=0.025
194.42820807971648,service_start,,,257,33,1,1,1,service_time_sampled=0.232
194.66058805372597,service_end,,,257,33,1,1,1,duration=0.232
194.66058805372597,service_start,,,258,32,1,1,1,service_time_sampled=0.161
194.821104216063,service_end,,,258,32,1,1,1,duration=0.161
194.821104216063,service_start,,,259,31,1,1,1,service_time_sampled=0.192
195.0,landing_end,9,1,,31,1,1,1,pad_q=1
195.01319203376997,service_end,,,259,31,1,1,1,duration=0.192
195.01319203376997,service_start,,,260,30,1,1,1,service_time_sampled=0.033
195.04578465835897,service_end,,,260,30,1,1,1,duration=0.033
195.04578465835897,service_start,,,261,29,1,1,1,service_time_sampled=0.032
195.07771078086205,service_end,,,261,29,1,1,1,duration=0.032
195.07771078086205,service_start,,,262,28,1,1,1,service_time_sampled=0.031
195.10902817308764,service_end,,,262,28,1,1,1,duration=0.031
195.10902817308764,service_start,,,263,27,1,1,1,service_time_sampled=0.041
195.1502263791258,service_end,,,263,27,1,1,1,duration=0.041
195.1502263791258,service_start,,,264,26,1,1,1,service_time_sampled=0.055
195.20564726817443,service_end,,,264,26,1,1,1,duration=0.055
195.20564726817443,service_start,,,265,25,1,1,1,service_time_sampled=0.190
195.39524550091247,service_end,,,265,25,1,1,1,duration=0.190
195.39524550091247,service_start,,,266,24,1,1,1,service_time_sampled=0.028
195.4236384882348,service_end,,,266,24,1,1,1,duration=0.028
195.4236384882348,service_start,,,267,23,1,1,1,service_time_sampled=0.059
195.48265178842573,service_end,,,267,23,1,1,1,duration=0.059
195.48265178842573,service_start,,,268,22,1,1,1,service_time_sampled=0.010
195.49290511929084,service_end,,,268,22,1,1,1,duration=0.010
195.49290511929084,service_start,,,269,21,1,1,1,service_time_sampled=0.056
195.5489843140924,service_end,,,269,21,1,1,1,duration=0.056
195.5489843140924,service_start,,,270,20,1,1,1,service_time_sampled=0.123
195.67160303866046,service_end,,,270,20,1,1,1,duration=0.123
195.67160303866046,service_start,,,271,19,1,1,1,service_time_sampled=0.167
195.83907994707735,service_end,,,271,19,1,1,1,duration=0.167
195.83907994707735,service_start,,,272,18,1,1,1,service_time_sampled=0.020
195.8586386540056,service_end,,,272,18,1,1,1,duration=0.020
195.8586386540056,service_start,,,273,17,1,1,1,service_time_sampled=0.155
196.013160119292,service_end,,,273,17,1,1,1,duration=0.155
196.013160119292,service_start,,,274,16,1,1,1,service_time_sampled=0.049
196.06211835600195,service_end,,,274,16,1,1,1,duration=0.049
196.06211835600195,service_start,,,275,15,1,1,1,service_time_sampled=0.113
196.17527940901792,service_end,,,275,15,1,1,1,duration=0.113
196.17527940901792,service_start,,,276,14,1,1,1,service_time_sampled=0.198
196.3732861800908,service_end,,,276,14,1,1,1,duration=0.198
196.3732861800908,service_start,,,277,13,1,1,1,service_time_sampled=0.027
196.40034477817167,service_end,,,277,13,1,1,1,duration=0.027
196.40034477817167,service_start,,,278,12,1,1,1,service_time_sampled=0.122
196.5220601280469,service_end,,,278,12,1,1,1,duration=0.122
196.5220601280469,service_start,,,279,11,1,1,1,service_time_sampled=0.133
196.65548067817318,service_end,,,279,11,1,1,1,duration=0.133
196.65548067817318,service_start,,,280,10,1,1,1,service_time_sampled=0.268
196.92345381652936,service_end,,,280,10,1,1,1,duration=0.268
196.92345381652936,service_start,,,281,9,1,1,1,service_time_sampled=0.111
197.03464614443416,service_end,,,281,9,1,1,1,duration=0.111
197.03464614443416,service_start,,,282,8,1,1,1,service_time_sampled=0.217
197.25195273041044,service_end,,,282,8,1,1,1,duration=0.217
197.25195273041044,service_start,,,283,7,1,1,1,service_time_sampled=0.106
197.35772524933708,service_end,,,283,7,1,1,1,duration=0.106
197.35772524933708,service_start,,,284,6,1,1,1,service_time_sampled=0.114
197.47197146700736,service_end,,,284,6,1,1,1,duration=0.114
197.47197146700736,service_start,,,285,5,1,1,1,service_time_sampled=0.047
197.5193955147462,service_end,,,285,5,1,1,1,duration=0.047
197.5193955147462,service_start,,,286,4,1,1,1,service_time_sampled=0.046
197.5655968184293,service_end,,,286,4,1,1,1,duration=0.046
197.5655968184293,service_start,,,287,3,1,1,1,service_time_sampled=0.164
197.72913382805982,service_end,,,287,3,1,1,1,duration=0.164
197.72913382805982,service_start,,,288,2,1,1,1,service_time_sampled=0.014
197.74335967270883,service_end,,,288,2,1,1,1,duration=0.014
197.74335967270883,service_start,,,289,1,1,1,1,service_time_sampled=0.174
197.91714557113542,service_end,,,289,1,1,1,1,duration=0.174
197.91714557113542,service_start,,,290,0,1,1,1,service_time_sampled=0.118
198.03488416629716,service_end,,,290,0,1,1,1,duration=0.118
202.0,unload_end,9,1,,0,1,1,1,
202.0,passengers_spawned,9,1,,0,1,1,1,count=21
202.0,passenger_queue_arrival,,,291,1,1,1,1,
202.0,passenger_queue_arrival,,,292,2,1,1,1,
202.0,passenger_queue_arrival,,,293,3,1,1,1,
202.0,passenger_queue_arrival,,,294,4,1,1,1,
202.0,passenger_queue_arrival,,,295,5,1,1,1,
202.0,passenger_queue_arrival,,,296,6,1,1,1,
202.0,passenger_queue_arrival,,,297,7,1,1,1,
202.0,passenger_queue_arrival,,,298,8,1,1,1,
202.0,passenger_queue_arrival,,,299,9,1,1,1,
202.0,passenger_queue_arrival,,,300,10,1,1,1,
202.0,passenger_queue_arrival,,,301,11,1,1,1,
202.0,passenger_queue_arrival,,,302,12,1,1,1,
202.0,passenger_queue_arrival,,,303,13,1,1,1,
202.0,passenger_queue_arrival,,,304,14,1,1,1,
202.0,passenger_queue_arrival,,,305,15,1,1,1,
202.0,passenger_queue_arrival,,,306,16,1,1,1,
202.0,passenger_queue_arrival,,,307,17,1,1,1,
202.0,passenger_queue_arrival,,,308,18,1,1,1,
202.0,passenger_queue_arrival,,,309,19,1,1,1,
202.0,passenger_queue_arrival,,,310,20,1,1,1,
202.0,passenger_queue_arrival,,,311,21,1,1,1,
202.0,landing_start,10,3,,21,1,1,1,landing_time=2
202.0,service_start,,,291,20,1,1,1,service_time_sampled=0.126
202.12579396719252,service_end,,,291,20,1,1,1,duration=0.126
202.12579396719252,service_start,,,292,19,1,1,1,service_time_sampled=0.223
202.3489705038768,service_end,,,292,19,1,1,1,duration=0.223
202.3489705038768,service_start,,,293,18,1,1,1,service_time_sampled=0.106
202.4553589981227,service_end,,,293,18,1,1,1,duration=0.106
202.4553589981227,service_start,,,294,17,1,1,1,service_time_sampled=0.194
202.64917671316766,service_end,,,294,17,1,1,1,duration=0.194
202.64917671316766,service_start,,,295,16,1,1,1,service_time_sampled=0.182
202.83120276721556,service_end,,,295,16,1,1,1,duration=0.182
202.83120276721556,service_start,,,296,15,1,1,1,service_time_sampled=0.024
202.8553985058418,service_end,,,296,15,1,1,1,duration=0.024
202.8553985058418,service_start,,,297,14,1,1,1,service_time_sampled=0.090
202.94534521818937,service_end,,,297,14,1,1,1,duration=0.090
202.94534521818937,service_start,,,298,13,1,1,1,service_time_sampled=0.051
202.99592382294742,service_end,,,298,13,1,1,1,duration=0.051
202.99592382294742,service_start,,,299,12,1,1,1,service_time_sampled=0.316
203.31152332388052,service_end,,,299,12,1,1,1,duration=0.316
203.31152332388052,service_start,,,300,11,1,1,1,service_time_sampled=0.044
203.35506967638466,service_end,,,300,11,1,1,1,duration=0.044
203.35506967638466,service_start,,,301,10,1,1,1,service_time_sampled=0.201
203.55611382378333,service_end,,,301,10,1,1,1,duration=0.201
203.55611382378333,service_start,,,302,9,1,1,1,service_time_sampled=0.211
203.7674406088108,service_end,,,302,9,1,1,1,duration=0.211
203.7674406088108,service_start,,,303,8,1,1,1,service_time_sampled=0.122
203.88968100476652,service_end,,,303,8,1,1,1,duration=0.122
203.88968100476652,service_start,,,304,7,1,1,1,service_time_sampled=0.310
204.0,plane_arrive,11,2,,7,1,1,1,air_q=1
204.0,landing_end,10,3,,7,1,1,1,pad_q=1
204.1996614811879,service_end,,,304,7,1,1,1,duration=0.310
204.1996614811879,service_start,,,305,6,1,1,1,service_time_sampled=0.212
204.41184604622964,service_end,,,305,6,1,1,1,duration=0.212
204.41184604622964,service_start,,,306,5,1,1,1,service_time_sampled=0.013
204.42439975460695,service_end,,,306,5,1,1,1,duration=0.013
204.42439975460695,service_start,,,307,4,1,1,1,service_time_sampled=0.015
204.43956006737005,service_end,,,307,4,1,1,1,duration=0.015
204.43956006737005,service_start,,,308,3,1,1,1,service_time_sampled=0.196
204.63549192832264,service_end,,,308,3,1,1,1,duration=0.196
204.63549192832264,service_start,,,309,2,1,1,1,service_time_sampled=0.213
204.84882151286897,service_end,,,309,2,1,1,1,duration=0.213
204.84882151286897,service_start,,,310,1,1,1,1,service_time_sampled=0.026
204.87518830095487,service_end,,,310,1,1,1,1,duration=0.026
204.87518830095487,service_start,,,311,0,1,1,1,service_time_sampled=0.143
205.0179404107462,service_end,,,311,0,1,1,1,duration=0.143
211.0,unload_end,10,3,,0,1,1,1,
211.0,passengers_spawned,10,3,,0,1,1,1,count=48
211.0,passenger_queue_arrival,,,312,1,1,1,1,
211.0,passenger_queue_arrival,,,313,2,1,1,1,
211.0,passenger_queue_arrival,,,314,3,1,1,1,
211.0,passenger_queue_arrival,,,315,4,1,1,1,
211.0,passenger_queue_arrival,,,316,5,1,1,1,
211.0,passenger_queue_arrival,,,317,6,1,1,1,
211.0,passenger_queue_arrival,,,318,7,1,1,1,
211.0,passenger_queue_arrival,,,319,8,1,1,1,
211.0,passenger_queue_arrival,,,320,9,1,1,1,
211.0,passenger_queue_arrival,,,321,10,1,1,1,
211.0,passenger_queue_arrival,,,322,11,1,1,1,
211.0,passenger_queue_arrival,,,323,12,1,1,1,
211.0,passenger_queue_arrival,,,324,13,1,1,1,
211.0,passenger_queue_arrival,,,325,14,1,1,1,
211.0,passenger_queue_arrival,,,326,15,1,1,1,
211.0,passenger_queue_arrival,,,327,16,1,1,1,
211.0,passenger_queue_arrival,,,328,17,1,1,1,
211.0,passenger_queue_arrival,,,329,18,1,1,1,
211.0,passenger_queue_arrival,,,330,19,1,1,1,
211.0,passenger_queue_arrival,,,331,20,1,1,1,
211.0,passenger_queue_arrival,,,332,21,1,1,1,
211.0,passenger_queue_arrival,,,333,22,1,1,1,
211.0,passenger_queue_arrival,,,334,23,1,1,1,
211.0,passenger_queue_arrival,,,335,24,1,1,1,
211.0,passenger_queue_arrival,,,336,25,1,1,1,
211.0,passenger_queue_arrival,,,337,26,1,1,1,
211.0,passenger_queue_arrival,,,338,27,1,1,1,
211.0,passenger_queue_arrival,,,339,28,1,1,1,
211.0,passenger_queue_arrival,,,340,29,1,1,1,
211.0,passenger_queue_arrival,,,341,30,1,1,1,
211.0,passenger_queue_arrival,,,342,31,1,1,1,
211.0,passenger_queue_arrival,,,343,32,1,1,1,
211.0,passenger_queue_arrival,,,344,33,1,1,1,
211.0,passenger_queue_arrival,,,345,34,1,1,1,
211.0,passenger_queue_arrival,,,346,35,1,1,1,
211.0,passenger_queue_arrival,,,347,36,1,1,1,
211.0,passenger_queue_arrival,,,348,37,1,1,1,
211.0,passenger_queue_arrival,,,349,38,1,1,1,
211.0,passenger_queue_arrival,,,350,39,1,1,1,
211.0,passenger_queue_arrival,,,351,40,1,1,1,
211.0,passenger_queue_arrival,,,352,41,1,1,1,
211.0,passenger_queue_arrival,,,353,42,1,1,1,
211.0,passenger_queue_arrival,,,354,43,1,1,1,
211.0,passenger_queue_arrival,,,355,44,1,1,1,
211.0,passenger_queue_arrival,,,356,45,1,1,1,
211.0,passenger_queue_arrival,,,357,46,1,1,1,
211.0,passenger_queue_arrival,,,358,47,1,1,1,
211.0,passenger_queue_arrival,,,359,48,1,1,1,
211.0,landing_start,11,2,,48,1,1,1,landing_time=5
211.0,service_start,,,312,47,1,1,1,service_time_sampled=0.122
211.12248697614768,service_end,,,312,47,1,1,1,duration=0.122
211.12248697614768,service_start,,,313,46,1,1,1,service_time_sampled=0.010
211.13248697614767,service_end,,,313,46,1,1,1,duration=0.010
211.13248697614767,service_start,,,314,45,1,1,1,service_time_sampled=0.355
211.48778923751493,service_end,,,314,45,1,1,1,duration=0.355
211.48778923751493,service_start,,,315,44,1,1,1,service_time_sampled=0.069
211.55679371243255,service_end,,,315,44,1,1,1,duration=0.069
211.55679371243255,service_start,,,316,43,1,1,1,service_time_sampled=0.077
211.6340269238104,service_end,,,316,43,1,1,1,duration=0.077
211.6340269238104,service_start,,,317,42,1,1,1,service_time_sampled=0.144
211.77845477088266,service_end,,,317,42,1,1,1,duration=0.144
211.77845477088266,service_start,,,318,41,1,1,1,service_time_sampled=0.017
211.79559567393719,service_end,,,318,41,1,1,1,duration=0.017
211.79559567393719,service_start,,,319,40,1,1,1,service_time_sampled=0.031
211.8261127366212,service_end,,,319,40,1,1,1,duration=0.031
211.8261127366212,service_start,,,320,39,1,1,1,service_time_sampled=0.124
211.94970001300206,service_end,,,320,39,1,1,1,duration=0.124
211.94970001300206,service_start,,,321,38,1,1,1,service_time_sampled=0.023
211.97227633782552,service_end,,,321,38,1,1,1,duration=0.023
211.97227633782552,service_start,,,322,37,1,1,1,service_time_sampled=0.065
212.03678336843473,service_end,,,322,37,1,1,1,duration=0.065
212.03678336843473,service_start,,,323,36,1,1,1,service_time_sampled=0.552
212.58926428760304,service_end,,,323,36,1,1,1,duration=0.552
212.58926428760304,service_start,,,324,35,1,1,1,service_time_sampled=0.079
212.6677855949291,service_end,,,324,35,1,1,1,duration=0.079
212.6677855949291,service_start,,,325,34,1,1,1,service_time_sampled=0.069
212.7370063280112,service_end,,,325,34,1,1,1,duration=0.069
212.7370063280112,service_start,,,326,33,1,1,1,service_time_sampled=0.087
212.82427969109565,service_end,,,326,33,1,1,1,duration=0.087
212.82427969109565,service_start,,,327,32,1,1,1,service_time_sampled=0.087
212.91083331702367,service_end,,,327,32,1,1,1,duration=0.087
212.91083331702367,service_start,,,328,31,1,1,1,service_time_sampled=0.033
212.94364663498146,service_end,,,328,31,1,1,1,duration=0.033
212.94364663498146,service_start,,,329,30,1,1,1,service_time_sampled=0.100
213.04377934845417,service_end,,,329,30,1,1,1,duration=0.100
213.04377934845417,service_start,,,330,29,1,1,1,service_time_sampled=0.052
213.09533329210083,service_end,,,330,29,1,1,1,duration=0.052
213.09533329210083,service_start,,,331,28,1,1,1,service_time_sampled=0.010
213.10533329210082,service_end,,,331,28,1,1,1,duration=0.010
213.10533329210082,service_start,,,332,27,1,1,1,service_time_sampled=0.090
213.195033433498,service_end,,,332,27,1,1,1,duration=0.090
213.195033433498,service_start,,,333,26,1,1,1,service_time_sampled=0.062
213.2569187980828,service_end,,,333,26,1,1,1,duration=0.062
213.2569187980828,service_start,,,334,25,1,1,1,service_time_sampled=0.085
213.34156007122323,service_end,,,334,25,1,1,1,duration=0.085
213.34156007122323,service_start,,,335,24,1,1,1,service_time_sampled=0.080
213.4219933704304,service_end,,,335,24,1,1,1,duration=0.080
213.4219933704304,service_start,,,336,23,1,1,1,service_time_sampled=0.022
213.44406842004722,service_end,,,336,23,1,1,1,duration=0.022
213.44406842004722,service_start,,,337,22,1,1,1,service_time_sampled=0.028
213.47174966521865,service_end,,,337,22,1,1,1,duration=0.028
213.47174966521865,service_start,,,338,21,1,1,1,service_time_sampled=0.026
213.4976017654579,service_end,,,338,21,1,1,1,duration=0.026
213.4976017654579,service_start,,,339,20,1,1,1,service_time_sampled=0.019
213.51698340013752,service_end,,,339,20,1,1,1,duration=0.019
213.51698340013752,service_start,,,340,19,1,1,1,service_time_sampled=0.126
213.6430730491281,service_end,,,340,19,1,1,1,duration=0.126
213.6430730491281,service_start,,,341,18,1,1,1,service_time_sampled=0.124
213.76694897263513,service_end,,,341,18,1,1,1,duration=0.124
213.76694897263513,service_start,,,342,17,1,1,1,service_time_sampled=0.358
214.1253846642975,service_end,,,342,17,1,1,1,duration=0.358
214.1253846642975,service_start,,,343,16,1,1,1,service_time_sampled=0.127
214.25251593921718,service_end,,,343,16,1,1,1,duration=0.127
214.25251593921718,service_start,,,344,15,1,1,1,service_time_sampled=0.457
214.70950225135152,service_end,,,344,15,1,1,1,duration=0.457
214.70950225135152,service_start,,,345,14,1,1,1,service_time_sampled=0.010
214.7195022513515,service_end,,,345,14,1,1,1,duration=0.010
214.7195022513515,service_start,,,346,13,1,1,1,service_time_sampled=0.174
214.89381894098818,service_end,,,346,13,1,1,1,duration=0.174
214.89381894098818,service_start,,,347,12,1,1,1,service_time_sampled=0.071
214.96525130969465,service_end,,,347,12,1,1,1,duration=0.071
214.96525130969465,service_start,,,348,11,1,1,1,service_time_sampled=0.217
215.18188728259247,service_end,,,348,11,1,1,1,duration=0.217
215.18188728259247,service_start,,,349,10,1,1,1,service_time_sampled=0.164
215.3455861822737,service_end,,,349,10,1,1,1,duration=0.164
215.3455861822737,service_start,,,350,9,1,1,1,service_time_sampled=0.147
215.49300246561776,service_end,,,350,9,1,1,1,duration=0.147
215.49300246561776,service_start,,,351,8,1,1,1,service_time_sampled=0.040
215.53281391997473,service_end,,,351,8,1,1,1,duration=0.040
215.53281391997473,service_start,,,352,7,1,1,1,service_time_sampled=0.024
215.5568734745778,service_end,,,352,7,1,1,1,duration=0.024
215.5568734745778,service_start,,,353,6,1,1,1,service_time_sampled=0.023
215.58002381275372,service_end,,,353,6,1,1,1,duration=0.023
215.58002381275372,service_start,,,354,5,1,1,1,service_time_sampled=0.029
215.60909680258007,service_end,,,354,5,1,1,1,duration=0.029
215.60909680258007,service_start,,,355,4,1,1,1,service_time_sampled=0.130
215.73888559630868,service_end,,,355,4,1,1,1,duration=0.130
215.73888559630868,service_start,,,356,3,1,1,1,service_time_sampled=0.032
215.7709668221745,service_end,,,356,3,1,1,1,duration=0.032
215.7709668221745,service_start,,,357,2,1,1,1,service_time_sampled=0.065
215.8359111384063,service_end,,,357,2,1,1,1,duration=0.065
215.8359111384063,service_start,,,358,1,1,1,1,service_time_sampled=0.042
215.87758034773697,service_end,,,358,1,1,1,1,duration=0.042
215.87758034773697,service_start,,,359,0,1,1,1,service_time_sampled=0.214
216.0,landing_end,11,2,,0,1,1,1,pad_q=1
216.09189850244775,service_end,,,359,0,1,1,1,duration=0.214
219.0,plane_arrive,12,1,,0,1,1,1,air_q=1
222.0,plane_arrive,13,2,,0,1,1,1,air_q=2
223.0,unload_end,11,2,,0,1,1,1,
223.0,passengers_spawned,11,2,,0,1,1,1,count=44
223.0,passenger_queue_arrival,,,360,1,1,1,1,
223.0,passenger_queue_arrival,,,361,2,1,1,1,
223.0,passenger_queue_arrival,,,362,3,1,1,1,
223.0,passenger_queue_arrival,,,363,4,1,1,1,
223.0,passenger_queue_arrival,,,364,5,1,1,1,
223.0,passenger_queue_arrival,,,365,6,1,1,1,
223.0,passenger_queue_arrival,,,366,7,1,1,1,
223.0,passenger_queue_arrival,,,367,8,1,1,1,
223.0,passenger_queue_arrival,,,368,9,1,1,1,
223.0,passenger_queue_arrival,,,369,10,1,1,1,
223.0,passenger_queue_arrival,,,370,11,1,1,1,
223.0,passenger_queue_arrival,,,371,12,1,1,1,
223.0,passenger_queue_arrival,,,372,13,1,1,1,
223.0,passenger_queue_arrival,,,373,14,1,1,1,
223.0,passenger_queue_arrival,,,374,15,1,1,1,
223.0,passenger_queue_arrival,,,375,16,1,1,1,
223.0,passenger_queue_arrival,,,376,17,1,1,1,
223.0,passenger_queue_arrival,,,377,18,1,1,1,
223.0,passenger_queue_arrival,,,378,19,1,1,1,
223.0,passenger_queue_arrival,,,379,20,1,1,1,
223.0,passenger_queue_arrival,,,380,21,1,1,1,
223.0,passenger_queue_arrival,,,381,22,1,1,1,
223.0,passenger_queue_arrival,,,382,23,1,1,1,
223.0,passenger_queue_arrival,,,383,24,1,1,1,
223.0,passenger_queue_arrival,,,384,25,1,1,1,
223.0,passenger_queue_arrival,,,385,26,1,1,1,
223.0,passenger_queue_arrival,,,386,27,1,1,1,
223.0,passenger_queue_arrival,,,387,28,1,1,1,
223.0,passenger_queue_arrival,,,388,29,1,1,1,
223.0,passenger_queue_arrival,,,389,30,1,1,1,
223.0,passenger_queue_arrival,,,390,31,1,1,1,
223.0,passenger_queue_arrival,,,391,32,1,1,1,
223.0,passenger_queue_arrival,,,392,33,1,1,1,
223.0,passenger_queue_arrival,,,393,34,1,1,1,
223.0,passenger_queue_arrival,,,394,35,1,1,1,
223.0,passenger_queue_arrival,,,395,36,1,1,1,
223.0,passenger_queue_arrival,,,396,37,1,1,1,
223.0,passenger_queue_arrival,,,397,38,1,1,1,
223.0,passenger_queue_arrival,,,398,39,1,1,1,
223.0,passenger_queue_arrival,,,399,40,1,1,1,
223.0,passenger_queue_arrival,,,400,41,1,1,1,
223.0,passenger_queue_arrival,,,401,42,1,1,1,
223.0,passenger_queue_arrival,,,402,43,1,1,1,
223.0,passenger_queue_arrival,,,403,44,1,1,1,
223.0,landing_start,12,1,,44,1,1,1,landing_time=3
223.0,service_start,,,360,43,1,1,1,service_time_sampled=0.010
223.01,service_end,,,360,43,1,1,1,duration=0.010
223.01,service_start,,,361,42,1,1,1,service_time_sampled=0.084
223.09417265812488,service_end,,,361,42,1,1,1,duration=0.084
223.09417265812488,service_start,,,362,41,1,1,1,service_time_sampled=0.167
223.26128876604253,service_end,,,362,41,1,1,1,duration=0.167
223.26128876604253,service_start,,,363,40,1,1,1,service_time_sampled=0.176
223.4376386095566,service_end,,,363,40,1,1,1,duration=0.176
223.4376386095566,service_start,,,364,39,1,1,1,service_time_sampled=0.137
223.57509382888344,service_end,,,364,39,1,1,1,duration=0.137
223.57509382888344,service_start,,,365,38,1,1,1,service_time_sampled=0.142
223.7171673240246,service_end,,,365,38,1,1,1,duration=0.142
223.7171673240246,service_start,,,366,37,1,1,1,service_time_sampled=0.072
223.78889068226354,service_end,,,366,37,1,1,1,duration=0.072
223.78889068226354,service_start,,,367,36,1,1,1,service_time_sampled=0.015
223.80363748477598,service_end,,,367,36,1,1,1,duration=0.015
223.80363748477598,service_start,,,368,35,1,1,1,service_time_sampled=0.417
224.22102262788638,service_end,,,368,35,1,1,1,duration=0.417
224.22102262788638,service_start,,,369,34,1,1,1,service_time_sampled=0.080
224.30100489272039,service_end,,,369,34,1,1,1,duration=0.080
224.30100489272039,service_start,,,370,33,1,1,1,service_time_sampled=0.377
224.67815916259516,service_end,,,370,33,1,1,1,duration=0.377
224.67815916259516,service_start,,,371,32,1,1,1,service_time_sampled=0.012
224.69048924930948,service_end,,,371,32,1,1,1,duration=0.012
224.69048924930948,service_start,,,372,31,1,1,1,service_time_sampled=0.400
225.09084801950652,service_end,,,372,31,1,1,1,duration=0.400
225.09084801950652,service_start,,,373,30,1,1,1,service_time_sampled=0.366
225.4564868356481,service_end,,,373,30,1,1,1,duration=0.366
225.4564868356481,service_start,,,374,29,1,1,1,service_time_sampled=0.100
225.5568079720278,service_end,,,374,29,1,1,1,duration=0.100
225.5568079720278,service_start,,,375,28,1,1,1,service_time_sampled=0.011
225.56745635080625,service_end,,,375,28,1,1,1,duration=0.011
225.56745635080625,service_start,,,376,27,1,1,1,service_time_sampled=0.015
225.58204992712075,service_end,,,376,27,1,1,1,duration=0.015
225.58204992712075,service_start,,,377,26,1,1,1,service_time_sampled=0.057
225.6386271243854,service_end,,,377,26,1,1,1,duration=0.057
225.6386271243854,service_start,,,378,25,1,1,1,service_time_sampled=0.011
225.64938205963142,service_end,,,378,25,1,1,1,duration=0.011
225.64938205963142,service_start,,,379,24,1,1,1,service_time_sampled=0.148
225.7975395735354,service_end,,,379,24,1,1,1,duration=0.148
225.7975395735354,service_start,,,380,23,1,1,1,service_time_sampled=0.190
225.98753873704345,service_end,,,380,23,1,1,1,duration=0.190
225.98753873704345,service_start,,,381,22,1,1,1,service_time_sampled=0.121
226.0,landing_end,12,1,,22,1,1,1,pad_q=1
226.10845800250124,service_end,,,381,22,1,1,1,duration=0.121
226.10845800250124,service_start,,,382,21,1,1,1,service_time_sampled=0.123
226.2314768091941,service_end,,,382,21,1,1,1,duration=0.123
226.2314768091941,service_start,,,383,20,1,1,1,service_time_sampled=0.025
226.25653359159364,service_end,,,383,20,1,1,1,duration=0.025
226.25653359159364,service_start,,,384,19,1,1,1,service_time_sampled=0.083
226.3400128997553,service_end,,,384,19,1,1,1,duration=0.083
226.3400128997553,service_start,,,385,18,1,1,1,service_time_sampled=0.308
226.64809290711207,service_end,,,385,18,1,1,1,duration=0.308
226.64809290711207,service_start,,,386,17,1,1,1,service_time_sampled=0.042
226.69018549355465,service_end,,,386,17,1,1,1,duration=0.042
226.69018549355465,service_start,,,387,16,1,1,1,service_time_sampled=0.017
226.7074301085793,service_end,,,387,16,1,1,1,duration=0.017
226.7074301085793,service_start,,,388,15,1,1,1,service_time_sampled=0.202
226.90984779308343,service_end,,,388,15,1,1,1,duration=0.202
226.90984779308343,service_start,,,389,14,1,1,1,service_time_sampled=0.040
226.94961312464275,service_end,,,389,14,1,1,1,duration=0.040
226.94961312464275,service_start,,,390,13,1,1,1,service_time_sampled=0.056
227.00583580044463,service_end,,,390,13,1,1,1,duration=0.056
227.00583580044463,service_start,,,391,12,1,1,1,service_time_sampled=0.138
227.14338365695136,service_end,,,391,12,1,1,1,duration=0.138
227.14338365695136,service_start,,,392,11,1,1,1,service_time_sampled=0.192
227.33575991915106,service_end,,,392,11,1,1,1,duration=0.192
227.33575991915106,service_start,,,393,10,1,1,1,service_time_sampled=0.074
227.40983497625234,service_end,,,393,10,1,1,1,duration=0.074
227.40983497625234,service_start,,,394,9,1,1,1,service_time_sampled=0.010
227.41983497625233,service_end,,,394,9,1,1,1,duration=0.010
227.41983497625233,service_start,,,395,8,1,1,1,service_time_sampled=0.041
227.46101901510823,service_end,,,395,8,1,1,1,duration=0.041
227.46101901510823,service_start,,,396,7,1,1,1,service_time_sampled=0.040
227.50129111125,service_end,,,396,7,1,1,1,duration=0.040
227.50129111125,service_start,,,397,6,1,1,1,service_time_sampled=0.133
227.63429386478393,service_end,,,397,6,1,1,1,duration=0.133
227.63429386478393,service_start,,,398,5,1,1,1,service_time_sampled=0.069
227.7033962489498,service_end,,,398,5,1,1,1,duration=0.069
227.7033962489498,service_start,,,399,4,1,1,1,service_time_sampled=0.038
227.74158047842892,service_end,,,399,4,1,1,1,duration=0.038
227.74158047842892,service_start,,,400,3,1,1,1,service_time_sampled=0.173
227.91503201847328,service_end,,,400,3,1,1,1,duration=0.173
227.91503201847328,service_start,,,401,2,1,1,1,service_time_sampled=0.406
228.32144996422588,service_end,,,401,2,1,1,1,duration=0.406
228.32144996422588,service_start,,,402,1,1,1,1,service_time_sampled=0.019
228.3402457176689,service_end,,,402,1,1,1,1,duration=0.019
228.3402457176689,service_start,,,403,0,1,1,1,service_time_sampled=0.295
228.6350635775138,service_end,,,403,0,1,1,1,duration=0.295
233.0,unload_end,12,1,,0,1,1,1,
233.0,passengers_spawned,12,1,,0,1,1,1,count=21
233.0,passenger_queue_arrival,,,404,1,1,1,1,
233.0,passenger_queue_arrival,,,405,2,1,1,1,
233.0,passenger_queue_arrival,,,406,3,1,1,1,
233.0,passenger_queue_arrival,,,407,4,1,1,1,
233.0,passenger_queue_arrival,,,408,5,1,1,1,
233.0,passenger_queue_arrival,,,409,6,1,1,1,
233.0,passenger_queue_arrival,,,410,7,1,1,1,
233.0,passenger_queue_arrival,,,411,8,1,1,1,
233.0,passenger_queue_arrival,,,412,9,1,1,1,
233.0,passenger_queue_arrival,,,413,10,1,1,1,
233.0,passenger_queue_arrival,,,414,11,1,1,1,
233.0,passenger_queue_arrival,,,415,12,1,1,1,
233.0,passenger_queue_arrival,,,416,13,1,1,1,
233.0,passenger_queue_arrival,,,417,14,1,1,1,
233.0,passenger_queue_arrival,,,418,15,1,1,1,
233.0,passenger_queue_arrival,,,419,16,1,1,1,
233.0,passenger_queue_arrival,,,420,17,1,1,1,
233.0,passenger_queue_arrival,,,421,18,1,1,1,
233.0,passenger_queue_arrival,,,422,19,1,1,1,
233.0,passenger_queue_arrival,,,423,20,1,1,1,
233.0,passenger_queue_arrival,,,424,21,1,1,1,
233.0,landing_start,13,2,,21,1,1,1,landing_time=3
233.0,service_start,,,404,20,1,1,1,service_time_sampled=0.022
233.02235148944783,service_end,,,404,20,1,1,1,duration=0.022
233.02235148944783,service_start,,,405,19,1,1,1,service_time_sampled=0.066
233.08810346623446,service_end,,,405,19,1,1,1,duration=0.066
233.08810346623446,service_start,,,406,18,1,1,1,service_time_sampled=0.048
233.13607826217884,service_end,,,406,18,1,1,1,duration=0.048
233.13607826217884,service_start,,,407,17,1,1,1,service_time_sampled=0.010
233.14607826217883,service_end,,,407,17,1,1,1,duration=0.010
233.14607826217883,service_start,,,408,16,1,1,1,service_time_sampled=0.311
233.45738893707755,service_end,,,408,16,1,1,1,duration=0.311
233.45738893707755,service_start,,,409,15,1,1,1,service_time_sampled=0.253
233.7100437758791,service_end,,,409,15,1,1,1,duration=0.253
233.7100437758791,service_start,,,410,14,1,1,1,service_time_sampled=0.146
233.85554821120434,service_end,,,410,14,1,1,1,duration=0.146
233.85554821120434,service_start,,,411,13,1,1,1,service_time_sampled=0.016
233.87147024005827,service_end,,,411,13,1,1,1,duration=0.016
233.87147024005827,service_start,,,412,12,1,1,1,service_time_sampled=0.266
234.13779883386565,service_end,,,412,12,1,1,1,duration=0.266
234.13779883386565,service_start,,,413,11,1,1,1,service_time_sampled=0.096
234.23348171157883,service_end,,,413,11,1,1,1,duration=0.096
234.23348171157883,service_start,,,414,10,1,1,1,service_time_sampled=0.051
234.28497893944783,service_end,,,414,10,1,1,1,duration=0.051
234.28497893944783,service_start,,,415,9,1,1,1,service_time_sampled=0.193
234.47821761099158,service_end,,,415,9,1,1,1,duration=0.193
234.47821761099158,service_start,,,416,8,1,1,1,service_time_sampled=0.010
234.48821761099157,service_end,,,416,8,1,1,1,duration=0.010
234.48821761099157,service_start,,,417,7,1,1,1,service_time_sampled=0.067
234.5553224931038,service_end,,,417,7,1,1,1,duration=0.067
234.5553224931038,service_start,,,418,6,1,1,1,service_time_sampled=0.084
234.63888523523872,service_end,,,418,6,1,1,1,duration=0.084
234.63888523523872,service_start,,,419,5,1,1,1,service_time_sampled=0.091
234.729677795798,service_end,,,419,5,1,1,1,duration=0.091
234.729677795798,service_start,,,420,4,1,1,1,service_time_sampled=0.276
235.0,plane_arrive,14,3,,4,1,1,1,air_q=1
235.00549213725083,service_end,,,420,4,1,1,1,duration=0.276
235.00549213725083,service_start,,,421,3,1,1,1,service_time_sampled=0.186
235.191546078433,service_end,,,421,3,1,1,1,duration=0.186
235.191546078433,service_start,,,422,2,1,1,1,service_time_sampled=0.016
235.20725176828805,service_end,,,422,2,1,1,1,duration=0.016
235.20725176828805,service_start,,,423,1,1,1,1,service_time_sampled=0.010
235.21725176828804,service_end,,,423,1,1,1,1,duration=0.010
235.21725176828804,service_start,,,424,0,1,1,1,service_time_sampled=0.088
235.30568591531926,service_end,,,424,0,1,1,1,duration=0.088
236.0,landing_end,13,2,,0,1,1,1,pad_q=1
239.0,plane_arrive,15,1,,0,1,1,1,air_q=2
243.0,unload_end,13,2,,0,1,1,1,
243.0,passengers_spawned,13,2,,0,1,1,1,count=42
243.0,passenger_queue_arrival,,,425,1,1,1,1,
243.0,passenger_queue_arrival,,,426,2,1,1,1,
243.0,passenger_queue_arrival,,,427,3,1,1,1,
243.0,passenger_queue_arrival,,,428,4,1,1,1,
243.0,passenger_queue_arrival,,,429,5,1,1,1,
243.0,passenger_queue_arrival,,,430,6,1,1,1,
243.0,passenger_queue_arrival,,,431,7,1,1,1,
243.0,passenger_queue_arrival,,,432,8,1,1,1,
243.0,passenger_queue_arrival,,,433,9,1,1,1,
243.0,passenger_queue_arrival,,,434,10,1,1,1,
243.0,passenger_queue_arrival,,,435,11,1,1,1,
243.0,passenger_queue_arrival,,,436,12,1,1,1,
243.0,passenger_queue_arrival,,,437,13,1,1,1,
243.0,passenger_queue_arrival,,,438,14,1,1,1,
243.0,passenger_queue_arrival,,,439,15,1,1,1,
243.0,passenger_queue_arrival,,,440,16,1,1,1,
243.0,passenger_queue_arrival,,,441,17,1,1,1,
243.0,passenger_queue_arrival,,,442,18,1,1,1,
243.0,passenger_queue_arrival,,,443,19,1,1,1,
243.0,passenger_queue_arrival,,,444,20,1,1,1,
243.0,passenger_queue_arrival,,,445,21,1,1,1,
243.0,passenger_queue_arrival,,,446,22,1,1,1,
243.0,passenger_queue_arrival,,,447,23,1,1,1,
243.0,passenger_queue_arrival,,,448,24,1,1,1,
243.0,passenger_queue_arrival,,,449,25,1,1,1,
243.0,passenger_queue_arrival,,,450,26,1,1,1,
243.0,passenger_queue_arrival,,,451,27,1,1,1,
243.0,passenger_queue_arrival,,,452,28,1,1,1,
243.0,passenger_queue_arrival,,,453,29,1,1,1,
243.0,passenger_queue_arrival,,,454,30,1,1,1,
243.0,passenger_queue_arrival,,,455,31,1,1,1,
243.0,passenger_queue_arrival,,,456,32,1,1,1,
243.0,passenger_queue_arrival,,,457,33,1,1,1,
243.0,passenger_queue_arrival,,,458,34,1,1,1,
243.0,passenger_queue_arrival,,,459,35,1,1,1,
243.0,passenger_queue_arrival,,,460,36,1,1,1,
243.0,passenger_queue_arrival,,,461,37,1,1,1,
243.0,passenger_queue_arrival,,,462,38,1,1,1,
243.0,passenger_queue_arrival,,,463,39,1,1,1,
243.0,passenger_queue_arrival,,,464,40,1,1,1,
243.0,passenger_queue_arrival,,,465,41,1,1,1,
243.0,passenger_queue_arrival,,,466,42,1,1,1,
243.0,landing_start,14,3,,42,1,1,1,landing_time=5
243.0,service_start,,,425,41,1,1,1,service_time_sampled=0.189
243.18898025956491,service_end,,,425,41,1,1,1,duration=0.189
243.18898025956491,service_start,,,426,40,1,1,1,service_time_sampled=0.010
243.1989802595649,service_end,,,426,40,1,1,1,duration=0.010
243.1989802595649,service_start,,,427,39,1,1,1,service_time_sampled=0.051
243.24952406012045,service_end,,,427,39,1,1,1,duration=0.051
243.24952406012045,service_start,,,428,38,1,1,1,service_time_sampled=0.033
243.28208514953508,service_end,,,428,38,1,1,1,duration=0.033
243.28208514953508,service_start,,,429,37,1,1,1,service_time_sampled=0.089
243.3711014469608,service_end,,,429,37,1,1,1,duration=0.089
243.3711014469608,service_start,,,430,36,1,1,1,service_time_sampled=0.271
243.6421274548892,service_end,,,430,36,1,1,1,duration=0.271
243.6421274548892,service_start,,,431,35,1,1,1,service_time_sampled=0.528
244.16992098966813,service_end,,,431,35,1,1,1,duration=0.528
244.16992098966813,service_start,,,432,34,1,1,1,service_time_sampled=0.221
244.39044241008932,service_end,,,432,34,1,1,1,duration=0.221
244.39044241008932,service_start,,,433,33,1,1,1,service_time_sampled=0.104
244.494105873914,service_end,,,433,33,1,1,1,duration=0.104
244.494105873914,service_start,,,434,32,1,1,1,service_time_sampled=0.010
244.504105873914,service_end,,,434,32,1,1,1,duration=0.010
244.504105873914,service_start,,,435,31,1,1,1,service_time_sampled=0.094
244.5982996262757,service_end,,,435,31,1,1,1,duration=0.094
244.5982996262757,service_start,,,436,30,1,1,1,service_time_sampled=0.158
244.75660766467993,service_end,,,436,30,1,1,1,duration=0.158
244.75660766467993,service_start,,,437,29,1,1,1,service_time_sampled=0.094
244.8509422951626,service_end,,,437,29,1,1,1,duration=0.094
244.8509422951626,service_start,,,438,28,1,1,1,service_time_sampled=0.100
244.9508698246881,service_end,,,438,28,1,1,1,duration=0.100
244.9508698246881,service_start,,,439,27,1,1,1,service_time_sampled=0.196
245.14735120688943,service_end,,,439,27,1,1,1,duration=0.196
245.14735120688943,service_start,,,440,26,1,1,1,service_time_sampled=0.106
245.25309213163086,service_end,,,440,26,1,1,1,duration=0.106
245.25309213163086,service_start,,,441,25,1,1,1,service_time_sampled=0.037
245.29017800601798,service_end,,,441,25,1,1,1,duration=0.037
245.29017800601798,service_start,,,442,24,1,1,1,service_time_sampled=0.074
245.36453396322085,service_end,,,442,24,1,1,1,duration=0.074
245.36453396322085,service_start,,,443,23,1,1,1,service_time_sampled=0.082
245.44655937358104,service_end,,,443,23,1,1,1,duration=0.082
245.44655937358104,service_start,,,444,22,1,1,1,service_time_sampled=0.010
245.45655937358103,service_end,,,444,22,1,1,1,duration=0.010
245.45655937358103,service_start,,,445,21,1,1,1,service_time_sampled=0.086
245.54280897520664,service_end,,,445,21,1,1,1,duration=0.086
245.54280897520664,service_start,,,446,20,1,1,1,service_time_sampled=0.080
245.62261599595138,service_end,,,446,20,1,1,1,duration=0.080
245.62261599595138,service_start,,,447,19,1,1,1,service_time_sampled=0.212
245.83428487990906,service_end,,,447,19,1,1,1,duration=0.212
245.83428487990906,service_start,,,448,18,1,1,1,service_time_sampled=0.014
245.84871059298948,service_end,,,448,18,1,1,1,duration=0.014
245.84871059298948,service_start,,,449,17,1,1,1,service_time_sampled=0.126
245.97443139527152,service_end,,,449,17,1,1,1,duration=0.126
245.97443139527152,service_start,,,450,16,1,1,1,service_time_sampled=0.268
246.242320273988,service_end,,,450,16,1,1,1,duration=0.268
246.242320273988,service_start,,,451,15,1,1,1,service_time_sampled=0.024
246.26666789936468,service_end,,,451,15,1,1,1,duration=0.024
246.26666789936468,service_start,,,452,14,1,1,1,service_time_sampled=0.010
246.27668328783966,service_end,,,452,14,1,1,1,duration=0.010
246.27668328783966,service_start,,,453,13,1,1,1,service_time_sampled=0.079
246.3560446062756,service_end,,,453,13,1,1,1,duration=0.079
246.3560446062756,service_start,,,454,12,1,1,1,service_time_sampled=0.050
246.4058832812019,service_end,,,454,12,1,1,1,duration=0.050
246.4058832812019,service_start,,,455,11,1,1,1,service_time_sampled=0.040
246.44588862252797,service_end,,,455,11,1,1,1,duration=0.040
246.44588862252797,service_start,,,456,10,1,1,1,service_time_sampled=0.107
246.55328112960868,service_end,,,456,10,1,1,1,duration=0.107
246.55328112960868,service_start,,,457,9,1,1,1,service_time_sampled=0.223
246.77674645688327,service_end,,,457,9,1,1,1,duration=0.223
246.77674645688327,service_start,,,458,8,1,1,1,service_time_sampled=0.191
246.9675389893994,service_end,,,458,8,1,1,1,duration=0.191
246.9675389893994,service_start,,,459,7,1,1,1,service_time_sampled=0.180
247.14801781347208,service_end,,,459,7,1,1,1,duration=0.180
247.14801781347208,service_start,,,460,6,1,1,1,service_time_sampled=0.123
247.27091639221467,service_end,,,460,6,1,1,1,duration=0.123
247.27091639221467,service_start,,,461,5,1,1,1,service_time_sampled=0.233
247.5041600419843,service_end,,,461,5,1,1,1,duration=0.233
247.5041600419843,service_start,,,462,4,1,1,1,service_time_sampled=0.247
247.7506693718873,service_end,,,462,4,1,1,1,duration=0.247
247.7506693718873,service_start,,,463,3,1,1,1,service_time_sampled=0.163
247.91340526640104,service_end,,,463,3,1,1,1,duration=0.163
247.91340526640104,service_start,,,464,2,1,1,1,service_time_sampled=0.049
247.9626233928729,service_end,,,464,2,1,1,1,duration=0.049
247.9626233928729,service_start,,,465,1,1,1,1,service_time_sampled=0.050
248.0,landing_end,14,3,,1,1,1,1,pad_q=1
248.01225825135415,service_end,,,465,1,1,1,1,duration=0.050
248.01225825135415,service_start,,,466,0,1,1,1,service_time_sampled=0.024
248.03669422072707,service_end,,,466,0,1,1,1,duration=0.024
250.0,plane_arrive,16,2,,0,1,1,1,air_q=2
255.0,unload_end,14,3,,0,1,1,1,
255.0,passengers_spawned,14,3,,0,1,1,1,count=59
255.0,passenger_queue_arrival,,,467,1,1,1,1,
255.0,passenger_queue_arrival,,,468,2,1,1,1,
255.0,passenger_queue_arrival,,,469,3,1,1,1,
255.0,passenger_queue_arrival,,,470,4,1,1,1,
255.0,passenger_queue_arrival,,,471,5,1,1,1,
255.0,passenger_queue_arrival,,,472,6,1,1,1,
255.0,passenger_queue_arrival,,,473,7,1,1,1,
255.0,passenger_queue_arrival,,,474,8,1,1,1,
255.0,passenger_queue_arrival,,,475,9,1,1,1,
255.0,passenger_queue_arrival,,,476,10,1,1,1,
255.0,passenger_queue_arrival,,,477,11,1,1,1,
255.0,passenger_queue_arrival,,,478,12,1,1,1,
255.0,passenger_queue_arrival,,,479,13,1,1,1,
255.0,passenger_queue_arrival,,,480,14,1,1,1,
255.0,passenger_queue_arrival,,,481,15,1,1,1,
255.0,passenger_queue_arrival,,,482,16,1,1,1,
255.0,passenger_queue_arrival,,,483,17,1,1,1,
255.0,passenger_queue_arrival,,,484,18,1,1,1,
255.0,passenger_queue_arrival,,,485,19,1,1,1,
255.0,passenger_queue_arrival,,,486,20,1,1,1,
255.0,passenger_queue_arrival,,,487,21,1,1,1,
255.0,passenger_queue_arrival,,,488,22,1,1,1,
255.0,passenger_queue_arrival,,,489,23,1,1,1,
255.0,passenger_queue_arrival,,,490,24,1,1,1,
255.0,passenger_queue_arrival,,,491,25,1,1,1,
255.0,passenger_queue_arrival,,,492,26,1,1,1,
255.0,passenger_queue_arrival,,,493,27,1,1,1,
255.0,passenger_queue_arrival,,,494,28,1,1,1,
255.0,passenger_queue_arrival,,,495,29,1,1,1,
255.0,passenger_queue_arrival,,,496,30,1,1,1,
255.0,passenger_queue_arrival,,,497,31,1,1,1,
255.0,passenger_queue_arrival,,,498,32,1,1,1,
255.0,passenger_queue_arrival,,,499,33,1,1,1,
255.0,passenger_queue_arrival,,,500,34,1,1,1,
255.0,passenger_queue_arrival,,,501,35,1,1,1,
255.0,passenger_queue_arrival,,,502,36,1,1,1,
255.0,passenger_queue_arrival,,,503,37,1,1,1,
255.0,passenger_queue_arrival,,,504,38,1,1,1,
255.0,passenger_queue_arrival,,,505,39,1,1,1,
255.0,passenger_queue_arrival,,,506,40,1,1,1,
255.0,passenger_queue_arrival,,,507,41,1,1,1,
255.0,passenger_queue_arrival,,,508,42,1,1,1,
255.0,passenger_queue_arrival,,,509,43,1,1,1,
255.0,passenger_queue_arrival,,,510,44,1,1,1,
255.0,passenger_queue_arrival,,,511,45,1,1,1,
255.0,passenger_queue_arrival,,,512,46,1,1,1,
255.0,passenger_queue_arrival,,,513,47,1,1,1,
255.0,passenger_queue_arrival,,,514,48,1,1,1,
255.0,passenger_queue_arrival,,,515,49,1,1,1,
255.0,passenger_queue_arrival,,,516,50,1,1,1,
255.0,passenger_queue_arrival,,,517,51,1,1,1,
255.0,passenger_queue_arrival,,,518,52,1,1,1,
255.0,passenger_queue_arrival,,,519,53,1,1,1,
255.0,passenger_queue_arrival,,,520,54,1,1,1,
255.0,passenger_queue_arrival,,,521,55,1,1,1,
255.0,passenger_queue_arrival,,,522,56,1,1,1,
255.0,passenger_queue_arrival,,,523,57,1,1,1,
255.0,passenger_queue_arrival,,,524,58,1,1,1,
255.0,passenger_queue_arrival,,,525,59,1,1,1,
255.0,landing_start,15,1,,59,1,1,1,landing_time=3
255.0,service_start,,,467,58,1,1,1,service_time_sampled=0.010
255.01,service_end,,,467,58,1,1,1,duration=0.010
255.01,service_start,,,468,57,1,1,1,service_time_sampled=0.142
255.1515349714703,service_end,,,468,57,1,1,1,duration=0.142
255.1515349714703,service_start,,,469,56,1,1,1,service_time_sampled=0.070
255.22191508211955,service_end,,,469,56,1,1,1,duration=0.070
255.22191508211955,service_start,,,470,55,1,1,1,service_time_sampled=0.080
255.30157924629452,service_end,,,470,55,1,1,1,duration=0.080
255.30157924629452,service_start,,,471,54,1,1,1,service_time_sampled=0.069
255.3703992874901,service_end,,,471,54,1,1,1,duration=0.069
255.3703992874901,service_start,,,472,53,1,1,1,service_time_sampled=0.125
255.49510236093667,service_end,,,472,53,1,1,1,duration=0.125
255.49510236093667,service_start,,,473,52,1,1,1,service_time_sampled=0.103
255.59853532824312,service_end,,,473,52,1,1,1,duration=0.103
255.59853532824312,service_start,,,474,51,1,1,1,service_time_sampled=0.025
255.62396598986797,service_end,,,474,51,1,1,1,duration=0.025
255.62396598986797,service_start,,,475,50,1,1,1,service_time_sampled=0.045
255.66935958721615,service_end,,,475,50,1,1,1,duration=0.045
255.66935958721615,service_start,,,476,49,1,1,1,service_time_sampled=0.162
255.83114740348842,service_end,,,476,49,1,1,1,duration=0.162
255.83114740348842,service_start,,,477,48,1,1,1,service_time_sampled=0.146
255.97756035375366,service_end,,,477,48,1,1,1,duration=0.146
255.97756035375366,service_start,,,478,47,1,1,1,service_time_sampled=0.197
256.0,plane_arrive,17,3,,47,1,1,1,air_q=2
256.1740644624177,service_end,,,478,47,1,1,1,duration=0.197
256.1740644624177,service_start,,,479,46,1,1,1,service_time_sampled=0.094
256.2680315466965,service_end,,,479,46,1,1,1,duration=0.094
256.2680315466965,service_start,,,480,45,1,1,1,service_time_sampled=0.056
256.3244356324168,service_end,,,480,45,1,1,1,duration=0.056
256.3244356324168,service_start,,,481,44,1,1,1,service_time_sampled=0.086
256.41000119589364,service_end,,,481,44,1,1,1,duration=0.086
256.41000119589364,service_start,,,482,43,1,1,1,service_time_sampled=0.028
256.4377026439344,service_end,,,482,43,1,1,1,duration=0.028
256.4377026439344,service_start,,,483,42,1,1,1,service_time_sampled=0.017
256.4548202772441,service_end,,,483,42,1,1,1,duration=0.017
256.4548202772441,service_start,,,484,41,1,1,1,service_time_sampled=0.016
256.47114458165265,service_end,,,484,41,1,1,1,duration=0.016
256.47114458165265,service_start,,,485,40,1,1,1,service_time_sampled=0.444
256.9150856376405,service_end,,,485,40,1,1,1,duration=0.444
256.9150856376405,service_start,,,486,39,1,1,1,service_time_sampled=0.025
256.939679987237,service_end,,,486,39,1,1,1,duration=0.025
256.939679987237,service_start,,,487,38,1,1,1,service_time_sampled=0.106
257.0459364751051,service_end,,,487,38,1,1,1,duration=0.106
257.0459364751051,service_start,,,488,37,1,1,1,service_time_sampled=0.177
257.22305740887583,service_end,,,488,37,1,1,1,duration=0.177
257.22305740887583,service_start,,,489,36,1,1,1,service_time_sampled=0.756
257.9794925595188,service_end,,,489,36,1,1,1,duration=0.756
257.9794925595188,service_start,,,490,35,1,1,1,service_time_sampled=0.162
258.0,landing_end,15,1,,35,1,1,1,pad_q=1
258.14136714180904,service_end,,,490,35,1,1,1,duration=0.162
258.14136714180904,service_start,,,491,34,1,1,1,service_time_sampled=0.234
258.37532371380973,service_end,,,491,34,1,1,1,duration=0.234
258.37532371380973,service_start,,,492,33,1,1,1,service_time_sampled=0.040
258.41571237586845,service_end,,,492,33,1,1,1,duration=0.040
258.41571237586845,service_start,,,493,32,1,1,1,service_time_sampled=0.068
258.4840395905899,service_end,,,493,32,1,1,1,duration=0.068
258.4840395905899,service_start,,,494,31,1,1,1,service_time_sampled=0.102
258.58634206492155,service_end,,,494,31,1,1,1,duration=0.102
258.58634206492155,service_start,,,495,30,1,1,1,service_time_sampled=0.010
258.59634206492154,service_end,,,495,30,1,1,1,duration=0.010
258.59634206492154,service_start,,,496,29,1,1,1,service_time_sampled=0.097
258.6936582808916,service_end,,,496,29,1,1,1,duration=0.097
258.6936582808916,service_start,,,497,28,1,1,1,service_time_sampled=0.180
258.873543656148,service_end,,,497,28,1,1,1,duration=0.180
258.873543656148,service_start,,,498,27,1,1,1,service_time_sampled=0.058
258.9315074810013,service_end,,,498,27,1,1,1,duration=0.058
258.9315074810013,service_start,,,499,26,1,1,1,service_time_sampled=0.041
258.9726917798798,service_end,,,499,26,1,1,1,duration=0.041
258.9726917798798,service_start,,,500,25,1,1,1,service_time_sampled=0.043
259.0154103603999,service_end,,,500,25,1,1,1,duration=0.043
259.0154103603999,service_start,,,501,24,1,1,1,service_time_sampled=0.033
259.04869176422073,service_end,,,501,24,1,1,1,duration=0.033
259.04869176422073,service_start,,,502,23,1,1,1,service_time_sampled=0.586
259.6346899635724,service_end,,,502,23,1,1,1,duration=0.586
259.6346899635724,service_start,,,503,22,1,1,1,service_time_sampled=0.031
259.6652775338542,service_end,,,503,22,1,1,1,duration=0.031
259.6652775338542,service_start,,,504,21,1,1,1,service_time_sampled=0.099
259.7643845131369,service_end,,,504,21,1,1,1,duration=0.099
259.7643845131369,service_start,,,505,20,1,1,1,service_time_sampled=0.086
259.84990026405853,service_end,,,505,20,1,1,1,duration=0.086
259.84990026405853,service_start,,,506,19,1,1,1,service_time_sampled=0.168
260.0,plane_arrive,18,1,,19,1,1,1,air_q=3
260.01819096292377,service_end,,,506,19,1,1,1,duration=0.168
260.01819096292377,service_start,,,507,18,1,1,1,service_time_sampled=0.135
260.15306780910095,service_end,,,507,18,1,1,1,duration=0.135
260.15306780910095,service_start,,,508,17,1,1,1,service_time_sampled=0.082
260.2349848143191,service_end,,,508,17,1,1,1,duration=0.082
260.2349848143191,service_start,,,509,16,1,1,1,service_time_sampled=0.466
260.7008161831486,service_end,,,509,16,1,1,1,duration=0.466
260.7008161831486,service_start,,,510,15,1,1,1,service_time_sampled=0.256
260.9568735891683,service_end,,,510,15,1,1,1,duration=0.256
260.9568735891683,service_start,,,511,14,1,1,1,service_time_sampled=0.159
261.11601780234764,service_end,,,511,14,1,1,1,duration=0.159
261.11601780234764,service_start,,,512,13,1,1,1,service_time_sampled=0.075
261.19120389906215,service_end,,,512,13,1,1,1,duration=0.075
261.19120389906215,service_start,,,513,12,1,1,1,service_time_sampled=0.076
261.266804723401,service_end,,,513,12,1,1,1,duration=0.076
261.266804723401,service_start,,,514,11,1,1,1,service_time_sampled=0.133
261.3999104207833,service_end,,,514,11,1,1,1,duration=0.133
261.3999104207833,service_start,,,515,10,1,1,1,service_time_sampled=0.138
261.53803624998324,service_end,,,515,10,1,1,1,duration=0.138
261.53803624998324,service_start,,,516,9,1,1,1,service_time_sampled=0.183
261.7208951061017,service_end,,,516,9,1,1,1,duration=0.183
261.7208951061017,service_start,,,517,8,1,1,1,service_time_sampled=0.192
261.91292840189374,service_end,,,517,8,1,1,1,duration=0.192
261.91292840189374,service_start,,,518,7,1,1,1,service_time_sampled=0.028
261.9409442437547,service_end,,,518,7,1,1,1,duration=0.028
261.9409442437547,service_start,,,519,6,1,1,1,service_time_sampled=0.012
261.9533002458248,service_end,,,519,6,1,1,1,duration=0.012
261.9533002458248,service_start,,,520,5,1,1,1,service_time_sampled=0.153
262.10651946147055,service_end,,,520,5,1,1,1,duration=0.153
262.10651946147055,service_start,,,521,4,1,1,1,service_time_sampled=0.219
262.3250932684665,service_end,,,521,4,1,1,1,duration=0.219
262.3250932684665,service_start,,,522,3,1,1,1,service_time_sampled=0.083
262.4081746415696,service_end,,,522,3,1,1,1,duration=0.083
262.4081746415696,service_start,,,523,2,1,1,1,service_time_sampled=0.161
262.5691211145781,service_end,,,523,2,1,1,1,duration=0.161
262.5691211145781,service_start,,,524,1,1,1,1,service_time_sampled=0.609
263.17844520300656,service_end,,,524,1,1,1,1,duration=0.609
263.17844520300656,service_start,,,525,0,1,1,1,service_time_sampled=0.036
263.21488673487886,service_end,,,525,0,1,1,1,duration=0.036
265.0,unload_end,15,1,,0,1,1,1,
265.0,passengers_spawned,15,1,,0,1,1,1,count=26
265.0,passenger_queue_arrival,,,526,1,1,1,1,
265.0,passenger_queue_arrival,,,527,2,1,1,1,
265.0,passenger_queue_arrival,,,528,3,1,1,1,
265.0,passenger_queue_arrival,,,529,4,1,1,1,
265.0,passenger_queue_arrival,,,530,5,1,1,1,
265.0,passenger_queue_arrival,,,531,6,1,1,1,
265.0,passenger_queue_arrival,,,532,7,1,1,1,
265.0,passenger_queue_arrival,,,533,8,1,1,1,
265.0,passenger_queue_arrival,,,534,9,1,1,1,
265.0,passenger_queue_arrival,,,535,10,1,1,1,
265.0,passenger_queue_arrival,,,536,11,1,1,1,
265.0,passenger_queue_arrival,,,537,12,1,1,1,
265.0,passenger_queue_arrival,,,538,13,1,1,1,
265.0,passenger_queue_arrival,,,539,14,1,1,1,
265.0,passenger_queue_arrival,,,540,15,1,1,1,
265.0,passenger_queue_arrival,,,541,16,1,1,1,
265.0,passenger_queue_arrival,,,542,17,1,1,1,
265.0,passenger_queue_arrival,,,543,18,1,1,1,
265.0,passenger_queue_arrival,,,544,19,1,1,1,
265.0,passenger_queue_arrival,,,545,20,1,1,1,
265.0,passenger_queue_arrival,,,546,21,1,1,1,
265.0,passenger_queue_arrival,,,547,22,1,1,1,
265.0,passenger_queue_arrival,,,548,23,1,1,1,
265.0,passenger_queue_arrival,,,549,24,1,1,1,
265.0,passenger_queue_arrival,,,550,25,1,1,1,
265.0,passenger_queue_arrival,,,551,26,1,1,1,
265.0,landing_start,16,2,,26,1,1,1,landing_time=5
265.0,service_start,,,526,25,1,1,1,service_time_sampled=0.239
265.2392460583326,service_end,,,526,25,1,1,1,duration=0.239
265.2392460583326,service_start,,,527,24,1,1,1,service_time_sampled=0.131
265.37046437934714,service_end,,,527,24,1,1,1,duration=0.131
265.37046437934714,service_start,,,528,23,1,1,1,service_time_sampled=0.010
265.38046437934713,service_end,,,528,23,1,1,1,duration=0.010
265.38046437934713,service_start,,,529,22,1,1,1,service_time_sampled=0.276
265.65660788458393,service_end,,,529,22,1,1,1,duration=0.276
265.65660788458393,service_start,,,530,21,1,1,1,service_time_sampled=0.118
265.7741229120186,service_end,,,530,21,1,1,1,duration=0.118
265.7741229120186,service_start,,,531,20,1,1,1,service_time_sampled=0.126
265.9004680269653,service_end,,,531,20,1,1,1,duration=0.126
265.9004680269653,service_start,,,532,19,1,1,1,service_time_sampled=0.725
266.6253717040786,service_end,,,532,19,1,1,1,duration=0.725
266.6253717040786,service_start,,,533,18,1,1,1,service_time_sampled=0.423
267.04834422893487,service_end,,,533,18,1,1,1,duration=0.423
267.04834422893487,service_start,,,534,17,1,1,1,service_time_sampled=0.326
267.37403362875796,service_end,,,534,17,1,1,1,duration=0.326
267.37403362875796,service_start,,,535,16,1,1,1,service_time_sampled=0.280
267.6541271393062,service_end,,,535,16,1,1,1,duration=0.280
267.6541271393062,service_start,,,536,15,1,1,1,service_time_sampled=0.091
267.7451903041625,service_end,,,536,15,1,1,1,duration=0.091
267.7451903041625,service_start,,,537,14,1,1,1,service_time_sampled=0.096
267.84111574620624,service_end,,,537,14,1,1,1,duration=0.096
267.84111574620624,service_start,,,538,13,1,1,1,service_time_sampled=0.010
267.85111574620623,service_end,,,538,13,1,1,1,duration=0.010
267.85111574620623,service_start,,,539,12,1,1,1,service_time_sampled=0.096
267.9472044243229,service_end,,,539,12,1,1,1,duration=0.096
267.9472044243229,service_start,,,540,11,1,1,1,service_time_sampled=0.080
268.02726585238577,service_end,,,540,11,1,1,1,duration=0.080
268.02726585238577,service_start,,,541,10,1,1,1,service_time_sampled=0.116
268.14289182377536,service_end,,,541,10,1,1,1,duration=0.116
268.14289182377536,service_start,,,542,9,1,1,1,service_time_sampled=0.180
268.32307851215745,service_end,,,542,9,1,1,1,duration=0.180
268.32307851215745,service_start,,,543,8,1,1,1,service_time_sampled=0.399
268.7225162669926,service_end,,,543,8,1,1,1,duration=0.399
268.7225162669926,service_start,,,544,7,1,1,1,service_time_sampled=0.088
268.81089445244834,service_end,,,544,7,1,1,1,duration=0.088
268.81089445244834,service_start,,,545,6,1,1,1,service_time_sampled=0.054
268.86494492136455,service_end,,,545,6,1,1,1,duration=0.054
268.86494492136455,service_start,,,546,5,1,1,1,service_time_sampled=0.320
269.1852462483129,service_end,,,546,5,1,1,1,duration=0.320
269.1852462483129,service_start,,,547,4,1,1,1,service_time_sampled=0.036
269.2209620258287,service_end,,,547,4,1,1,1,duration=0.036
269.2209620258287,service_start,,,548,3,1,1,1,service_time_sampled=0.015
269.23621947518103,service_end,,,548,3,1,1,1,duration=0.015
269.23621947518103,service_start,,,549,2,1,1,1,service_time_sampled=0.032
269.26820543849254,service_end,,,549,2,1,1,1,duration=0.032
269.26820543849254,service_start,,,550,1,1,1,1,service_time_sampled=0.287
269.55508876045076,service_end,,,550,1,1,1,1,duration=0.287
269.55508876045076,service_start,,,551,0,1,1,1,service_time_sampled=0.188
269.74317297981975,service_end,,,551,0,1,1,1,duration=0.188
270.0,landing_end,16,2,,0,1,1,1,pad_q=1
277.0,unload_end,16,2,,0,1,1,1,
277.0,passengers_spawned,16,2,,0,1,1,1,count=41
277.0,passenger_queue_arrival,,,552,1,1,1,1,
277.0,passenger_queue_arrival,,,553,2,1,1,1,
277.0,passenger_queue_arrival,,,554,3,1,1,1,
277.0,passenger_queue_arrival,,,555,4,1,1,1,
277.0,passenger_queue_arrival,,,556,5,1,1,1,
277.0,passenger_queue_arrival,,,557,6,1,1,1,
277.0,passenger_queue_arrival,,,558,7,1,1,1,
277.0,passenger_queue_arrival,,,559,8,1,1,1,
277.0,passenger_queue_arrival,,,560,9,1,1,1,
277.0,passenger_queue_arrival,,,561,10,1,1,1,
277.0,passenger_queue_arrival,,,562,11,1,1,1,
277.0,passenger_queue_arrival,,,563,12,1,1,1,
277.0,passenger_queue_arrival,,,564,13,1,1,1,
277.0,passenger_queue_arrival,,,565,14,1,1,1,
277.0,passenger_queue_arrival,,,566,15,1,1,1,
277.0,passenger_queue_arrival,,,567,16,1,1,1,
277.0,passenger_queue_arrival,,,568,17,1,1,1,
277.0,passenger_queue_arrival,,,569,18,1,1,1,
277.0,passenger_queue_arrival,,,570,19,1,1,1,
277.0,passenger_queue_arrival,,,571,20,1,1,1,
277.0,passenger_queue_arrival,,,572,21,1,1,1,
277.0,passenger_queue_arrival,,,573,22,1,1,1,
277.0,passenger_queue_arrival,,,574,23,1,1,1,
277.0,passenger_queue_arrival,,,575,24,1,1,1,
277.0,passenger_queue_arrival,,,576,25,1,1,1,
277.0,passenger_queue_arrival,,,577,26,1,1,1,
277.0,passenger_queue_arrival,,,578,27,1,1,1,
277.0,passenger_queue_arrival,,,579,28,1,1,1,
277.0,passenger_queue_arrival,,,580,29,1,1,1,
277.0,passenger_queue_arrival,,,581,30,1,1,1,
277.0,passenger_queue_arrival,,,582,31,1,1,1,
277.0,passenger_queue_arrival,,,583,32,1,1,1,
277.0,passenger_queue_arrival,,,584,33,1,1,1,
277.0,passenger_queue_arrival,,,585,34,1,1,1,
277.0,passenger_queue_arrival,,,586,35,1,1,1,
277.0,passenger_queue_arrival,,,587,36,1,1,1,
277.0,passenger_queue_arrival,,,588,37,1,1,1,
277.0,passenger_queue_arrival,,,589,38,1,1,1,
277.0,passenger_queue_arrival,,,590,39,1,1,1,
277.0,passenger_queue_arrival,,,591,40,1,1,1,
277.0,passenger_queue_arrival,,,592,41,1,1,1,
277.0,landing_start,17,3,,41,1,1,1,landing_time=2
277.0,service_start,,,552,40,1,1,1,service_time_sampled=0.044
277.04362300427715,service_end,,,552,40,1,1,1,duration=0.044
277.04362300427715,service_start,,,553,39,1,1,1,service_time_sampled=0.171
277.214627146284,service_end,,,553,39,1,1,1,duration=0.171
277.214627146284,service_start,,,554,38,1,1,1,service_time_sampled=0.083
277.2977859477513,service_end,,,554,38,1,1,1,duration=0.083
277.2977859477513,service_start,,,555,37,1,1,1,service_time_sampled=0.117
277.4148845660049,service_end,,,555,37,1,1,1,duration=0.117
277.4148845660049,service_start,,,556,36,1,1,1,service_time_sampled=0.029
277.44376935130333,service_end,,,556,36,1,1,1,duration=0.029
277.44376935130333,service_start,,,557,35,1,1,1,service_time_sampled=0.462
277.90588270947325,service_end,,,557,35,1,1,1,duration=0.462
277.90588270947325,service_start,,,558,34,1,1,1,service_time_sampled=0.191
278.0967681346869,service_end,,,558,34,1,1,1,duration=0.191
278.0967681346869,service_start,,,559,33,1,1,1,service_time_sampled=0.015
278.11168651768514,service_end,,,559,33,1,1,1,duration=0.015
278.11168651768514,service_start,,,560,32,1,1,1,service_time_sampled=0.211
278.322828914576,service_end,,,560,32,1,1,1,duration=0.211
278.322828914576,service_start,,,561,31,1,1,1,service_time_sampled=0.161
278.48369280803803,service_end,,,561,31,1,1,1,duration=0.161
278.48369280803803,service_start,,,562,30,1,1,1,service_time_sampled=0.163
278.6466980412703,service_end,,,562,30,1,1,1,duration=0.163
278.6466980412703,service_start,,,563,29,1,1,1,service_time_sampled=0.015
278.66218193715497,service_end,,,563,29,1,1,1,duration=0.015
278.66218193715497,service_start,,,564,28,1,1,1,service_time_sampled=0.163
278.8247878906628,service_end,,,564,28,1,1,1,duration=0.163
278.8247878906628,service_start,,,565,27,1,1,1,service_time_sampled=0.269
279.0,landing_end,17,3,,27,1,1,1,pad_q=1
279.0935202325707,service_end,,,565,27,1,1,1,duration=0.269
279.0935202325707,service_start,,,566,26,1,1,1,service_time_sampled=0.113
279.20659717070583,service_end,,,566,26,1,1,1,duration=0.113
279.20659717070583,service_start,,,567,25,1,1,1,service_time_sampled=0.022
279.2284262275409,service_end,,,567,25,1,1,1,duration=0.022
279.2284262275409,service_start,,,568,24,1,1,1,service_time_sampled=0.113
279.3418878586554,service_end,,,568,24,1,1,1,duration=0.113
279.3418878586554,service_start,,,569,23,1,1,1,service_time_sampled=0.090
279.43178566041536,service_end,,,569,23,1,1,1,duration=0.090
279.43178566041536,service_start,,,570,22,1,1,1,service_time_sampled=0.337
279.76920058820565,service_end,,,570,22,1,1,1,duration=0.337
279.76920058820565,service_start,,,571,21,1,1,1,service_time_sampled=0.010
279.77920058820564,service_end,,,571,21,1,1,1,duration=0.010
279.77920058820564,service_start,,,572,20,1,1,1,service_time_sampled=0.010
279.78920058820563,service_end,,,572,20,1,1,1,duration=0.010
279.78920058820563,service_start,,,573,19,1,1,1,service_time_sampled=0.310
280.0989001519497,service_end,,,573,19,1,1,1,duration=0.310
280.0989001519497,service_start,,,574,18,1,1,1,service_time_sampled=0.182
280.2809530594764,service_end,,,574,18,1,1,1,duration=0.182
280.2809530594764,service_start,,,575,17,1,1,1,service_time_sampled=0.249
280.53034555968475,service_end,,,575,17,1,1,1,duration=0.249
280.53034555968475,service_start,,,576,16,1,1,1,service_time_sampled=0.053
280.5832399336635,service_end,,,576,16,1,1,1,duration=0.053
280.5832399336635,service_start,,,577,15,1,1,1,service_time_sampled=0.044
280.6271392969131,service_end,,,577,15,1,1,1,duration=0.044
280.6271392969131,service_start,,,578,14,1,1,1,service_time_sampled=0.010
280.6371392969131,service_end,,,578,14,1,1,1,duration=0.010
280.6371392969131,service_start,,,579,13,1,1,1,service_time_sampled=0.111
280.7484519553212,service_end,,,579,13,1,1,1,duration=0.111
280.7484519553212,service_start,,,580,12,1,1,1,service_time_sampled=0.356
281.10478133575987,service_end,,,580,12,1,1,1,duration=0.356
281.10478133575987,service_start,,,581,11,1,1,1,service_time_sampled=0.242
281.34689508949265,service_end,,,581,11,1,1,1,duration=0.242
281.34689508949265,service_start,,,582,10,1,1,1,service_time_sampled=0.111
281.4574075465779,service_end,,,582,10,1,1,1,duration=0.111
281.4574075465779,service_start,,,583,9,1,1,1,service_time_sampled=0.081
281.5384903631595,service_end,,,583,9,1,1,1,duration=0.081
281.5384903631595,service_start,,,584,8,1,1,1,service_time_sampled=0.034
281.57208597924586,service_end,,,584,8,1,1,1,duration=0.034
281.57208597924586,service_start,,,585,7,1,1,1,service_time_sampled=0.031
281.6031082954209,service_end,,,585,7,1,1,1,duration=0.031
281.6031082954209,service_start,,,586,6,1,1,1,service_time_sampled=0.022
281.6250673702322,service_end,,,586,6,1,1,1,duration=0.022
281.6250673702322,service_start,,,587,5,1,1,1,service_time_sampled=0.294
281.9189004275392,service_end,,,587,5,1,1,1,duration=0.294
281.9189004275392,service_start,,,588,4,1,1,1,service_time_sampled=0.287
282.0,plane_arrive,19,3,,4,1,1,1,air_q=2
282.2057127363249,service_end,,,588,4,1,1,1,duration=0.287
282.2057127363249,service_start,,,589,3,1,1,1,service_time_sampled=0.010
282.2157127363249,service_end,,,589,3,1,1,1,duration=0.010
282.2157127363249,service_start,,,590,2,1,1,1,service_time_sampled=0.141
282.3565465129888,service_end,,,590,2,1,1,1,duration=0.141
282.3565465129888,service_start,,,591,1,1,1,1,service_time_sampled=0.107
282.4632002597547,service_end,,,591,1,1,1,1,duration=0.107
282.4632002597547,service_start,,,592,0,1,1,1,service_time_sampled=0.241
282.7046735552031,service_end,,,592,0,1,1,1,duration=0.241
286.0,unload_end,17,3,,0,1,1,1,
286.0,passengers_spawned,17,3,,0,1,1,1,count=47
286.0,passenger_queue_arrival,,,593,1,1,1,1,
286.0,passenger_queue_arrival,,,594,2,1,1,1,
286.0,passenger_queue_arrival,,,595,3,1,1,1,
286.0,passenger_queue_arrival,,,596,4,1,1,1,
286.0,passenger_queue_arrival,,,597,5,1,1,1,
286.0,passenger_queue_arrival,,,598,6,1,1,1,
286.0,passenger_queue_arrival,,,599,7,1,1,1,
286.0,passenger_queue_arrival,,,600,8,1,1,1,
286.0,passenger_queue_arrival,,,601,9,1,1,1,
286.0,passenger_queue_arrival,,,602,10,1,1,1,
286.0,passenger_queue_arrival,,,603,11,1,1,1,
286.0,passenger_queue_arrival,,,604,12,1,1,1,
286.0,passenger_queue_arrival,,,605,13,1,1,1,
286.0,passenger_queue_arrival,,,606,14,1,1,1,
286.0,passenger_queue_arrival,,,607,15,1,1,1,
286.0,passenger_queue_arrival,,,608,16,1,1,1,
286.0,passenger_queue_arrival,,,609,17,1,1,1,
286.0,passenger_queue_arrival,,,610,18,1,1,1,
286.0,passenger_queue_arrival,,,611,19,1,1,1,
286.0,passenger_queue_arrival,,,612,20,1,1,1,
286.0,passenger_queue_arrival,,,613,21,1,1,1,
286.0,passenger_queue_arrival,,,614,22,1,1,1,
286.0,passenger_queue_arrival,,,615,23,1,1,1,
286.0,passenger_queue_arrival,,,616,24,1,1,1,
286.0,passenger_queue_arrival,,,617,25,1,1,1,
286.0,passenger_queue_arrival,,,618,26,1,1,1,
286.0,passenger_queue_arrival,,,619,27,1,1,1,
286.0,passenger_queue_arrival,,,620,28,1,1,1,
286.0,passenger_queue_arrival,,,621,29,1,1,1,
286.0,passenger_queue_arrival,,,622,30,1,1,1,
286.0,passenger_queue_arrival,,,623,31,1,1,1,
286.0,passenger_queue_arrival,,,624,32,1,1,1,
286.0,passenger_queue_arrival,,,625,33,1,1,1,
286.0,passenger_queue_arrival,,,626,34,1,1,1,
286.0,passenger_queue_arrival,,,627,35,1,1,1,
286.0,passenger_queue_arrival,,,628,36,1,1,1,
286.0,passenger_queue_arrival,,,629,37,1,1,1,
286.0,passenger_queue_arrival,,,630,38,1,1,1,
286.0,passenger_queue_arrival,,,631,39,1,1,1,
286.0,passenger_queue_arrival,,,632,40,1,1,1,
286.0,passenger_queue_arrival,,,633,41,1,1,1,
286.0,passenger_queue_arrival,,,634,42,1,1,1,
286.0,passenger_queue_arrival,,,635,43,1,1,1,
286.0,passenger_queue_arrival,,,636,44,1,1,1,
286.0,passenger_queue_arrival,,,637,45,1,1,1,
286.0,passenger_queue_arrival,,,638,46,1,1,1,
286.0,passenger_queue_arrival,,,639,47,1,1,1,
286.0,landing_start,18,1,,47,1,1,1,landing_time=3
286.0,service_start,,,593,46,1,1,1,service_time_sampled=0.069
286.06870518736366,service_end,,,593,46,1,1,1,duration=0.069
286.06870518736366,service_start,,,594,45,1,1,1,service_time_sampled=0.039
286.10725694429965,service_end,,,594,45,1,1,1,duration=0.039
286.10725694429965,service_start,,,595,44,1,1,1,service_time_sampled=0.040
286.1470141810665,service_end,,,595,44,1,1,1,duration=0.040
286.1470141810665,service_start,,,596,43,1,1,1,service_time_sampled=0.364
286.5111661033442,service_end,,,596,43,1,1,1,duration=0.364
286.5111661033442,service_start,,,597,42,1,1,1,service_time_sampled=0.112
286.6232200436956,service_end,,,597,42,1,1,1,duration=0.112
286.6232200436956,service_start,,,598,41,1,1,1,service_time_sampled=0.183
286.80602180508464,service_end,,,598,41,1,1,1,duration=0.183
286.80602180508464,service_start,,,599,40,1,1,1,service_time_sampled=0.010
286.81602180508463,service_end,,,599,40,1,1,1,duration=0.010
286.81602180508463,service_start,,,600,39,1,1,1,service_time_sampled=0.105
286.92092293924185,service_end,,,600,39,1,1,1,duration=0.105
286.92092293924185,service_start,,,601,38,1,1,1,service_time_sampled=0.086
287.0066401494443,service_end,,,601,38,1,1,1,duration=0.086
287.0066401494443,service_start,,,602,37,1,1,1,service_time_sampled=0.329
287.3358770796605,service_end,,,602,37,1,1,1,duration=0.329
287.3358770796605,service_start,,,603,36,1,1,1,service_time_sampled=0.097
287.4329350178459,service_end,,,603,36,1,1,1,duration=0.097
287.4329350178459,service_start,,,604,35,1,1,1,service_time_sampled=0.256
287.689149752294,service_end,,,604,35,1,1,1,duration=0.256
287.689149752294,service_start,,,605,34,1,1,1,service_time_sampled=0.010
287.699149752294,service_end,,,605,34,1,1,1,duration=0.010
287.699149752294,service_start,,,606,33,1,1,1,service_time_sampled=0.084
287.78307295031266,service_end,,,606,33,1,1,1,duration=0.084
287.78307295031266,service_start,,,607,32,1,1,1,service_time_sampled=0.191
287.9740430744744,service_end,,,607,32,1,1,1,duration=0.191
287.9740430744744,service_start,,,608,31,1,1,1,service_time_sampled=0.010
287.9840430744744,service_end,,,608,31,1,1,1,duration=0.010
287.9840430744744,service_start,,,609,30,1,1,1,service_time_sampled=0.182
288.16601389326735,service_end,,,609,30,1,1,1,duration=0.182
288.16601389326735,service_start,,,610,29,1,1,1,service_time_sampled=0.132
288.29848131318045,service_end,,,610,29,1,1,1,duration=0.132
288.29848131318045,service_start,,,611,28,1,1,1,service_time_sampled=0.191
288.48986397529984,service_end,,,611,28,1,1,1,duration=0.191
288.48986397529984,service_start,,,612,27,1,1,1,service_time_sampled=0.080
288.5699675283882,service_end,,,612,27,1,1,1,duration=0.080
288.5699675283882,service_start,,,613,26,1,1,1,service_time_sampled=0.018
288.58758556142544,service_end,,,613,26,1,1,1,duration=0.018
288.58758556142544,service_start,,,614,25,1,1,1,service_time_sampled=0.010
288.59758556142543,service_end,,,614,25,1,1,1,duration=0.010
288.59758556142543,service_start,,,615,24,1,1,1,service_time_sampled=0.087
288.6842341162075,service_end,,,615,24,1,1,1,duration=0.087
288.6842341162075,service_start,,,616,23,1,1,1,service_time_sampled=0.218
288.90188569773454,service_end,,,616,23,1,1,1,duration=0.218
288.90188569773454,service_start,,,617,22,1,1,1,service_time_sampled=0.065
288.9673144480762,service_end,,,617,22,1,1,1,duration=0.065
288.9673144480762,service_start,,,618,21,1,1,1,service_time_sampled=0.010
288.9773144480762,service_end,,,618,21,1,1,1,duration=0.010
288.9773144480762,service_start,,,619,20,1,1,1,service_time_sampled=0.173
289.0,landing_end,18,1,,20,1,1,1,pad_q=1
289.14982149611967,service_end,,,619,20,1,1,1,duration=0.173
289.14982149611967,service_start,,,620,19,1,1,1,service_time_sampled=0.207
289.35634238167506,service_end,,,620,19,1,1,1,duration=0.207
289.35634238167506,service_start,,,621,18,1,1,1,service_time_sampled=0.010
289.36634238167505,service_end,,,621,18,1,1,1,duration=0.010
289.36634238167505,service_start,,,622,17,1,1,1,service_time_sampled=0.090
289.4559197882502,service_end,,,622,17,1,1,1,duration=0.090
289.4559197882502,service_start,,,623,16,1,1,1,service_time_sampled=0.249
289.70459029683354,service_end,,,623,16,1,1,1,duration=0.249
289.70459029683354,service_start,,,624,15,1,1,1,service_time_sampled=0.015
289.71927460451934,service_end,,,624,15,1,1,1,duration=0.015
289.71927460451934,service_start,,,625,14,1,1,1,service_time_sampled=0.053
289.7717891202748,service_end,,,625,14,1,1,1,duration=0.053
289.7717891202748,service_start,,,626,13,1,1,1,service_time_sampled=0.281
290.0531054188446,service_end,,,626,13,1,1,1,duration=0.281
290.0531054188446,service_start,,,627,12,1,1,1,service_time_sampled=0.016
290.0694517614534,service_end,,,627,12,1,1,1,duration=0.016
290.0694517614534,service_start,,,628,11,1,1,1,service_time_sampled=0.058
290.1276268595727,service_end,,,628,11,1,1,1,duration=0.058
290.1276268595727,service_start,,,629,10,1,1,1,service_time_sampled=0.064
290.1917055805624,service_end,,,629,10,1,1,1,duration=0.064
290.1917055805624,service_start,,,630,9,1,1,1,service_time_sampled=0.010
290.2017055805624,service_end,,,630,9,1,1,1,duration=0.010
290.2017055805624,service_start,,,631,8,1,1,1,service_time_sampled=0.025
290.2263780671647,service_end,,,631,8,1,1,1,duration=0.025
290.2263780671647,service_start,,,632,7,1,1,1,service_time_sampled=0.027
290.25317168783556,service_end,,,632,7,1,1,1,duration=0.027
290.25317168783556,service_start,,,633,6,1,1,1,service_time_sampled=0.017
290.2701738048595,service_end,,,633,6,1,1,1,duration=0.017
290.2701738048595,service_start,,,634,5,1,1,1,service_time_sampled=0.065
290.335391589425,service_end,,,634,5,1,1,1,duration=0.065
290.335391589425,service_start,,,635,4,1,1,1,service_time_sampled=0.063
290.3982843872851,service_end,,,635,4,1,1,1,duration=0.063
290.3982843872851,service_start,,,636,3,1,1,1,service_time_sampled=0.322
290.71983967948387,service_end,,,636,3,1,1,1,duration=0.322
290.71983967948387,service_start,,,637,2,1,1,1,service_time_sampled=0.140
290.8601382175764,service_end,,,637,2,1,1,1,duration=0.140
290.8601382175764,service_start,,,638,1,1,1,1,service_time_sampled=0.143
291.0028134490473,service_end,,,638,1,1,1,1,duration=0.143
291.0028134490473,service_start,,,639,0,1,1,1,service_time_sampled=0.010
291.0128134490473,service_end,,,639,0,1,1,1,duration=0.010
296.0,unload_end,18,1,,0,1,1,1,
296.0,passengers_spawned,18,1,,0,1,1,1,count=30
296.0,passenger_queue_arrival,,,640,1,1,1,1,
296.0,passenger_queue_arrival,,,641,2,1,1,1,
296.0,passenger_queue_arrival,,,642,3,1,1,1,
296.0,passenger_queue_arrival,,,643,4,1,1,1,
296.0,passenger_queue_arrival,,,644,5,1,1,1,
296.0,passenger_queue_arrival,,,645,6,1,1,1,
296.0,passenger_queue_arrival,,,646,7,1,1,1,
296.0,passenger_queue_arrival,,,647,8,1,1,1,
296.0,passenger_queue_arrival,,,648,9,1,1,1,
296.0,passenger_queue_arrival,,,649,10,1,1,1,
296.0,passenger_queue_arrival,,,650,11,1,1,1,
296.0,passenger_queue_arrival,,,651,12,1,1,1,
296.0,passenger_queue_arrival,,,652,13,1,1,1,
296.0,passenger_queue_arrival,,,653,14,1,1,1,
296.0,passenger_queue_arrival,,,654,15,1,1,1,
296.0,passenger_queue_arrival,,,655,16,1,1,1,
296.0,passenger_queue_arrival,,,656,17,1,1,1,
296.0,passenger_queue_arrival,,,657,18,1,1,1,
296.0,passenger_queue_arrival,,,658,19,1,1,1,
296.0,passenger_queue_arrival,,,659,20,1,1,1,
296.0,passenger_queue_arrival,,,660,21,1,1,1,
296.0,passenger_queue_arrival,,,661,22,1,1,1,
296.0,passenger_queue_arrival,,,662,23,1,1,1,
296.0,passenger_queue_arrival,,,663,24,1,1,1,
296.0,passenger_queue_arrival,,,664,25,1,1,1,
296.0,passenger_queue_arrival,,,665,26,1,1,1,
296.0,passenger_queue_arrival,,,666,27,1,1,1,
296.0,passenger_queue_arrival,,,667,28,1,1,1,
296.0,passenger_queue_arrival,,,668,29,1,1,1,
296.0,passenger_queue_arrival,,,669,30,1,1,1,
296.0,landing_start,19,3,,30,1,1,1,landing_time=2
296.0,service_start,,,640,29,1,1,1,service_time_sampled=0.185
296.184770058439,service_end,,,640,29,1,1,1,duration=0.185
296.184770058439,service_start,,,641,28,1,1,1,service_time_sampled=0.232
296.416745384819,service_end,,,641,28,1,1,1,duration=0.232
296.416745384819,service_start,,,642,27,1,1,1,service_time_sampled=0.738
297.1548891577713,service_end,,,642,27,1,1,1,duration=0.738
297.1548891577713,service_start,,,643,26,1,1,1,service_time_sampled=0.012
297.16676756520513,service_end,,,643,26,1,1,1,duration=0.012
297.16676756520513,service_start,,,644,25,1,1,1,service_time_sampled=0.177
297.34380998524335,service_end,,,644,25,1,1,1,duration=0.177
297.34380998524335,service_start,,,645,24,1,1,1,service_time_sampled=0.067
297.4110716378941,service_end,,,645,24,1,1,1,duration=0.067
297.4110716378941,service_start,,,646,23,1,1,1,service_time_sampled=0.067
297.47853689289883,service_end,,,646,23,1,1,1,duration=0.067
297.47853689289883,service_start,,,647,22,1,1,1,service_time_sampled=0.207
297.68527170085343,service_end,,,647,22,1,1,1,duration=0.207
297.68527170085343,service_start,,,648,21,1,1,1,service_time_sampled=0.010
297.6952717008534,service_end,,,648,21,1,1,1,duration=0.010
297.6952717008534,service_start,,,649,20,1,1,1,service_time_sampled=0.152
297.8473272628872,service_end,,,649,20,1,1,1,duration=0.152
297.8473272628872,service_start,,,650,19,1,1,1,service_time_sampled=0.115
297.9622221851238,service_end,,,650,19,1,1,1,duration=0.115
297.9622221851238,service_start,,,651,18,1,1,1,service_time_sampled=0.546
298.0,landing_end,19,3,,18,1,1,1,pad_q=1
298.50823642388764,service_end,,,651,18,1,1,1,duration=0.546
298.50823642388764,service_start,,,652,17,1,1,1,service_time_sampled=0.147
298.6550848308791,service_end,,,652,17,1,1,1,duration=0.147
298.6550848308791,service_start,,,653,16,1,1,1,service_time_sampled=0.126
298.7806802915249,service_end,,,653,16,1,1,1,duration=0.126
298.7806802915249,service_start,,,654,15,1,1,1,service_time_sampled=0.055
298.8355888581736,service_end,,,654,15,1,1,1,duration=0.055
298.8355888581736,service_start,,,655,14,1,1,1,service_time_sampled=0.120
298.9552215190127,service_end,,,655,14,1,1,1,duration=0.120
298.9552215190127,service_start,,,656,13,1,1,1,service_time_sampled=0.227
299.1818173986162,service_end,,,656,13,1,1,1,duration=0.227
299.1818173986162,service_start,,,657,12,1,1,1,service_time_sampled=0.010
299.1918173986162,service_end,,,657,12,1,1,1,duration=0.010
299.1918173986162,service_start,,,658,11,1,1,1,service_time_sampled=0.011
299.2032829276407,service_end,,,658,11,1,1,1,duration=0.011
299.2032829276407,service_start,,,659,10,1,1,1,service_time_sampled=0.525
299.72829658360763,service_end,,,659,10,1,1,1,duration=0.525
299.72829658360763,service_start,,,660,9,1,1,1,service_time_sampled=0.163
299.8909290282823,service_end,,,660,9,1,1,1,duration=0.163
299.8909290282823,service_start,,,661,8,1,1,1,service_time_sampled=0.222
300.11294183643315,service_end,,,661,8,1,1,1,duration=0.222
300.11294183643315,service_start,,,662,7,1,1,1,service_time_sampled=0.256
300.369417548142,service_end,,,662,7,1,1,1,duration=0.256
300.369417548142,service_start,,,663,6,1,1,1,service_time_sampled=0.012
300.3811986873376,service_end,,,663,6,1,1,1,duration=0.012
300.3811986873376,service_start,,,664,5,1,1,1,service_time_sampled=0.010
300.3911986873376,service_end,,,664,5,1,1,1,duration=0.010
300.3911986873376,service_start,,,665,4,1,1,1,service_time_sampled=0.200
300.59131157778216,service_end,,,665,4,1,1,1,duration=0.200
300.59131157778216,service_start,,,666,3,1,1,1,service_time_sampled=0.059
300.64995474874047,service_end,,,666,3,1,1,1,duration=0.059
300.64995474874047,service_start,,,667,2,1,1,1,service_time_sampled=0.026
300.67581081249995,service_end,,,667,2,1,1,1,duration=0.026
300.67581081249995,service_start,,,668,1,1,1,1,service_time_sampled=0.058
300.7342229056754,service_end,,,668,1,1,1,1,duration=0.058
300.7342229056754,service_start,,,669,0,1,1,1,service_time_sampled=0.061
300.7951453596033,service_end,,,669,0,1,1,1,duration=0.061
304.0,plane_arrive,20,3,,0,1,1,1,air_q=1
305.0,unload_end,19,3,,0,1,1,1,
305.0,passengers_spawned,19,3,,0,1,1,1,count=55
305.0,passenger_queue_arrival,,,670,1,1,1,1,
305.0,passenger_queue_arrival,,,671,2,1,1,1,
305.0,passenger_queue_arrival,,,672,3,1,1,1,
305.0,passenger_queue_arrival,,,673,4,1,1,1,
305.0,passenger_queue_arrival,,,674,5,1,1,1,
305.0,passenger_queue_arrival,,,675,6,1,1,1,
305.0,passenger_queue_arrival,,,676,7,1,1,1,
305.0,passenger_queue_arrival,,,677,8,1,1,1,
305.0,passenger_queue_arrival,,,678,9,1,1,1,
305.0,passenger_queue_arrival,,,679,10,1,1,1,
305.0,passenger_queue_arrival,,,680,11,1,1,1,
305.0,passenger_queue_arrival,,,681,12,1,1,1,
305.0,passenger_queue_arrival,,,682,13,1,1,1,
305.0,passenger_queue_arrival,,,683,14,1,1,1,
305.0,passenger_queue_arrival,,,684,15,1,1,1,
305.0,passenger_queue_arrival,,,685,16,1,1,1,
305.0,passenger_queue_arrival,,,686,17,1,1,1,
305.0,passenger_queue_arrival,,,687,18,1,1,1,
305.0,passenger_queue_arrival,,,688,19,1,1,1,
305.0,passenger_queue_arrival,,,689,20,1,1,1,
305.0,passenger_queue_arrival,,,690,21,1,1,1,
305.0,passenger_queue_arrival,,,691,22,1,1,1,
305.0,passenger_queue_arrival,,,692,23,1,1,1,
305.0,passenger_queue_arrival,,,693,24,1,1,1,
305.0,passenger_queue_arrival,,,694,25,1,1,1,
305.0,passenger_queue_arrival,,,695,26,1,1,1,
305.0,passenger_queue_arrival,,,696,27,1,1,1,
305.0,passenger_queue_arrival,,,697,28,1,1,1,
305.0,passenger_queue_arrival,,,698,29,1,1,1,
305.0,passenger_queue_arrival,,,699,30,1,1,1,
305.0,passenger_queue_arrival,,,700,31,1,1,1,
305.0,passenger_queue_arrival,,,701,32,1,1,1,
305.0,passenger_queue_arrival,,,702,33,1,1,1,
305.0,passenger_queue_arrival,,,703,34,1,1,1,
305.0,passenger_queue_arrival,,,704,35,1,1,1,
305.0,passenger_queue_arrival,,,705,36,1,1,1,
305.0,passenger_queue_arrival,,,706,37,1,1,1,
305.0,passenger_queue_arrival,,,707,38,1,1,1,
305.0,passenger_queue_arrival,,,708,39,1,1,1,
305.0,passenger_queue_arrival,,,709,40,1,1,1,
305.0,passenger_queue_arrival,,,710,41,1,1,1,
305.0,passenger_queue_arrival,,,711,42,1,1,1,
305.0,passenger_queue_arrival,,,712,43,1,1,1,
305.0,passenger_queue_arrival,,,713,44,1,1,1,
305.0,passenger_queue_arrival,,,714,45,1,1,1,
305.0,passenger_queue_arrival,,,715,46,1,1,1,
305.0,passenger_queue_arrival,,,716,47,1,1,1,
305.0,passenger_queue_arrival,,,717,48,1,1,1,
305.0,passenger_queue_arrival,,,718,49,1,1,1,
305.0,passenger_queue_arrival,,,719,50,1,1,1,
305.0,passenger_queue_arrival,,,720,51,1,1,1,
305.0,passenger_queue_arrival,,,721,52,1,1,1,
305.0,passenger_queue_arrival,,,722,53,1,1,1,
305.0,passenger_queue_arrival,,,723,54,1,1,1,
305.0,passenger_queue_arrival,,,724,55,1,1,1,
305.0,landing_start,20,3,,55,1,1,1,landing_time=1
305.0,service_start,,,670,54,1,1,1,service_time_sampled=0.059
305.0587598710145,service_end,,,670,54,1,1,1,duration=0.059
305.0587598710145,service_start,,,671,53,1,1,1,service_time_sampled=0.035
305.09391728974475,service_end,,,671,53,1,1,1,duration=0.035
305.09391728974475,service_start,,,672,52,1,1,1,service_time_sampled=0.056
305.1500498142332,service_end,,,672,52,1,1,1,duration=0.056
305.1500498142332,service_start,,,673,51,1,1,1,service_time_sampled=0.087
305.23695746105665,service_end,,,673,51,1,1,1,duration=0.087
305.23695746105665,service_start,,,674,50,1,1,1,service_time_sampled=0.220
305.45666333996394,service_end,,,674,50,1,1,1,duration=0.220
305.45666333996394,service_start,,,675,49,1,1,1,service_time_sampled=0.056
305.51219244173666,service_end,,,675,49,1,1,1,duration=0.056
305.51219244173666,service_start,,,676,48,1,1,1,service_time_sampled=0.022
305.5337393599437,service_end,,,676,48,1,1,1,duration=0.022
305.5337393599437,service_start,,,677,47,1,1,1,service_time_sampled=0.092
305.62623534279294,service_end,,,677,47,1,1,1,duration=0.092
305.62623534279294,service_start,,,678,46,1,1,1,service_time_sampled=0.050
305.6764732158371,service_end,,,678,46,1,1,1,duration=0.050
305.6764732158371,service_start,,,679,45,1,1,1,service_time_sampled=0.170
305.8461772513715,service_end,,,679,45,1,1,1,duration=0.170
305.8461772513715,service_start,,,680,44,1,1,1,service_time_sampled=0.293
306.0,landing_end,20,3,,44,1,1,1,pad_q=1
306.13932477918917,service_end,,,680,44,1,1,1,duration=0.293
306.13932477918917,service_start,,,681,43,1,1,1,service_time_sampled=0.046
306.18557371118754,service_end,,,681,43,1,1,1,duration=0.046
306.18557371118754,service_start,,,682,42,1,1,1,service_time_sampled=0.047
306.232238316238,service_end,,,682,42,1,1,1,duration=0.047
306.232238316238,service_start,,,683,41,1,1,1,service_time_sampled=0.010
306.242238316238,service_end,,,683,41,1,1,1,duration=0.010
306.242238316238,service_start,,,684,40,1,1,1,service_time_sampled=0.031
306.273268476396,service_end,,,684,40,1,1,1,duration=0.031
306.273268476396,service_start,,,685,39,1,1,1,service_time_sampled=0.356
306.5424865218753,failure,,,,,1,0,0,element=door
306.5424865218753,service_interrupted,,,685,39,1,0,0,remaining=0.086
313.0,unload_end,20,3,,39,1,0,0,
313.0,passengers_spawned,20,3,,39,1,0,0,count=54
313.0,passenger_queue_arrival,,,725,40,1,0,0,
313.0,passenger_queue_arrival,,,726,41,1,0,0,
313.0,passenger_queue_arrival,,,727,42,1,0,0,
313.0,passenger_queue_arrival,,,728,43,1,0,0,
313.0,passenger_queue_arrival,,,729,44,1,0,0,
313.0,passenger_queue_arrival,,,730,45,1,0,0,
313.0,passenger_queue_arrival,,,731,46,1,0,0,
313.0,passenger_queue_arrival,,,732,47,1,0,0,
313.0,passenger_queue_arrival,,,733,48,1,0,0,
313.0,passenger_queue_arrival,,,734,49,1,0,0,
313.0,passenger_queue_arrival,,,735,50,1,0,0,
313.0,passenger_queue_arrival,,,736,51,1,0,0,
313.0,passenger_queue_arrival,,,737,52,1,0,0,
313.0,passenger_queue_arrival,,,738,53,1,0,0,
313.0,passenger_queue_arrival,,,739,54,1,0,0,
313.0,passenger_queue_arrival,,,740,55,1,0,0,
313.0,passenger_queue_arrival,,,741,56,1,0,0,
313.0,passenger_queue_arrival,,,742,57,1,0,0,
313.0,passenger_queue_arrival,,,743,58,1,0,0,
313.0,passenger_queue_arrival,,,744,59,1,0,0,
313.0,passenger_queue_arrival,,,745,60,1,0,0,
313.0,passenger_queue_arrival,,,746,61,1,0,0,
313.0,passenger_queue_arrival,,,747,62,1,0,0,
313.0,passenger_queue_arrival,,,748,63,1,0,0,
313.0,passenger_queue_arrival,,,749,64,1,0,0,
313.0,passenger_queue_arrival,,,750,65,1,0,0,
313.0,passenger_queue_arrival,,,751,66,1,0,0,
313.0,passenger_queue_arrival,,,752,67,1,0,0,
313.0,passenger_queue_arrival,,,753,68,1,0,0,
313.0,passenger_queue_arrival,,,754,69,1,0,0,
313.0,passenger_queue_arrival,,,755,70,1,0,0,
313.0,passenger_queue_arrival,,,756,71,1,0,0,
313.0,passenger_queue_arrival,,,757,72,1,0,0,
313.0,passenger_queue_arrival,,,758,73,1,0,0,
313.0,passenger_queue_arrival,,,759,74,1,0,0,
313.0,passenger_queue_arrival,,,760,75,1,0,0,
313.0,passenger_queue_arrival,,,761,76,1,0,0,
313.0,passenger_queue_arrival,,,762,77,1,0,0,
313.0,passenger_queue_arrival,,,763,78,1,0,0,
313.0,passenger_queue_arrival,,,764,79,1,0,0,
313.0,passenger_queue_arrival,,,765,80,1,0,0,
313.0,passenger_queue_arrival,,,766,81,1,0,0,
313.0,passenger_queue_arrival,,,767,82,1,0,0,
313.0,passenger_queue_arrival,,,768,83,1,0,0,
313.0,passenger_queue_arrival,,,769,84,1,0,0,
313.0,passenger_queue_arrival,,,770,85,1,0,0,
313.0,passenger_queue_arrival,,,771,86,1,0,0,
313.0,passenger_queue_arrival,,,772,87,1,0,0,
313.0,passenger_queue_arrival,,,773,88,1,0,0,
313.0,passenger_queue_arrival,,,774,89,1,0,0,
313.0,passenger_queue_arrival,,,775,90,1,0,0,
313.0,passenger_queue_arrival,,,776,91,1,0,0,
313.0,passenger_queue_arrival,,,777,92,1,0,0,
313.0,passenger_queue_arrival,,,778,93,1,0,0,
317.5745499084038,repair,,,,,1,1,1,"element=door, repair_time=11.032"
317.7289523460026,service_end,,,685,93,1,1,1,duration=11.456
317.7289523460026,service_start,,,686,92,1,1,1,service_time_sampled=0.024
317.7528474359935,service_end,,,686,92,1,1,1,duration=0.024
317.7528474359935,service_start,,,687,91,1,1,1,service_time_sampled=0.025
317.777905046684,service_end,,,687,91,1,1,1,duration=0.025
317.777905046684,service_start,,,688,90,1,1,1,service_time_sampled=0.060
317.83750961672195,service_end,,,688,90,1,1,1,duration=0.060
317.83750961672195,service_start,,,689,89,1,1,1,service_time_sampled=0.063
317.90095753622325,service_end,,,689,89,1,1,1,duration=0.063
317.90095753622325,service_start,,,690,88,1,1,1,service_time_sampled=0.041
317.9416597149922,service_end,,,690,88,1,1,1,duration=0.041
317.9416597149922,service_start,,,691,87,1,1,1,service_time_sampled=0.048
317.9897140844282,service_end,,,691,87,1,1,1,duration=0.048
317.9897140844282,service_start,,,692,86,1,1,1,service_time_sampled=0.028
318.01735950108883,service_end,,,692,86,1,1,1,duration=0.028
318.01735950108883,service_start,,,693,85,1,1,1,service_time_sampled=0.025
318.0425246549291,service_end,,,693,85,1,1,1,duration=0.025
318.0425246549291,service_start,,,694,84,1,1,1,service_time_sampled=0.177
318.2190611000407,service_end,,,694,84,1,1,1,duration=0.177
318.2190611000407,service_start,,,695,83,1,1,1,service_time_sampled=0.084
318.30309189372014,service_end,,,695,83,1,1,1,duration=0.084
318.30309189372014,service_start,,,696,82,1,1,1,service_time_sampled=0.111
318.4139398329525,service_end,,,696,82,1,1,1,duration=0.111
318.4139398329525,service_start,,,697,81,1,1,1,service_time_sampled=0.271
318.6846757692091,service_end,,,697,81,1,1,1,duration=0.271
318.6846757692091,service_start,,,698,80,1,1,1,service_time_sampled=0.137
318.82123032862614,service_end,,,698,80,1,1,1,duration=0.137
318.82123032862614,service_start,,,699,79,1,1,1,service_time_sampled=0.032
318.8533921912324,service_end,,,699,79,1,1,1,duration=0.032
318.8533921912324,service_start,,,700,78,1,1,1,service_time_sampled=0.149
319.00206912300933,service_end,,,700,78,1,1,1,duration=0.149
319.00206912300933,service_start,,,701,77,1,1,1,service_time_sampled=0.010
319.0120691230093,service_end,,,701,77,1,1,1,duration=0.010
319.0120691230093,service_start,,,702,76,1,1,1,service_time_sampled=0.030
319.0420255287676,service_end,,,702,76,1,1,1,duration=0.030
319.0420255287676,service_start,,,703,75,1,1,1,service_time_sampled=0.322
319.36418760366394,service_end,,,703,75,1,1,1,duration=0.322
319.36418760366394,service_start,,,704,74,1,1,1,service_time_sampled=0.028
319.3920258162527,service_end,,,704,74,1,1,1,duration=0.028
319.3920258162527,service_start,,,705,73,1,1,1,service_time_sampled=0.047
319.4394440280139,service_end,,,705,73,1,1,1,duration=0.047
319.4394440280139,service_start,,,706,72,1,1,1,service_time_sampled=0.367
319.8064860761289,service_end,,,706,72,1,1,1,duration=0.367
319.8064860761289,service_start,,,707,71,1,1,1,service_time_sampled=0.031
319.83714637582403,service_end,,,707,71,1,1,1,duration=0.031
319.83714637582403,service_start,,,708,70,1,1,1,service_time_sampled=0.084
319.9215599912157,service_end,,,708,70,1,1,1,duration=0.084
319.9215599912157,service_start,,,709,69,1,1,1,service_time_sampled=0.094
320.0155352643754,service_end,,,709,69,1,1,1,duration=0.094
320.0155352643754,service_start,,,710,68,1,1,1,service_time_sampled=0.039
320.0541413659335,service_end,,,710,68,1,1,1,duration=0.039
320.0541413659335,service_start,,,711,67,1,1,1,service_time_sampled=0.065
320.1186509454343,service_end,,,711,67,1,1,1,duration=0.065
320.1186509454343,service_start,,,712,66,1,1,1,service_time_sampled=0.241
320.359415669973,service_end,,,712,66,1,1,1,duration=0.241
320.359415669973,service_start,,,713,65,1,1,1,service_time_sampled=0.419
320.778666671479,service_end,,,713,65,1,1,1,duration=0.419
320.778666671479,service_start,,,714,64,1,1,1,service_time_sampled=0.372
321.1506192735958,service_end,,,714,64,1,1,1,duration=0.372
321.1506192735958,service_start,,,715,63,1,1,1,service_time_sampled=0.073
321.2239900713627,service_end,,,715,63,1,1,1,duration=0.073
321.2239900713627,service_start,,,716,62,1,1,1,service_time_sampled=0.058
321.28174038778513,service_end,,,716,62,1,1,1,duration=0.058
321.28174038778513,service_start,,,717,61,1,1,1,service_time_sampled=0.079
321.3602421359515,service_end,,,717,61,1,1,1,duration=0.079
321.3602421359515,service_start,,,718,60,1,1,1,service_time_sampled=0.077
321.4376085381712,service_end,,,718,60,1,1,1,duration=0.077
321.4376085381712,service_start,,,719,59,1,1,1,service_time_sampled=0.301
321.7386014147624,service_end,,,719,59,1,1,1,duration=0.301
321.7386014147624,service_start,,,720,58,1,1,1,service_time_sampled=0.010
321.7486014147624,service_end,,,720,58,1,1,1,duration=0.010
321.7486014147624,service_start,,,721,57,1,1,1,service_time_sampled=0.124
321.87245732411316,service_end,,,721,57,1,1,1,duration=0.124
321.87245732411316,service_start,,,722,56,1,1,1,service_time_sampled=0.010
321.88245732411315,service_end,,,722,56,1,1,1,duration=0.010
321.88245732411315,service_start,,,723,55,1,1,1,service_time_sampled=0.231
322.1138144917133,service_end,,,723,55,1,1,1,duration=0.231
322.1138144917133,service_start,,,724,54,1,1,1,service_time_sampled=0.164
322.2781781045224,service_end,,,724,54,1,1,1,duration=0.164
322.2781781045224,service_start,,,725,53,1,1,1,service_time_sampled=0.394
322.6719058023397,service_end,,,725,53,1,1,1,duration=0.394
322.6719058023397,service_start,,,726,52,1,1,1,service_time_sampled=0.047
322.7192127350543,service_end,,,726,52,1,1,1,duration=0.047
322.7192127350543,service_start,,,727,51,1,1,1,service_time_sampled=0.062
322.7813613865413,service_end,,,727,51,1,1,1,duration=0.062
322.7813613865413,service_start,,,728,50,1,1,1,service_time_sampled=0.072
322.85337607333435,service_end,,,728,50,1,1,1,duration=0.072
322.85337607333435,service_start,,,729,49,1,1,1,service_time_sampled=0.222
323.07561755685674,service_end,,,729,49,1,1,1,duration=0.222
323.07561755685674,service_start,,,730,48,1,1,1,service_time_sampled=0.010
323.08561755685673,service_end,,,730,48,1,1,1,duration=0.010
323.08561755685673,service_start,,,731,47,1,1,1,service_time_sampled=0.038
323.12333550827304,service_end,,,731,47,1,1,1,duration=0.038
323.12333550827304,service_start,,,732,46,1,1,1,service_time_sampled=0.095
323.2187190888155,service_end,,,732,46,1,1,1,duration=0.095
323.2187190888155,service_start,,,733,45,1,1,1,service_time_sampled=0.016
323.2346524926453,service_end,,,733,45,1,1,1,duration=0.016
323.2346524926453,service_start,,,734,44,1,1,1,service_time_sampled=0.028
323.26223456575485,service_end,,,734,44,1,1,1,duration=0.028
323.26223456575485,service_start,,,735,43,1,1,1,service_time_sampled=0.354
323.61575550240184,service_end,,,735,43,1,1,1,duration=0.354
323.61575550240184,service_start,,,736,42,1,1,1,service_time_sampled=0.017
323.6325418977755,service_end,,,736,42,1,1,1,duration=0.017
323.6325418977755,service_start,,,737,41,1,1,1,service_time_sampled=0.026
323.6582888332598,service_end,,,737,41,1,1,1,duration=0.026
323.6582888332598,service_start,,,738,40,1,1,1,service_time_sampled=0.063
323.72172329890515,service_end,,,738,40,1,1,1,duration=0.063
323.72172329890515,service_start,,,739,39,1,1,1,service_time_sampled=0.195
323.9166347426771,service_end,,,739,39,1,1,1,duration=0.195
323.9166347426771,service_start,,,740,38,1,1,1,service_time_sampled=0.385
324.3016422223,service_end,,,740,38,1,1,1,duration=0.385
324.3016422223,service_start,,,741,37,1,1,1,service_time_sampled=0.066
324.36730552640824,service_end,,,741,37,1,1,1,duration=0.066
324.36730552640824,service_start,,,742,36,1,1,1,service_time_sampled=0.092
324.4595643052576,service_end,,,742,36,1,1,1,duration=0.092
324.4595643052576,service_start,,,743,35,1,1,1,service_time_sampled=0.039
324.49812146671553,service_end,,,743,35,1,1,1,duration=0.039
324.49812146671553,service_start,,,744,34,1,1,1,service_time_sampled=0.067
324.56467275228226,service_end,,,744,34,1,1,1,duration=0.067
324.56467275228226,service_start,,,745,33,1,1,1,service_time_sampled=0.016
324.58018355904886,service_end,,,745,33,1,1,1,duration=0.016
324.58018355904886,service_start,,,746,32,1,1,1,service_time_sampled=0.018
324.5981552800291,service_end,,,746,32,1,1,1,duration=0.018
324.5981552800291,service_start,,,747,31,1,1,1,service_time_sampled=0.154
324.7517345861199,service_end,,,747,31,1,1,1,duration=0.154
324.7517345861199,service_start,,,748,30,1,1,1,service_time_sampled=0.036
324.78811734960175,service_end,,,748,30,1,1,1,duration=0.036
324.78811734960175,service_start,,,749,29,1,1,1,service_time_sampled=0.010
324.79811734960174,service_end,,,749,29,1,1,1,duration=0.010
324.79811734960174,service_start,,,750,28,1,1,1,service_time_sampled=0.169
324.9671585844142,service_end,,,750,28,1,1,1,duration=0.169
324.9671585844142,service_start,,,751,27,1,1,1,service_time_sampled=0.031
324.99856642194226,service_end,,,751,27,1,1,1,duration=0.031
324.99856642194226,service_start,,,752,26,1,1,1,service_time_sampled=0.010
325.00856642194225,service_end,,,752,26,1,1,1,duration=0.010
325.00856642194225,service_start,,,753,25,1,1,1,service_time_sampled=0.284
325.29206928843934,service_end,,,753,25,1,1,1,duration=0.284
325.29206928843934,service_start,,,754,24,1,1,1,service_time_sampled=0.042
325.3339184502558,service_end,,,754,24,1,1,1,duration=0.042
325.3339184502558,service_start,,,755,23,1,1,1,service_time_sampled=0.168
325.5018878855079,service_end,,,755,23,1,1,1,duration=0.168
325.5018878855079,service_start,,,756,22,1,1,1,service_time_sampled=0.012
325.51435050665384,service_end,,,756,22,1,1,1,duration=0.012
325.51435050665384,service_start,,,757,21,1,1,1,service_time_sampled=0.057
325.5713976883588,service_end,,,757,21,1,1,1,duration=0.057
325.5713976883588,service_start,,,758,20,1,1,1,service_time_sampled=0.010
325.5813976883588,service_end,,,758,20,1,1,1,duration=0.010
325.5813976883588,service_start,,,759,19,1,1,1,service_time_sampled=0.181
325.76275005751745,service_end,,,759,19,1,1,1,duration=0.181
325.76275005751745,service_start,,,760,18,1,1,1,service_time_sampled=0.232
325.9945146224066,service_end,,,760,18,1,1,1,duration=0.232
325.9945146224066,service_start,,,761,17,1,1,1,service_time_sampled=0.513
326.0,plane_arrive,21,3,,17,1,1,1,air_q=1
326.0,landing_start,21,3,,17,1,1,1,landing_time=5
326.50730810214463,service_end,,,761,17,1,1,1,duration=0.513
326.50730810214463,service_start,,,762,16,1,1,1,service_time_sampled=0.010
326.5173081021446,service_end,,,762,16,1,1,1,duration=0.010
326.5173081021446,service_start,,,763,15,1,1,1,service_time_sampled=0.041
326.5587666389085,service_end,,,763,15,1,1,1,duration=0.041
326.5587666389085,service_start,,,764,14,1,1,1,service_time_sampled=0.107
326.6654234000819,service_end,,,764,14,1,1,1,duration=0.107
326.6654234000819,service_start,,,765,13,1,1,1,service_time_sampled=0.015
326.6801792925728,service_end,,,765,13,1,1,1,duration=0.015
326.6801792925728,service_start,,,766,12,1,1,1,service_time_sampled=0.014
326.69411537097403,service_end,,,766,12,1,1,1,duration=0.014
326.69411537097403,service_start,,,767,11,1,1,1,service_time_sampled=0.016
326.7103783210554,service_end,,,767,11,1,1,1,duration=0.016
326.7103783210554,service_start,,,768,10,1,1,1,service_time_sampled=0.036
326.74673330482943,service_end,,,768,10,1,1,1,duration=0.036
326.74673330482943,service_start,,,769,9,1,1,1,service_time_sampled=0.315
327.06210722379274,service_end,,,769,9,1,1,1,duration=0.315
327.06210722379274,service_start,,,770,8,1,1,1,service_time_sampled=0.173
327.2346102114528,service_end,,,770,8,1,1,1,duration=0.173
327.2346102114528,service_start,,,771,7,1,1,1,service_time_sampled=0.388
327.6230083309973,service_end,,,771,7,1,1,1,duration=0.388
327.6230083309973,service_start,,,772,6,1,1,1,service_time_sampled=0.123
327.74600722134585,service_end,,,772,6,1,1,1,duration=0.123
327.74600722134585,service_start,,,773,5,1,1,1,service_time_sampled=0.497
328.2429073221622,service_end,,,773,5,1,1,1,duration=0.497
328.2429073221622,service_start,,,774,4,1,1,1,service_time_sampled=0.342
328.5853534262218,service_end,,,774,4,1,1,1,duration=0.342
328.5853534262218,service_start,,,775,3,1,1,1,service_time_sampled=0.255
328.8404863379529,service_end,,,775,3,1,1,1,duration=0.255
328.8404863379529,service_start,,,776,2,1,1,1,service_time_sampled=0.228
329.06861042664,service_end,,,776,2,1,1,1,duration=0.228
329.06861042664,service_start,,,777,1,1,1,1,service_time_sampled=0.067
329.135746519307,service_end,,,777,1,1,1,1,duration=0.067
329.135746519307,service_start,,,778,0,1,1,1,service_time_sampled=0.048
329.1833116927296,service_end,,,778,0,1,1,1,duration=0.048
331.0,plane_arrive,22,2,,0,1,1,1,air_q=1
331.0,landing_end,21,3,,0,1,1,1,pad_q=1
338.0,unload_end,21,3,,0,1,1,1,
338.0,passengers_spawned,21,3,,0,1,1,1,count=48
338.0,passenger_queue_arrival,,,779,1,1,1,1,
338.0,passenger_queue_arrival,,,780,2,1,1,1,
338.0,passenger_queue_arrival,,,781,3,1,1,1,
338.0,passenger_queue_arrival,,,782,4,1,1,1,
338.0,passenger_queue_arrival,,,783,5,1,1,1,
338.0,passenger_queue_arrival,,,784,6,1,1,1,
338.0,passenger_queue_arrival,,,785,7,1,1,1,
338.0,passenger_queue_arrival,,,786,8,1,1,1,
338.0,passenger_queue_arrival,,,787,9,1,1,1,
338.0,passenger_queue_arrival,,,788,10,1,1,1,
338.0,passenger_queue_arrival,,,789,11,1,1,1,
338.0,passenger_queue_arrival,,,790,12,1,1,1,
338.0,passenger_queue_arrival,,,791,13,1,1,1,
338.0,passenger_queue_arrival,,,792,14,1,1,1,
338.0,passenger_queue_arrival,,,793,15,1,1,1,
338.0,passenger_queue_arrival,,,794,16,1,1,1,
338.0,passenger_queue_arrival,,,795,17,1,1,1,
338.0,passenger_queue_arrival,,,796,18,1,1,1,
338.0,passenger_queue_arrival,,,797,19,1,1,1,
338.0,passenger_queue_arrival,,,798,20,1,1,1,
338.0,passenger_queue_arrival,,,799,21,1,1,1,
338.0,passenger_queue_arrival,,,800,22,1,1,1,
338.0,passenger_queue_arrival,,,801,23,1,1,1,
338.0,passenger_queue_arrival,,,802,24,1,1,1,
338.0,passenger_queue_arrival,,,803,25,1,1,1,
338.0,passenger_queue_arrival,,,804,26,1,1,1,
338.0,passenger_queue_arrival,,,805,27,1,1,1,
338.0,passenger_queue_arrival,,,806,28,1,1,1,
338.0,passenger_queue_arrival,,,807,29,1,1,1,
338.0,passenger_queue_arrival,,,808,30,1,1,1,
338.0,passenger_queue_arrival,,,809,31,1,1,1,
338.0,passenger_queue_arrival,,,810,32,1,1,1,
338.0,passenger_queue_arrival,,,811,33,1,1,1,
338.0,passenger_queue_arrival,,,812,34,1,1,1,
338.0,passenger_queue_arrival,,,813,35,1,1,1,
338.0,passenger_queue_arrival,,,814,36,1,1,1,
338.0,passenger_queue_arrival,,,815,37,1,1,1,
338.0,passenger_queue_arrival,,,816,38,1,1,1,
338.0,passenger_queue_arrival,,,817,39,1,1,1,
338.0,passenger_queue_arrival,,,818,40,1,1,1,
338.0,passenger_queue_arrival,,,819,41,1,1,1,
338.0,passenger_queue_arrival,,,820,42,1,1,1,
338.0,passenger_queue_arrival,,,821,43,1,1,1,
338.0,passenger_queue_arrival,,,822,44,1,1,1,
338.0,passenger_queue_arrival,,,823,45,1,1,1,
338.0,passenger_queue_arrival,,,824,46,1,1,1,
338.0,passenger_queue_arrival,,,825,47,1,1,1,
338.0,passenger_queue_arrival,,,826,48,1,1,1,
338.0,landing_start,22,2,,48,1,1,1,landing_time=5
338.0,service_start,,,779,47,1,1,1,service_time_sampled=0.031
338.0306801203189,service_end,,,779,47,1,1,1,duration=0.031
338.0306801203189,service_start,,,780,46,1,1,1,service_time_sampled=0.263
338.2937283376358,service_end,,,780,46,1,1,1,duration=0.263
338.2937283376358,service_start,,,781,45,1,1,1,service_time_sampled=0.024
338.31763137619913,service_end,,,781,45,1,1,1,duration=0.024
338.31763137619913,service_start,,,782,44,1,1,1,service_time_sampled=0.132
338.4497561565817,service_end,,,782,44,1,1,1,duration=0.132
338.4497561565817,service_start,,,783,43,1,1,1,service_time_sampled=0.099
338.54860858471307,service_end,,,783,43,1,1,1,duration=0.099
338.54860858471307,service_start,,,784,42,1,1,1,service_time_sampled=0.302
338.85087507730935,service_end,,,784,42,1,1,1,duration=0.302
338.85087507730935,service_start,,,785,41,1,1,1,service_time_sampled=0.074
338.9248837748352,service_end,,,785,41,1,1,1,duration=0.074
338.9248837748352,service_start,,,786,40,1,1,1,service_time_sampled=0.052
338.9765969813869,service_end,,,786,40,1,1,1,duration=0.052
338.9765969813869,service_start,,,787,39,1,1,1,service_time_sampled=0.099
339.0,plane_arrive,23,3,,39,1,1,1,air_q=1
339.0752718293226,service_end,,,787,39,1,1,1,duration=0.099
339.0752718293226,service_start,,,788,38,1,1,1,service_time_sampled=0.054
339.12898185256955,service_end,,,788,38,1,1,1,duration=0.054
339.12898185256955,service_start,,,789,37,1,1,1,service_time_sampled=0.175
339.30366081519514,service_end,,,789,37,1,1,1,duration=0.175
339.30366081519514,service_start,,,790,36,1,1,1,service_time_sampled=0.142
339.44581775517014,service_end,,,790,36,1,1,1,duration=0.142
339.44581775517014,service_start,,,791,35,1,1,1,service_time_sampled=0.011
339.45638668065146,service_end,,,791,35,1,1,1,duration=0.011
339.45638668065146,service_start,,,792,34,1,1,1,service_time_sampled=0.047
339.5034593132489,service_end,,,792,34,1,1,1,duration=0.047
339.5034593132489,service_start,,,793,33,1,1,1,service_time_sampled=0.064
339.5669884251481,service_end,,,793,33,1,1,1,duration=0.064
339.5669884251481,service_start,,,794,32,1,1,1,service_time_sampled=0.091
339.657610168178,service_end,,,794,32,1,1,1,duration=0.091
339.657610168178,service_start,,,795,31,1,1,1,service_time_sampled=0.090
339.7472253175481,service_end,,,795,31,1,1,1,duration=0.090
339.7472253175481,service_start,,,796,30,1,1,1,service_time_sampled=0.076
339.82292414050465,service_end,,,796,30,1,1,1,duration=0.076
339.82292414050465,service_start,,,797,29,1,1,1,service_time_sampled=0.039
339.86159912798763,service_end,,,797,29,1,1,1,duration=0.039
339.86159912798763,service_start,,,798,28,1,1,1,service_time_sampled=0.176
340.0376570762734,service_end,,,798,28,1,1,1,duration=0.176
340.0376570762734,service_start,,,799,27,1,1,1,service_time_sampled=0.010
340.04765707627337,service_end,,,799,27,1,1,1,duration=0.010
340.04765707627337,service_start,,,800,26,1,1,1,service_time_sampled=0.105
340.15230578061806,service_end,,,800,26,1,1,1,duration=0.105
340.15230578061806,service_start,,,801,25,1,1,1,service_time_sampled=0.318
340.47033098881985,service_end,,,801,25,1,1,1,duration=0.318
340.47033098881985,service_start,,,802,24,1,1,1,service_time_sampled=0.029
340.4991419620421,service_end,,,802,24,1,1,1,duration=0.029
340.4991419620421,service_start,,,803,23,1,1,1,service_time_sampled=0.075
340.57449131236314,service_end,,,803,23,1,1,1,duration=0.075
340.57449131236314,service_start,,,804,22,1,1,1,service_time_sampled=0.425
340.99907521600284,service_end,,,804,22,1,1,1,duration=0.425
340.99907521600284,service_start,,,805,21,1,1,1,service_time_sampled=0.063
341.06206029554903,service_end,,,805,21,1,1,1,duration=0.063
341.06206029554903,service_start,,,806,20,1,1,1,service_time_sampled=0.144
341.20557318763673,service_end,,,806,20,1,1,1,duration=0.144
341.20557318763673,service_start,,,807,19,1,1,1,service_time_sampled=0.152
341.35748553454516,service_end,,,807,19,1,1,1,duration=0.152
341.35748553454516,service_start,,,808,18,1,1,1,service_time_sampled=0.055
341.4121118676465,service_end,,,808,18,1,1,1,duration=0.055
341.4121118676465,service_start,,,809,17,1,1,1,service_time_sampled=0.118
341.5301448606609,service_end,,,809,17,1,1,1,duration=0.118
341.5301448606609,service_start,,,810,16,1,1,1,service_time_sampled=0.097
341.62683652456536,service_end,,,810,16,1,1,1,duration=0.097
341.62683652456536,service_start,,,811,15,1,1,1,service_time_sampled=0.067
341.69393505453104,service_end,,,811,15,1,1,1,duration=0.067
341.69393505453104,service_start,,,812,14,1,1,1,service_time_sampled=0.245
341.938938312684,service_end,,,812,14,1,1,1,duration=0.245
341.938938312684,service_start,,,813,13,1,1,1,service_time_sampled=0.066
342.0,plane_arrive,24,2,,13,1,1,1,air_q=2
342.00480409414786,service_end,,,813,13,1,1,1,duration=0.066
342.00480409414786,service_start,,,814,12,1,1,1,service_time_sampled=0.050
342.05445473389466,service_end,,,814,12,1,1,1,duration=0.050
342.05445473389466,service_start,,,815,11,1,1,1,service_time_sampled=0.234
342.28871457824863,service_end,,,815,11,1,1,1,duration=0.234
342.28871457824863,service_start,,,816,10,1,1,1,service_time_sampled=0.058
342.3469403023869,service_end,,,816,10,1,1,1,duration=0.058
342.3469403023869,service_start,,,817,9,1,1,1,service_time_sampled=0.445
342.79230805926903,service_end,,,817,9,1,1,1,duration=0.445
342.79230805926903,service_start,,,818,8,1,1,1,service_time_sampled=0.016
342.80840121039864,service_end,,,818,8,1,1,1,duration=0.016
342.80840121039864,service_start,,,819,7,1,1,1,service_time_sampled=0.038
342.8461116888359,service_end,,,819,7,1,1,1,duration=0.038
342.8461116888359,service_start,,,820,6,1,1,1,service_time_sampled=0.010
342.8561116888359,service_end,,,820,6,1,1,1,duration=0.010
342.8561116888359,service_start,,,821,5,1,1,1,service_time_sampled=0.236
343.0,landing_end,22,2,,5,1,1,1,pad_q=1
343.09166751429575,service_end,,,821,5,1,1,1,duration=0.236
343.09166751429575,service_start,,,822,4,1,1,1,service_time_sampled=0.163
343.254919621166,service_end,,,822,4,1,1,1,duration=0.163
343.254919621166,service_start,,,823,3,1,1,1,service_time_sampled=0.231
343.48546636441836,service_end,,,823,3,1,1,1,duration=0.231
343.48546636441836,service_start,,,824,2,1,1,1,service_time_sampled=0.093
343.5787135638157,service_end,,,824,2,1,1,1,duration=0.093
343.5787135638157,service_start,,,825,1,1,1,1,service_time_sampled=0.185
343.76334756743114,service_end,,,825,1,1,1,1,duration=0.185
343.76334756743114,service_start,,,826,0,1,1,1,service_time_sampled=0.047
343.8107962183638,service_end,,,826,0,1,1,1,duration=0.047
350.0,unload_end,22,2,,0,1,1,1,
350.0,passengers_spawned,22,2,,0,1,1,1,count=36
350.0,passenger_queue_arrival,,,827,1,1,1,1,
350.0,passenger_queue_arrival,,,828,2,1,1,1,
350.0,passenger_queue_arrival,,,829,3,1,1,1,
350.0,passenger_queue_arrival,,,830,4,1,1,1,
350.0,passenger_queue_arrival,,,831,5,1,1,1,
350.0,passenger_queue_arrival,,,832,6,1,1,1,
350.0,passenger_queue_arrival,,,833,7,1,1,1,
350.0,passenger_queue_arrival,,,834,8,1,1,1,
350.0,passenger_queue_arrival,,,835,9,1,1,1,
350.0,passenger_queue_arrival,,,836,10,1,1,1,
350.0,passenger_queue_arrival,,,837,11,1,1,1,
350.0,passenger_queue_arrival,,,838,12,1,1,1,
350.0,passenger_queue_arrival,,,839,13,1,1,1,
350.0,passenger_queue_arrival,,,840,14,1,1,1,
350.0,passenger_queue_arrival,,,841,15,1,1,1,
350.0,passenger_queue_arrival,,,842,16,1,1,1,
350.0,passenger_queue_arrival,,,843,17,1,1,1,
350.0,passenger_queue_arrival,,,844,18,1,1,1,
350.0,passenger_queue_arrival,,,845,19,1,1,1,
350.0,passenger_queue_arrival,,,846,20,1,1,1,
350.0,passenger_queue_arrival,,,847,21,1,1,1,
350.0,passenger_queue_arrival,,,848,22,1,1,1,
350.0,passenger_queue_arrival,,,849,23,1,1,1,
350.0,passenger_queue_arrival,,,850,24,1,1,1,
350.0,passenger_queue_arrival,,,851,25,1,1,1,
350.0,passenger_queue_arrival,,,852,26,1,1,1,
350.0,passenger_queue_arrival,,,853,27,1,1,1,
350.0,passenger_queue_arrival,,,854,28,1,1,1,
350.0,passenger_queue_arrival,,,855,29,1,1,1,
350.0,passenger_queue_arrival,,,856,30,1,1,1,
350.0,passenger_queue_arrival,,,857,31,1,1,1,
350.0,passenger_queue_arrival,,,858,32,1,1,1,
350.0,passenger_queue_arrival,,,859,33,1,1,1,
350.0,passenger_queue_arrival,,,860,34,1,1,1,
350.0,passenger_queue_arrival,,,861,35,1,1,1,
350.0,passenger_queue_arrival,,,862,36,1,1,1,
350.0,landing_start,23,3,,36,1,1,1,landing_time=4
350.0,service_start,,,827,35,1,1,1,service_time_sampled=0.065
350.06545707164264,service_end,,,827,35,1,1,1,duration=0.065
350.06545707164264,service_start,,,828,34,1,1,1,service_time_sampled=0.029
350.09488772850136,service_end,,,828,34,1,1,1,duration=0.029
350.09488772850136,service_start,,,829,33,1,1,1,service_time_sampled=0.188
350.28335531934346,service_end,,,829,33,1,1,1,duration=0.188
350.28335531934346,service_start,,,830,32,1,1,1,service_time_sampled=0.013
350.29622322308046,service_end,,,830,32,1,1,1,duration=0.013
350.29622322308046,service_start,,,831,31,1,1,1,service_time_sampled=0.108
350.40395041078926,service_end,,,831,31,1,1,1,duration=0.108
350.40395041078926,service_start,,,832,30,1,1,1,service_time_sampled=0.063
350.4669755909856,service_end,,,832,30,1,1,1,duration=0.063
350.4669755909856,service_start,,,833,29,1,1,1,service_time_sampled=0.195
350.66195968308875,service_end,,,833,29,1,1,1,duration=0.195
350.66195968308875,service_start,,,834,28,1,1,1,service_time_sampled=0.112
350.7743139333077,service_end,,,834,28,1,1,1,duration=0.112
350.7743139333077,service_start,,,835,27,1,1,1,service_time_sampled=0.110
350.88442232670394,service_end,,,835,27,1,1,1,duration=0.110
350.88442232670394,service_start,,,836,26,1,1,1,service_time_sampled=0.178
351.0,plane_arrive,25,1,,26,1,1,1,air_q=2
351.06236958438143,service_end,,,836,26,1,1,1,duration=0.178
351.06236958438143,service_start,,,837,25,1,1,1,service_time_sampled=0.010
351.0723695843814,service_end,,,837,25,1,1,1,duration=0.010
351.0723695843814,service_start,,,838,24,1,1,1,service_time_sampled=0.111
351.1829464256115,service_end,,,838,24,1,1,1,duration=0.111
351.1829464256115,service_start,,,839,23,1,1,1,service_time_sampled=0.162
351.34456151331403,service_end,,,839,23,1,1,1,duration=0.162
351.34456151331403,service_start,,,840,22,1,1,1,service_time_sampled=0.187
351.5317206851171,service_end,,,840,22,1,1,1,duration=0.187
351.5317206851171,service_start,,,841,21,1,1,1,service_time_sampled=0.297
351.82918688193706,service_end,,,841,21,1,1,1,duration=0.297
351.82918688193706,service_start,,,842,20,1,1,1,service_time_sampled=0.010
351.83918688193705,service_end,,,842,20,1,1,1,duration=0.010
351.83918688193705,service_start,,,843,19,1,1,1,service_time_sampled=0.179
352.0181172355315,service_end,,,843,19,1,1,1,duration=0.179
352.0181172355315,service_start,,,844,18,1,1,1,service_time_sampled=0.071
352.0895748856037,service_end,,,844,18,1,1,1,duration=0.071
352.0895748856037,service_start,,,845,17,1,1,1,service_time_sampled=0.037
352.1269294618842,service_end,,,845,17,1,1,1,duration=0.037
352.1269294618842,service_start,,,846,16,1,1,1,service_time_sampled=0.582
352.7087190397093,service_end,,,846,16,1,1,1,duration=0.582
352.7087190397093,service_start,,,847,15,1,1,1,service_time_sampled=0.010
352.7187190397093,service_end,,,847,15,1,1,1,duration=0.010
352.7187190397093,service_start,,,848,14,1,1,1,service_time_sampled=0.125
352.8437114641902,service_end,,,848,14,1,1,1,duration=0.125
352.8437114641902,service_start,,,849,13,1,1,1,service_time_sampled=0.559
353.4023874633798,service_end,,,849,13,1,1,1,duration=0.559
353.4023874633798,service_start,,,850,12,1,1,1,service_time_sampled=0.367
353.7691494422044,service_end,,,850,12,1,1,1,duration=0.367
353.7691494422044,service_start,,,851,11,1,1,1,service_time_sampled=0.160
353.9291296906428,service_end,,,851,11,1,1,1,duration=0.160
353.9291296906428,service_start,,,852,10,1,1,1,service_time_sampled=0.352
354.0,landing_end,23,3,,10,1,1,1,pad_q=1
354.2811195829847,service_end,,,852,10,1,1,1,duration=0.352
354.2811195829847,service_start,,,853,9,1,1,1,service_time_sampled=0.039
354.3199382314168,service_end,,,853,9,1,1,1,duration=0.039
354.3199382314168,service_start,,,854,8,1,1,1,service_time_sampled=0.194
354.5143098004064,service_end,,,854,8,1,1,1,duration=0.194
354.5143098004064,service_start,,,855,7,1,1,1,service_time_sampled=0.181
354.69514264353694,service_end,,,855,7,1,1,1,duration=0.181
354.69514264353694,service_start,,,856,6,1,1,1,service_time_sampled=0.052
354.74749708178996,service_end,,,856,6,1,1,1,duration=0.052
354.74749708178996,service_start,,,857,5,1,1,1,service_time_sampled=0.050
354.7970234226103,service_end,,,857,5,1,1,1,duration=0.050
354.7970234226103,service_start,,,858,4,1,1,1,service_time_sampled=0.294
355.0911157722574,service_end,,,858,4,1,1,1,duration=0.294
355.0911157722574,service_start,,,859,3,1,1,1,service_time_sampled=0.046
355.1375107716349,service_end,,,859,3,1,1,1,duration=0.046
355.1375107716349,service_start,,,860,2,1,1,1,service_time_sampled=0.087
355.2242110114022,service_end,,,860,2,1,1,1,duration=0.087
355.2242110114022,service_start,,,861,1,1,1,1,service_time_sampled=0.177
355.40083366084303,service_end,,,861,1,1,1,1,duration=0.177
355.40083366084303,service_start,,,862,0,1,1,1,service_time_sampled=0.021
355.42158321424847,service_end,,,862,0,1,1,1,duration=0.021
359.0,plane_arrive,26,3,,0,1,1,1,air_q=3
361.0,unload_end,23,3,,0,1,1,1,
361.0,passengers_spawned,23,3,,0,1,1,1,count=51
361.0,passenger_queue_arrival,,,863,1,1,1,1,
361.0,passenger_queue_arrival,,,864,2,1,1,1,
361.0,passenger_queue_arrival,,,865,3,1,1,1,
361.0,passenger_queue_arrival,,,866,4,1,1,1,
361.0,passenger_queue_arrival,,,867,5,1,1,1,
361.0,passenger_queue_arrival,,,868,6,1,1,1,
361.0,passenger_queue_arrival,,,869,7,1,1,1,
361.0,passenger_queue_arrival,,,870,8,1,1,1,
361.0,passenger_queue_arrival,,,871,9,1,1,1,
361.0,passenger_queue_arrival,,,872,10,1,1,1,
361.0,passenger_queue_arrival,,,873,11,1,1,1,
361.0,passenger_queue_arrival,,,874,12,1,1,1,
361.0,passenger_queue_arrival,,,875,13,1,1,1,
361.0,passenger_queue_arrival,,,876,14,1,1,1,
361.0,passenger_queue_arrival,,,877,15,1,1,1,
361.0,passenger_queue_arrival,,,878,16,1,1,1,
361.0,passenger_queue_arrival,,,879,17,1,1,1,
361.0,passenger_queue_arrival,,,880,18,1,1,1,
361.0,passenger_queue_arrival,,,881,19,1,1,1,
361.0,passenger_queue_arrival,,,882,20,1,1,1,
361.0,passenger_queue_arrival,,,883,21,1,1,1,
361.0,passenger_queue_arrival,,,884,22,1,1,1,
361.0,passenger_queue_arrival,,,885,23,1,1,1,
361.0,passenger_queue_arrival,,,886,24,1,1,1,
361.0,passenger_queue_arrival,,,887,25,1,1,1,
361.0,passenger_queue_arrival,,,888,26,1,1,1,
361.0,passenger_queue_arrival,,,889,27,1,1,1,
361.0,passenger_queue_arrival,,,890,28,1,1,1,
361.0,passenger_queue_arrival,,,891,29,1,1,1,
361.0,passenger_queue_arrival,,,892,30,1,1,1,
361.0,passenger_queue_arrival,,,893,31,1,1,1,
361.0,passenger_queue_arrival,,,894,32,1,1,1,
361.0,passenger_queue_arrival,,,895,33,1,1,1,
361.0,passenger_queue_arrival,,,896,34,1,1,1,
361.0,passenger_queue_arrival,,,897,35,1,1,1,
361.0,passenger_queue_arrival,,,898,36,1,1,1,
361.0,passenger_queue_arrival,,,899,37,1,1,1,
361.0,passenger_queue_arrival,,,900,38,1,1,1,
361.0,passenger_queue_arrival,,,901,39,1,1,1,
361.0,passenger_queue_arrival,,,902,40,1,1,1,
361.0,passenger_queue_arrival,,,903,41,1,1,1,
361.0,passenger_queue_arrival,,,904,42,1,1,1,
361.0,passenger_queue_arrival,,,905,43,1,1,1,
361.0,passenger_queue_arrival,,,906,44,1,1,1,
361.0,passenger_queue_arrival,,,907,45,1,1,1,
361.0,passenger_queue_arrival,,,908,46,1,1,1,
361.0,passenger_queue_arrival,,,909,47,1,1,1,
361.0,passenger_queue_arrival,,,910,48,1,1,1,
361.0,passenger_queue_arrival,,,911,49,1,1,1,
361.0,passenger_queue_arrival,,,912,50,1,1,1,
361.0,passenger_queue_arrival,,,913,51,1,1,1,
361.0,landing_start,24,2,,51,1,1,1,landing_time=2
361.0,service_start,,,863,50,1,1,1,service_time_sampled=0.156
361.1561607156801,service_end,,,863,50,1,1,1,duration=0.156
361.1561607156801,service_start,,,864,49,1,1,1,service_time_sampled=0.157
361.3135204220969,service_end,,,864,49,1,1,1,duration=0.157
361.3135204220969,service_start,,,865,48,1,1,1,service_time_sampled=0.041
361.35406372297257,service_end,,,865,48,1,1,1,duration=0.041
361.35406372297257,service_start,,,866,47,1,1,1,service_time_sampled=0.102
361.4559322979037,service_end,,,866,47,1,1,1,duration=0.102
361.4559322979037,service_start,,,867,46,1,1,1,service_time_sampled=0.027
361.48310946248256,service_end,,,867,46,1,1,1,duration=0.027
361.48310946248256,service_start,,,868,45,1,1,1,service_time_sampled=0.010
361.49310946248255,service_end,,,868,45,1,1,1,duration=0.010
361.49310946248255,service_start,,,869,44,1,1,1,service_time_sampled=0.031
361.5243231785603,service_end,,,869,44,1,1,1,duration=0.031
361.5243231785603,service_start,,,870,43,1,1,1,service_time_sampled=0.010
361.53432317856027,service_end,,,870,43,1,1,1,duration=0.010
361.53432317856027,service_start,,,871,42,1,1,1,service_time_sampled=0.010
361.54432317856026,service_end,,,871,42,1,1,1,duration=0.010
361.54432317856026,service_start,,,872,41,1,1,1,service_time_sampled=0.040
361.5847013196174,service_end,,,872,41,1,1,1,duration=0.040
361.5847013196174,service_start,,,873,40,1,1,1,service_time_sampled=0.046
361.63056379046407,service_end,,,873,40,1,1,1,duration=0.046
361.63056379046407,service_start,,,874,39,1,1,1,service_time_sampled=0.091
361.7215186940721,service_end,,,874,39,1,1,1,duration=0.091
361.7215186940721,service_start,,,875,38,1,1,1,service_time_sampled=0.133
361.85498010465875,service_end,,,875,38,1,1,1,duration=0.133
361.85498010465875,service_start,,,876,37,1,1,1,service_time_sampled=0.293
362.0,plane_arrive,27,2,,37,1,1,1,air_q=3
362.14789608390623,service_end,,,876,37,1,1,1,duration=0.293
362.14789608390623,service_start,,,877,36,1,1,1,service_time_sampled=0.016
362.16395518670384,service_end,,,877,36,1,1,1,duration=0.016
362.16395518670384,service_start,,,878,35,1,1,1,service_time_sampled=0.023
362.18717275031173,service_end,,,878,35,1,1,1,duration=0.023
362.18717275031173,service_start,,,879,34,1,1,1,service_time_sampled=0.110
362.2973624084626,service_end,,,879,34,1,1,1,duration=0.110
362.2973624084626,service_start,,,880,33,1,1,1,service_time_sampled=0.235
362.5321240391732,service_end,,,880,33,1,1,1,duration=0.235
362.5321240391732,service_start,,,881,32,1,1,1,service_time_sampled=0.054
362.58582361046825,service_end,,,881,32,1,1,1,duration=0.054
362.58582361046825,service_start,,,882,31,1,1,1,service_time_sampled=0.146
362.731645745702,service_end,,,882,31,1,1,1,duration=0.146
362.731645745702,service_start,,,883,30,1,1,1,service_time_sampled=0.069
362.8001528278413,service_end,,,883,30,1,1,1,duration=0.069
362.8001528278413,service_start,,,884,29,1,1,1,service_time_sampled=0.088
362.8881562833004,service_end,,,884,29,1,1,1,duration=0.088
362.8881562833004,service_start,,,885,28,1,1,1,service_time_sampled=0.144
363.0,landing_end,24,2,,28,1,1,1,pad_q=1
363.0324736893131,service_end,,,885,28,1,1,1,duration=0.144
363.0324736893131,service_start,,,886,27,1,1,1,service_time_sampled=0.071
363.10384479538664,service_end,,,886,27,1,1,1,duration=0.071
363.10384479538664,service_start,,,887,26,1,1,1,service_time_sampled=0.047
363.1512525337263,service_end,,,887,26,1,1,1,duration=0.047
363.1512525337263,service_start,,,888,25,1,1,1,service_time_sampled=0.021
363.1724905270767,service_end,,,888,25,1,1,1,duration=0.021
363.1724905270767,service_start,,,889,24,1,1,1,service_time_sampled=0.058
363.2305993303672,service_end,,,889,24,1,1,1,duration=0.058
363.2305993303672,service_start,,,890,23,1,1,1,service_time_sampled=0.039
363.2696766307859,service_end,,,890,23,1,1,1,duration=0.039
363.2696766307859,service_start,,,891,22,1,1,1,service_time_sampled=0.184
363.4535555719315,service_end,,,891,22,1,1,1,duration=0.184
363.4535555719315,service_start,,,892,21,1,1,1,service_time_sampled=0.166
363.6198333546946,service_end,,,892,21,1,1,1,duration=0.166
363.6198333546946,service_start,,,893,20,1,1,1,service_time_sampled=0.115
363.73466586668167,service_end,,,893,20,1,1,1,duration=0.115
363.73466586668167,service_start,,,894,19,1,1,1,service_time_sampled=0.061
363.7955355613544,service_end,,,894,19,1,1,1,duration=0.061
363.7955355613544,service_start,,,895,18,1,1,1,service_time_sampled=0.140
363.93598195117596,service_end,,,895,18,1,1,1,duration=0.140
363.93598195117596,service_start,,,896,17,1,1,1,service_time_sampled=0.041
363.9767086581499,service_end,,,896,17,1,1,1,duration=0.041
363.9767086581499,service_start,,,897,16,1,1,1,service_time_sampled=0.157
364.1335926451515,service_end,,,897,16,1,1,1,duration=0.157
364.1335926451515,service_start,,,898,15,1,1,1,service_time_sampled=0.127
364.26066446749513,service_end,,,898,15,1,1,1,duration=0.127
364.26066446749513,service_start,,,899,14,1,1,1,service_time_sampled=0.010
364.2706644674951,service_end,,,899,14,1,1,1,duration=0.010
364.2706644674951,service_start,,,900,13,1,1,1,service_time_sampled=0.450
364.72040151977023,service_end,,,900,13,1,1,1,duration=0.450
364.72040151977023,service_start,,,901,12,1,1,1,service_time_sampled=0.268
364.8275727630962,failure,,,,,1,0,0,element=door
364.8275727630962,service_interrupted,,,901,12,1,0,0,remaining=0.161
368.0,plane_arrive,28,1,,12,1,0,0,air_q=4
370.0,unload_end,24,2,,12,1,0,0,
370.0,passengers_spawned,24,2,,12,1,0,0,count=38
370.0,passenger_queue_arrival,,,914,13,1,0,0,
370.0,passenger_queue_arrival,,,915,14,1,0,0,
370.0,passenger_queue_arrival,,,916,15,1,0,0,
370.0,passenger_queue_arrival,,,917,16,1,0,0,
370.0,passenger_queue_arrival,,,918,17,1,0,0,
370.0,passenger_queue_arrival,,,919,18,1,0,0,
370.0,passenger_queue_arrival,,,920,19,1,0,0,
370.0,passenger_queue_arrival,,,921,20,1,0,0,
370.0,passenger_queue_arrival,,,922,21,1,0,0,
370.0,passenger_queue_arrival,,,923,22,1,0,0,
370.0,passenger_queue_arrival,,,924,23,1,0,0,
370.0,passenger_queue_arrival,,,925,24,1,0,0,
370.0,passenger_queue_arrival,,,926,25,1,0,0,
370.0,passenger_queue_arrival,,,927,26,1,0,0,
370.0,passenger_queue_arrival,,,928,27,1,0,0,
370.0,passenger_queue_arrival,,,929,28,1,0,0,
370.0,passenger_queue_arrival,,,930,29,1,0,0,
370.0,passenger_queue_arrival,,,931,30,1,0,0,
370.0,passenger_queue_arrival,,,932,31,1,0,0,
370.0,passenger_queue_arrival,,,933,32,1,0,0,
370.0,passenger_queue_arrival,,,934,33,1,0,0,
370.0,passenger_queue_arrival,,,935,34,1,0,0,
370.0,passenger_queue_arrival,,,936,35,1,0,0,
370.0,passenger_queue_arrival,,,937,36,1,0,0,
370.0,passenger_queue_arrival,,,938,37,1,0,0,
370.0,passenger_queue_arrival,,,939,38,1,0,0,
370.0,passenger_queue_arrival,,,940,39,1,0,0,
370.0,passenger_queue_arrival,,,941,40,1,0,0,
370.0,passenger_queue_arrival,,,942,41,1,0,0,
370.0,passenger_queue_arrival,,,943,42,1,0,0,
370.0,passenger_queue_arrival,,,944,43,1,0,0,
370.0,passenger_queue_arrival,,,945,44,1,0,0,
370.0,passenger_queue_arrival,,,946,45,1,0,0,
370.0,passenger_queue_arrival,,,947,46,1,0,0,
370.0,passenger_queue_arrival,,,948,47,1,0,0,
370.0,passenger_queue_arrival,,,949,48,1,0,0,
370.0,passenger_queue_arrival,,,950,49,1,0,0,
370.0,passenger_queue_arrival,,,951,50,1,0,0,
370.0,landing_start,25,1,,50,1,0,0,landing_time=3
373.0,plane_arrive,29,1,,50,1,0,0,air_q=4
373.0,landing_end,25,1,,50,1,0,0,pad_q=1
373.01758274034,repair,,,,,1,1,1,"element=door, repair_time=8.190"
373.18866726569314,service_end,,,901,50,1,1,1,duration=8.468
373.18866726569314,service_start,,,902,49,1,1,1,service_time_sampled=0.237
373.42562759616465,service_end,,,902,49,1,1,1,duration=0.237
373.42562759616465,service_start,,,903,48,1,1,1,service_time_sampled=0.089
373.514814759939,service_end,,,903,48,1,1,1,duration=0.089
373.514814759939,service_start,,,904,47,1,1,1,service_time_sampled=0.136
373.65103052436143,service_end,,,904,47,1,1,1,duration=0.136
373.65103052436143,service_start,,,905,46,1,1,1,service_time_sampled=0.094
373.7451383506612,service_end,,,905,46,1,1,1,duration=0.094
373.7451383506612,service_start,,,906,45,1,1,1,service_time_sampled=0.031
373.7764417668545,service_end,,,906,45,1,1,1,duration=0.031
373.7764417668545,service_start,,,907,44,1,1,1,service_time_sampled=0.211
373.98724151650794,service_end,,,907,44,1,1,1,duration=0.211
373.98724151650794,service_start,,,908,43,1,1,1,service_time_sampled=0.592
374.57888145419884,service_end,,,908,43,1,1,1,duration=0.592
374.57888145419884,service_start,,,909,42,1,1,1,service_time_sampled=0.068
374.646544258297,service_end,,,909,42,1,1,1,duration=0.068
374.646544258297,service_start,,,910,41,1,1,1,service_time_sampled=0.124
374.7704656093586,service_end,,,910,41,1,1,1,duration=0.124
374.7704656093586,service_start,,,911,40,1,1,1,service_time_sampled=0.018
374.78806537623467,service_end,,,911,40,1,1,1,duration=0.018
374.78806537623467,service_start,,,912,39,1,1,1,service_time_sampled=0.312
375.0999082902331,service_end,,,912,39,1,1,1,duration=0.312
375.0999082902331,service_start,,,913,38,1,1,1,service_time_sampled=0.052
375.15180000034815,service_end,,,913,38,1,1,1,duration=0.052
375.15180000034815,service_start,,,914,37,1,1,1,service_time_sampled=0.079
375.23107178143226,service_end,,,914,37,1,1,1,duration=0.079
375.23107178143226,service_start,,,915,36,1,1,1,service_time_sampled=0.207
375.4384499713796,service_end,,,915,36,1,1,1,duration=0.207
375.4384499713796,service_start,,,916,35,1,1,1,service_time_sampled=0.142
375.5802215465872,service_end,,,916,35,1,1,1,duration=0.142
375.5802215465872,service_start,,,917,34,1,1,1,service_time_sampled=0.024
375.6046994294215,service_end,,,917,34,1,1,1,duration=0.024
375.6046994294215,service_start,,,918,33,1,1,1,service_time_sampled=0.308
375.91241720717824,service_end,,,918,33,1,1,1,duration=0.308
375.91241720717824,service_start,,,919,32,1,1,1,service_time_sampled=0.103
376.015579446665,service_end,,,919,32,1,1,1,duration=0.103
376.015579446665,service_start,,,920,31,1,1,1,service_time_sampled=0.187
376.2020833879127,service_end,,,920,31,1,1,1,duration=0.187
376.2020833879127,service_start,,,921,30,1,1,1,service_time_sampled=0.010
376.2120833879127,service_end,,,921,30,1,1,1,duration=0.010
376.2120833879127,service_start,,,922,29,1,1,1,service_time_sampled=0.036
376.24832414474025,service_end,,,922,29,1,1,1,duration=0.036
376.24832414474025,service_start,,,923,28,1,1,1,service_time_sampled=0.238
376.4862128842764,service_end,,,923,28,1,1,1,duration=0.238
376.4862128842764,service_start,,,924,27,1,1,1,service_time_sampled=0.109
376.5956976343576,service_end,,,924,27,1,1,1,duration=0.109
376.5956976343576,service_start,,,925,26,1,1,1,service_time_sampled=0.163
376.75902425913006,service_end,,,925,26,1,1,1,duration=0.163
376.75902425913006,service_start,,,926,25,1,1,1,service_time_sampled=0.315
377.0738668187807,service_end,,,926,25,1,1,1,duration=0.315
377.0738668187807,service_start,,,927,24,1,1,1,service_time_sampled=0.049
377.122686955526,service_end,,,927,24,1,1,1,duration=0.049
377.122686955526,service_start,,,928,23,1,1,1,service_time_sampled=0.136
377.2585829376906,service_end,,,928,23,1,1,1,duration=0.136
377.2585829376906,service_start,,,929,22,1,1,1,service_time_sampled=0.116
377.3747947885018,service_end,,,929,22,1,1,1,duration=0.116
377.3747947885018,service_start,,,930,21,1,1,1,service_time_sampled=0.116
377.49087703726985,service_end,,,930,21,1,1,1,duration=0.116
377.49087703726985,service_start,,,931,20,1,1,1,service_time_sampled=0.056
377.5471019339712,service_end,,,931,20,1,1,1,duration=0.056
377.5471019339712,service_start,,,932,19,1,1,1,service_time_sampled=0.101
377.64826075278535,service_end,,,932,19,1,1,1,duration=0.101
377.64826075278535,service_start,,,933,18,1,1,1,service_time_sampled=0.212
377.86010066853055,service_end,,,933,18,1,1,1,duration=0.212
377.86010066853055,service_start,,,934,17,1,1,1,service_time_sampled=0.099
377.95955082415634,service_end,,,934,17,1,1,1,duration=0.099
377.95955082415634,service_start,,,935,16,1,1,1,service_time_sampled=0.166
378.1254034175977,service_end,,,935,16,1,1,1,duration=0.166
378.1254034175977,service_start,,,936,15,1,1,1,service_time_sampled=0.033
378.15837258203015,service_end,,,936,15,1,1,1,duration=0.033
378.15837258203015,service_start,,,937,14,1,1,1,service_time_sampled=0.061
378.2195183602256,service_end,,,937,14,1,1,1,duration=0.061
378.2195183602256,service_start,,,938,13,1,1,1,service_time_sampled=0.010
378.2295183602256,service_end,,,938,13,1,1,1,duration=0.010
378.2295183602256,service_start,,,939,12,1,1,1,service_time_sampled=0.022
378.25140023258956,service_end,,,939,12,1,1,1,duration=0.022
378.25140023258956,service_start,,,940,11,1,1,1,service_time_sampled=0.107
378.35790033687357,service_end,,,940,11,1,1,1,duration=0.107
378.35790033687357,service_start,,,941,10,1,1,1,service_time_sampled=0.298
378.65588689065163,service_end,,,941,10,1,1,1,duration=0.298
378.65588689065163,service_start,,,942,9,1,1,1,service_time_sampled=0.033
378.68885350809927,service_end,,,942,9,1,1,1,duration=0.033
378.68885350809927,service_start,,,943,8,1,1,1,service_time_sampled=0.082
378.77054616672325,service_end,,,943,8,1,1,1,duration=0.082
378.77054616672325,service_start,,,944,7,1,1,1,service_time_sampled=0.614
379.3844156078772,service_end,,,944,7,1,1,1,duration=0.614
379.3844156078772,service_start,,,945,6,1,1,1,service_time_sampled=0.375
379.758975076377,service_end,,,945,6,1,1,1,duration=0.375
379.758975076377,service_start,,,946,5,1,1,1,service_time_sampled=0.048
379.80698594074676,service_end,,,946,5,1,1,1,duration=0.048
379.80698594074676,service_start,,,947,4,1,1,1,service_time_sampled=0.177
379.98362996389,service_end,,,947,4,1,1,1,duration=0.177
379.98362996389,service_start,,,948,3,1,1,1,service_time_sampled=0.194
380.0,unload_end,25,1,,3,1,1,1,
380.0,passengers_spawned,25,1,,3,1,1,1,count=21
380.0,passenger_queue_arrival,,,952,4,1,1,1,
380.0,passenger_queue_arrival,,,953,5,1,1,1,
380.0,passenger_queue_arrival,,,954,6,1,1,1,
380.0,passenger_queue_arrival,,,955,7,1,1,1,
380.0,passenger_queue_arrival,,,956,8,1,1,1,
380.0,passenger_queue_arrival,,,957,9,1,1,1,
380.0,passenger_queue_arrival,,,958,10,1,1,1,
380.0,passenger_queue_arrival,,,959,11,1,1,1,
380.0,passenger_queue_arrival,,,960,12,1,1,1,
380.0,passenger_queue_arrival,,,961,13,1,1,1,
380.0,passenger_queue_arrival,,,962,14,1,1,1,
380.0,passenger_queue_arrival,,,963,15,1,1,1,
380.0,passenger_queue_arrival,,,964,16,1,1,1,
380.0,passenger_queue_arrival,,,965,17,1,1,1,
380.0,passenger_queue_arrival,,,966,18,1,1,1,
380.0,passenger_queue_arrival,,,967,19,1,1,1,
380.0,passenger_queue_arrival,,,968,20,1,1,1,
380.0,passenger_queue_arrival,,,969,21,1,1,1,
380.0,passenger_queue_arrival,,,970,22,1,1,1,
380.0,passenger_queue_arrival,,,971,23,1,1,1,
380.0,passenger_queue_arrival,,,972,24,1,1,1,
380.0,landing_start,26,3,,24,1,1,1,landing_time=4
380.17794134935633,service_end,,,948,24,1,1,1,duration=0.194
380.17794134935633,service_start,,,949,23,1,1,1,service_time_sampled=0.020
380.1978876618817,service_end,,,949,23,1,1,1,duration=0.020
380.1978876618817,service_start,,,950,22,1,1,1,service_time_sampled=0.047
380.24452364412497,service_end,,,950,22,1,1,1,duration=0.047
380.24452364412497,service_start,,,951,21,1,1,1,service_time_sampled=0.099
380.3433532147095,service_end,,,951,21,1,1,1,duration=0.099
380.3433532147095,service_start,,,952,20,1,1,1,service_time_sampled=0.038
380.3814572671937,service_end,,,952,20,1,1,1,duration=0.038
380.3814572671937,service_start,,,953,19,1,1,1,service_time_sampled=0.010
380.3914572671937,service_end,,,953,19,1,1,1,duration=0.010
380.3914572671937,service_start,,,954,18,1,1,1,service_time_sampled=0.352
380.7434218068301,service_end,,,954,18,1,1,1,duration=0.352
380.7434218068301,service_start,,,955,17,1,1,1,service_time_sampled=0.021
380.76475485390284,service_end,,,955,17,1,1,1,duration=0.021
380.76475485390284,service_start,,,956,16,1,1,1,service_time_sampled=0.526
381.2909682440773,service_end,,,956,16,1,1,1,duration=0.526
381.2909682440773,service_start,,,957,15,1,1,1,service_time_sampled=0.193
381.48346873998065,service_end,,,957,15,1,1,1,duration=0.193
381.48346873998065,service_start,,,958,14,1,1,1,service_time_sampled=0.199
381.6829684639672,service_end,,,958,14,1,1,1,duration=0.199
381.6829684639672,service_start,,,959,13,1,1,1,service_time_sampled=0.168
381.8512068846527,service_end,,,959,13,1,1,1,duration=0.168
381.8512068846527,service_start,,,960,12,1,1,1,service_time_sampled=0.026
381.8772960665683,service_end,,,960,12,1,1,1,duration=0.026
381.8772960665683,service_start,,,961,11,1,1,1,service_time_sampled=0.042
381.91880747504956,service_end,,,961,11,1,1,1,duration=0.042
381.91880747504956,service_start,,,962,10,1,1,1,service_time_sampled=0.150
382.068504041771,service_end,,,962,10,1,1,1,duration=0.150
382.068504041771,service_start,,,963,9,1,1,1,service_time_sampled=0.010
382.078504041771,service_end,,,963,9,1,1,1,duration=0.010
382.078504041771,service_start,,,964,8,1,1,1,service_time_sampled=0.094
382.17279784958293,service_end,,,964,8,1,1,1,duration=0.094
382.17279784958293,service_start,,,965,7,1,1,1,service_time_sampled=0.087
382.25999381334196,service_end,,,965,7,1,1,1,duration=0.087
382.25999381334196,service_start,,,966,6,1,1,1,service_time_sampled=0.091
382.3511285643515,service_end,,,966,6,1,1,1,duration=0.091
382.3511285643515,service_start,,,967,5,1,1,1,service_time_sampled=0.188
382.53901460069784,service_end,,,967,5,1,1,1,duration=0.188
382.53901460069784,service_start,,,968,4,1,1,1,service_time_sampled=0.054
382.59321439575916,service_end,,,968,4,1,1,1,duration=0.054
382.59321439575916,service_start,,,969,3,1,1,1,service_time_sampled=0.010
382.60321439575915,service_end,,,969,3,1,1,1,duration=0.010
382.60321439575915,service_start,,,970,2,1,1,1,service_time_sampled=0.406
383.008968274645,service_end,,,970,2,1,1,1,duration=0.406
383.008968274645,service_start,,,971,1,1,1,1,service_time_sampled=0.306
383.31519921319773,service_end,,,971,1,1,1,1,duration=0.306
383.31519921319773,service_start,,,972,0,1,1,1,service_time_sampled=0.161
383.47646778196906,service_end,,,972,0,1,1,1,duration=0.161
384.0,landing_end,26,3,,0,1,1,1,pad_q=1
391.0,plane_arrive,30,2,,0,1,1,1,air_q=4
391.0,unload_end,26,3,,0,1,1,1,
391.0,passengers_spawned,26,3,,0,1,1,1,count=51
391.0,passenger_queue_arrival,,,973,1,1,1,1,
391.0,passenger_queue_arrival,,,974,2,1,1,1,
391.0,passenger_queue_arrival,,,975,3,1,1,1,
391.0,passenger_queue_arrival,,,976,4,1,1,1,
391.0,passenger_queue_arrival,,,977,5,1,1,1,
391.0,passenger_queue_arrival,,,978,6,1,1,1,
391.0,passenger_queue_arrival,,,979,7,1,1,1,
391.0,passenger_queue_arrival,,,980,8,1,1,1,
391.0,passenger_queue_arrival,,,981,9,1,1,1,
391.0,passenger_queue_arrival,,,982,10,1,1,1,
391.0,passenger_queue_arrival,,,983,11,1,1,1,
391.0,passenger_queue_arrival,,,984,12,1,1,1,
391.0,passenger_queue_arrival,,,985,13,1,1,1,
391.0,passenger_queue_arrival,,,986,14,1,1,1,
391.0,passenger_queue_arrival,,,987,15,1,1,1,
391.0,passenger_queue_arrival,,,988,16,1,1,1,
391.0,passenger_queue_arrival,,,989,17,1,1,1,
391.0,passenger_queue_arrival,,,990,18,1,1,1,
391.0,passenger_queue_arrival,,,991,19,1,1,1,
391.0,passenger_queue_arrival,,,992,20,1,1,1,
391.0,passenger_queue_arrival,,,993,21,1,1,1,
391.0,passenger_queue_arrival,,,994,22,1,1,1,
391.0,passenger_queue_arrival,,,995,23,1,1,1,
391.0,passenger_queue_arrival,,,996,24,1,1,1,
391.0,passenger_queue_arrival,,,997,25,1,1,1,
391.0,passenger_queue_arrival,,,998,26,1,1,1,
391.0,passenger_queue_arrival,,,999,27,1,1,1,
391.0,passenger_queue_arrival,,,1000,28,1,1,1,
391.0,passenger_queue_arrival,,,1001,29,1,1,1,
391.0,passenger_queue_arrival,,,1002,30,1,1,1,
391.0,passenger_queue_arrival,,,1003,31,1,1,1,
391.0,passenger_queue_arrival,,,1004,32,1,1,1,
391.0,passenger_queue_arrival,,,1005,33,1,1,1,
391.0,passenger_queue_arrival,,,1006,34,1,1,1,
391.0,passenger_queue_arrival,,,1007,35,1,1,1,
391.0,passenger_queue_arrival,,,1008,36,1,1,1,
391.0,passenger_queue_arrival,,,1009,37,1,1,1,
391.0,passenger_queue_arrival,,,1010,38,1,1,1,
391.0,passenger_queue_arrival,,,1011,39,1,1,1,
391.0,passenger_queue_arrival,,,1012,40,1,1,1,
391.0,passenger_queue_arrival,,,1013,41,1,1,1,
391.0,passenger_queue_arrival,,,1014,42,1,1,1,
391.0,passenger_queue_arrival,,,1015,43,1,1,1,
391.0,passenger_queue_arrival,,,1016,44,1,1,1,
391.0,passenger_queue_arrival,,,1017,45,1,1,1,
391.0,passenger_queue_arrival,,,1018,46,1,1,1,
391.0,passenger_queue_arrival,,,1019,47,1,1,1,
391.0,passenger_queue_arrival,,,1020,48,1,1,1,
391.0,passenger_queue_arrival,,,1021,49,1,1,1,
391.0,passenger_queue_arrival,,,1022,50,1,1,1,
391.0,passenger_queue_arrival,,,1023,51,1,1,1,
391.0,landing_start,27,2,,51,1,1,1,landing_time=5
391.0,service_start,,,973,50,1,1,1,service_time_sampled=0.130
391.12951624569644,service_end,,,973,50,1,1,1,duration=0.130
391.12951624569644,service_start,,,974,49,1,1,1,service_time_sampled=0.253
391.38220638211493,service_end,,,974,49,1,1,1,duration=0.253
391.38220638211493,service_start,,,975,48,1,1,1,service_time_sampled=0.010
391.3922063821149,service_end,,,975,48,1,1,1,duration=0.010
391.3922063821149,service_start,,,976,47,1,1,1,service_time_sampled=0.335
391.727701202986,service_end,,,976,47,1,1,1,duration=0.335
391.727701202986,service_start,,,977,46,1,1,1,service_time_sampled=0.038
391.76601497287146,service_end,,,977,46,1,1,1,duration=0.038
391.76601497287146,service_start,,,978,45,1,1,1,service_time_sampled=0.044
391.81020002151524,service_end,,,978,45,1,1,1,duration=0.044
391.81020002151524,service_start,,,979,44,1,1,1,service_time_sampled=0.010
391.82020002151523,service_end,,,979,44,1,1,1,duration=0.010
391.82020002151523,service_start,,,980,43,1,1,1,service_time_sampled=0.249
392.0,plane_arrive,31,2,,43,1,1,1,air_q=4
392.06896419970553,service_end,,,980,43,1,1,1,duration=0.249
392.06896419970553,service_start,,,981,42,1,1,1,service_time_sampled=0.204
392.2724857296216,service_end,,,981,42,1,1,1,duration=0.204
392.2724857296216,service_start,,,982,41,1,1,1,service_time_sampled=0.229
392.5018582362562,service_end,,,982,41,1,1,1,duration=0.229
392.5018582362562,service_start,,,983,40,1,1,1,service_time_sampled=0.234
392.73614183704257,service_end,,,983,40,1,1,1,duration=0.234
392.73614183704257,service_start,,,984,39,1,1,1,service_time_sampled=0.122
392.8576910667385,service_end,,,984,39,1,1,1,duration=0.122
392.8576910667385,service_start,,,985,38,1,1,1,service_time_sampled=0.070
392.928096914203,service_end,,,985,38,1,1,1,duration=0.070
392.928096914203,service_start,,,986,37,1,1,1,service_time_sampled=0.088
393.016451650333,service_end,,,986,37,1,1,1,duration=0.088
393.016451650333,service_start,,,987,36,1,1,1,service_time_sampled=0.093
393.1090966487182,service_end,,,987,36,1,1,1,duration=0.093
393.1090966487182,service_start,,,988,35,1,1,1,service_time_sampled=0.017
393.126371200293,service_end,,,988,35,1,1,1,duration=0.017
393.126371200293,service_start,,,989,34,1,1,1,service_time_sampled=0.014
393.1404053987529,service_end,,,989,34,1,1,1,duration=0.014
393.1404053987529,service_start,,,990,33,1,1,1,service_time_sampled=0.043
393.1831859175424,service_end,,,990,33,1,1,1,duration=0.043
393.1831859175424,service_start,,,991,32,1,1,1,service_time_sampled=0.103
393.28648733902776,service_end,,,991,32,1,1,1,duration=0.103
393.28648733902776,service_start,,,992,31,1,1,1,service_time_sampled=0.014
393.3004772360686,service_end,,,992,31,1,1,1,duration=0.014
393.3004772360686,service_start,,,993,30,1,1,1,service_time_sampled=0.199
393.49990911701974,service_end,,,993,30,1,1,1,duration=0.199
393.49990911701974,service_start,,,994,29,1,1,1,service_time_sampled=0.081
393.5810057317152,service_end,,,994,29,1,1,1,duration=0.081
393.5810057317152,service_start,,,995,28,1,1,1,service_time_sampled=0.088
393.66928730691563,service_end,,,995,28,1,1,1,duration=0.088
393.66928730691563,service_start,,,996,27,1,1,1,service_time_sampled=0.064
393.73337639304594,service_end,,,996,27,1,1,1,duration=0.064
393.73337639304594,service_start,,,997,26,1,1,1,service_time_sampled=0.010
393.74337639304593,service_end,,,997,26,1,1,1,duration=0.010
393.74337639304593,service_start,,,998,25,1,1,1,service_time_sampled=0.214
393.9568766277761,service_end,,,998,25,1,1,1,duration=0.214
393.9568766277761,service_start,,,999,24,1,1,1,service_time_sampled=0.102
394.05898018328554,service_end,,,999,24,1,1,1,duration=0.102
394.05898018328554,service_start,,,1000,23,1,1,1,service_time_sampled=0.076
394.13458464353846,service_end,,,1000,23,1,1,1,duration=0.076
394.13458464353846,service_start,,,1001,22,1,1,1,service_time_sampled=0.010
394.14458464353845,service_end,,,1001,22,1,1,1,duration=0.010
394.14458464353845,service_start,,,1002,21,1,1,1,service_time_sampled=0.069
394.2134417517525,service_end,,,1002,21,1,1,1,duration=0.069
394.2134417517525,service_start,,,1003,20,1,1,1,service_time_sampled=0.073
394.2868101196292,service_end,,,1003,20,1,1,1,duration=0.073
394.2868101196292,service_start,,,1004,19,1,1,1,service_time_sampled=0.108
394.3945080012376,service_end,,,1004,19,1,1,1,duration=0.108
394.3945080012376,service_start,,,1005,18,1,1,1,service_time_sampled=0.118
394.51253081166305,service_end,,,1005,18,1,1,1,duration=0.118
394.51253081166305,service_start,,,1006,17,1,1,1,service_time_sampled=0.264
394.7763992138289,service_end,,,1006,17,1,1,1,duration=0.264
394.7763992138289,service_start,,,1007,16,1,1,1,service_time_sampled=0.037
394.8135528339685,service_end,,,1007,16,1,1,1,duration=0.037
394.8135528339685,service_start,,,1008,15,1,1,1,service_time_sampled=0.035
394.8485407165722,service_end,,,1008,15,1,1,1,duration=0.035
394.8485407165722,service_start,,,1009,14,1,1,1,service_time_sampled=0.010
394.8585407165722,service_end,,,1009,14,1,1,1,duration=0.010
394.8585407165722,service_start,,,1010,13,1,1,1,service_time_sampled=0.160
395.01817975478264,service_end,,,1010,13,1,1,1,duration=0.160
395.01817975478264,service_start,,,1011,12,1,1,1,service_time_sampled=0.077
395.09549367749037,service_end,,,1011,12,1,1,1,duration=0.077
395.09549367749037,service_start,,,1012,11,1,1,1,service_time_sampled=0.210
395.30588106704005,service_end,,,1012,11,1,1,1,duration=0.210
395.30588106704005,service_start,,,1013,10,1,1,1,service_time_sampled=0.010
395.31588106704004,service_end,,,1013,10,1,1,1,duration=0.010
395.31588106704004,service_start,,,1014,9,1,1,1,service_time_sampled=0.131
395.4464053376549,service_end,,,1014,9,1,1,1,duration=0.131
395.4464053376549,service_start,,,1015,8,1,1,1,service_time_sampled=0.040
395.4867096779514,service_end,,,1015,8,1,1,1,duration=0.040
395.4867096779514,service_start,,,1016,7,1,1,1,service_time_sampled=0.274
395.7605816401881,service_end,,,1016,7,1,1,1,duration=0.274
395.7605816401881,service_start,,,1017,6,1,1,1,service_time_sampled=0.034
395.79455694241216,service_end,,,1017,6,1,1,1,duration=0.034
395.79455694241216,service_start,,,1018,5,1,1,1,service_time_sampled=0.349
396.0,landing_end,27,2,,5,1,1,1,pad_q=1
396.1430636598859,service_end,,,1018,5,1,1,1,duration=0.349
396.1430636598859,service_start,,,1019,4,1,1,1,service_time_sampled=0.031
396.1741861296559,service_end,,,1019,4,1,1,1,duration=0.031
396.1741861296559,service_start,,,1020,3,1,1,1,service_time_sampled=0.280
396.45419738035554,service_end,,,1020,3,1,1,1,duration=0.280
396.45419738035554,service_start,,,1021,2,1,1,1,service_time_sampled=0.129
396.58324620322816,service_end,,,1021,2,1,1,1,duration=0.129
396.58324620322816,service_start,,,1022,1,1,1,1,service_time_sampled=0.120
396.70333938488983,service_end,,,1022,1,1,1,1,duration=0.120
396.70333938488983,service_start,,,1023,0,1,1,1,service_time_sampled=0.010
396.7133393848898,service_end,,,1023,0,1,1,1,duration=0.010
403.0,unload_end,27,2,,0,1,1,1,
403.0,passengers_spawned,27,2,,0,1,1,1,count=34
403.0,passenger_queue_arrival,,,1024,1,1,1,1,
403.0,passenger_queue_arrival,,,1025,2,1,1,1,
403.0,passenger_queue_arrival,,,1026,3,1,1,1,
403.0,passenger_queue_arrival,,,1027,4,1,1,1,
403.0,passenger_queue_arrival,,,1028,5,1,1,1,
403.0,passenger_queue_arrival,,,1029,6,1,1,1,
403.0,passenger_queue_arrival,,,1030,7,1,1,1,
403.0,passenger_queue_arrival,,,1031,8,1,1,1,
403.0,passenger_queue_arrival,,,1032,9,1,1,1,
403.0,passenger_queue_arrival,,,1033,10,1,1,1,
403.0,passenger_queue_arrival,,,1034,11,1,1,1,
403.0,passenger_queue_arrival,,,1035,12,1,1,1,
403.0,passenger_queue_arrival,,,1036,13,1,1,1,
403.0,passenger_queue_arrival,,,1037,14,1,1,1,
403.0,passenger_queue_arrival,,,1038,15,1,1,1,
403.0,passenger_queue_arrival,,,1039,16,1,1,1,
403.0,passenger_queue_arrival,,,1040,17,1,1,1,
403.0,passenger_queue_arrival,,,1041,18,1,1,1,
403.0,passenger_queue_arrival,,,1042,19,1,1,1,
403.0,passenger_queue_arrival,,,1043,20,1,1,1,
403.0,passenger_queue_arrival,,,1044,21,1,1,1,
403.0,passenger_queue_arrival,,,1045,22,1,1,1,
403.0,passenger_queue_arrival,,,1046,23,1,1,1,
403.0,passenger_queue_arrival,,,1047,24,1,1,1,
403.0,passenger_queue_arrival,,,1048,25,1,1,1,
403.0,passenger_queue_arrival,,,1049,26,1,1,1,
403.0,passenger_queue_arrival,,,1050,27,1,1,1,
403.0,passenger_queue_arrival,,,1051,28,1,1,1,
403.0,passenger_queue_arrival,,,1052,29,1,1,1,
403.0,passenger_queue_arrival,,,1053,30,1,1,1,
403.0,passenger_queue_arrival,,,1054,31,1,1,1,
403.0,passenger_queue_arrival,,,1055,32,1,1,1,
403.0,passenger_queue_arrival,,,1056,33,1,1,1,
403.0,passenger_queue_arrival,,,1057,34,1,1,1,
403.0,landing_start,28,1,,34,1,1,1,landing_time=3
403.0,service_start,,,1024,33,1,1,1,service_time_sampled=0.072
403.07154665375464,service_end,,,1024,33,1,1,1,duration=0.072
403.07154665375464,service_start,,,1025,32,1,1,1,service_time_sampled=0.214
403.2854630073415,service_end,,,1025,32,1,1,1,duration=0.214
403.2854630073415,service_start,,,1026,31,1,1,1,service_time_sampled=0.085
403.3707105597288,service_end,,,1026,31,1,1,1,duration=0.085
403.3707105597288,service_start,,,1027,30,1,1,1,service_time_sampled=0.205
403.57561662973615,service_end,,,1027,30,1,1,1,duration=0.205
403.57561662973615,service_start,,,1028,29,1,1,1,service_time_sampled=0.090
403.66561976687046,service_end,,,1028,29,1,1,1,duration=0.090
403.66561976687046,service_start,,,1029,28,1,1,1,service_time_sampled=0.151
403.81667480536987,service_end,,,1029,28,1,1,1,duration=0.151
403.81667480536987,service_start,,,1030,27,1,1,1,service_time_sampled=0.106
403.9225523050388,service_end,,,1030,27,1,1,1,duration=0.106
403.9225523050388,service_start,,,1031,26,1,1,1,service_time_sampled=0.232
404.1548545201883,service_end,,,1031,26,1,1,1,duration=0.232
404.1548545201883,service_start,,,1032,25,1,1,1,service_time_sampled=0.014
404.1684563717078,service_end,,,1032,25,1,1,1,duration=0.014
404.1684563717078,service_start,,,1033,24,1,1,1,service_time_sampled=0.066
404.23461027500804,service_end,,,1033,24,1,1,1,duration=0.066
404.23461027500804,service_start,,,1034,23,1,1,1,service_time_sampled=0.188
404.4226651045531,service_end,,,1034,23,1,1,1,duration=0.188
404.4226651045531,service_start,,,1035,22,1,1,1,service_time_sampled=0.121
404.5433876456432,service_end,,,1035,22,1,1,1,duration=0.121
404.5433876456432,service_start,,,1036,21,1,1,1,service_time_sampled=0.220
404.76349110074483,service_end,,,1036,21,1,1,1,duration=0.220
404.76349110074483,service_start,,,1037,20,1,1,1,service_time_sampled=0.340
405.1031002639064,service_end,,,1037,20,1,1,1,duration=0.340
405.1031002639064,service_start,,,1038,19,1,1,1,service_time_sampled=0.010
405.1131002639064,service_end,,,1038,19,1,1,1,duration=0.010
405.1131002639064,service_start,,,1039,18,1,1,1,service_time_sampled=0.019
405.132041822073,service_end,,,1039,18,1,1,1,duration=0.019
405.132041822073,service_start,,,1040,17,1,1,1,service_time_sampled=0.221
405.35340688542306,service_end,,,1040,17,1,1,1,duration=0.221
405.35340688542306,service_start,,,1041,16,1,1,1,service_time_sampled=0.146
405.49938264823766,service_end,,,1041,16,1,1,1,duration=0.146
405.49938264823766,service_start,,,1042,15,1,1,1,service_time_sampled=0.025
405.5244291903432,service_end,,,1042,15,1,1,1,duration=0.025
405.5244291903432,service_start,,,1043,14,1,1,1,service_time_sampled=0.219
405.743185830711,service_end,,,1043,14,1,1,1,duration=0.219
405.743185830711,service_start,,,1044,13,1,1,1,service_time_sampled=0.257
406.0,landing_end,28,1,,13,1,1,1,pad_q=1
406.0004599645542,service_end,,,1044,13,1,1,1,duration=0.257
406.0004599645542,service_start,,,1045,12,1,1,1,service_time_sampled=0.010
406.0104599645542,service_end,,,1045,12,1,1,1,duration=0.010
406.0104599645542,service_start,,,1046,11,1,1,1,service_time_sampled=0.010
406.02045996455416,service_end,,,1046,11,1,1,1,duration=0.010
406.02045996455416,service_start,,,1047,10,1,1,1,service_time_sampled=0.037
406.0573006945432,service_end,,,1047,10,1,1,1,duration=0.037
406.0573006945432,service_start,,,1048,9,1,1,1,service_time_sampled=0.136
406.1930372616775,service_end,,,1048,9,1,1,1,duration=0.136
406.1930372616775,service_start,,,1049,8,1,1,1,service_time_sampled=0.241
406.43361670615354,service_end,,,1049,8,1,1,1,duration=0.241
406.43361670615354,service_start,,,1050,7,1,1,1,service_time_sampled=0.401
406.8344286987298,service_end,,,1050,7,1,1,1,duration=0.401
406.8344286987298,service_start,,,1051,6,1,1,1,service_time_sampled=0.078
406.91286728900604,service_end,,,1051,6,1,1,1,duration=0.078
406.91286728900604,service_start,,,1052,5,1,1,1,service_time_sampled=0.159
407.0722529454841,service_end,,,1052,5,1,1,1,duration=0.159
407.0722529454841,service_start,,,1053,4,1,1,1,service_time_sampled=0.186
407.25777149407753,service_end,,,1053,4,1,1,1,duration=0.186
407.25777149407753,service_start,,,1054,3,1,1,1,service_time_sampled=0.017
407.27458115538917,service_end,,,1054,3,1,1,1,duration=0.017
407.27458115538917,service_start,,,1055,2,1,1,1,service_time_sampled=0.078
407.35251337763884,service_end,,,1055,2,1,1,1,duration=0.078
407.35251337763884,service_start,,,1056,1,1,1,1,service_time_sampled=0.276
407.62865315035936,service_end,,,1056,1,1,1,1,duration=0.276
407.62865315035936,service_start,,,1057,0,1,1,1,service_time_sampled=0.010
407.63865315035935,service_end,,,1057,0,1,1,1,duration=0.010
413.0,unload_end,28,1,,0,1,1,1,
413.0,passengers_spawned,28,1,,0,1,1,1,count=27
413.0,passenger_queue_arrival,,,1058,1,1,1,1,
413.0,passenger_queue_arrival,,,1059,2,1,1,1,
413.0,passenger_queue_arrival,,,1060,3,1,1,1,
413.0,passenger_queue_arrival,,,1061,4,1,1,1,
413.0,passenger_queue_arrival,,,1062,5,1,1,1,
413.0,passenger_queue_arrival,,,1063,6,1,1,1,
413.0,passenger_queue_arrival,,,1064,7,1,1,1,
413.0,passenger_queue_arrival,,,1065,8,1,1,1,
413.0,passenger_queue_arrival,,,1066,9,1,1,1,
413.0,passenger_queue_arrival,,,1067,10,1,1,1,
413.0,passenger_queue_arrival,,,1068,11,1,1,1,
413.0,passenger_queue_arrival,,,1069,12,1,1,1,
413.0,passenger_queue_arrival,,,1070,13,1,1,1,
413.0,passenger_queue_arrival,,,1071,14,1,1,1,
413.0,passenger_queue_arrival,,,1072,15,1,1,1,
413.0,passenger_queue_arrival,,,1073,16,1,1,1,
413.0,passenger_queue_arrival,,,1074,17,1,1,1,
413.0,passenger_queue_arrival,,,1075,18,1,1,1,
413.0,passenger_queue_arrival,,,1076,19,1,1,1,
413.0,passenger_queue_arrival,,,1077,20,1,1,1,
413.0,passenger_queue_arrival,,,1078,21,1,1,1,
413.0,passenger_queue_arrival,,,1079,22,1,1,1,
413.0,passenger_queue_arrival,,,1080,23,1,1,1,
413.0,passenger_queue_arrival,,,1081,24,1,1,1,
413.0,passenger_queue_arrival,,,1082,25,1,1,1,
413.0,passenger_queue_arrival,,,1083,26,1,1,1,
413.0,passenger_queue_arrival,,,1084,27,1,1,1,
413.0,landing_start,29,1,,27,1,1,1,landing_time=3
413.0,service_start,,,1058,26,1,1,1,service_time_sampled=0.147
413.14659839022164,service_end,,,1058,26,1,1,1,duration=0.147
413.14659839022164,service_start,,,1059,25,1,1,1,service_time_sampled=0.040
413.18640580519843,service_end,,,1059,25,1,1,1,duration=0.040
413.18640580519843,service_start,,,1060,24,1,1,1,service_time_sampled=0.038
413.2241019978205,service_end,,,1060,24,1,1,1,duration=0.038
413.2241019978205,service_start,,,1061,23,1,1,1,service_time_sampled=0.020
413.2443171984352,service_end,,,1061,23,1,1,1,duration=0.020
413.2443171984352,service_start,,,1062,22,1,1,1,service_time_sampled=0.173
413.4177106881186,service_end,,,1062,22,1,1,1,duration=0.173
413.4177106881186,service_start,,,1063,21,1,1,1,service_time_sampled=0.067
413.4851023944909,service_end,,,1063,21,1,1,1,duration=0.067
413.4851023944909,service_start,,,1064,20,1,1,1,service_time_sampled=0.304
413.78944000633516,service_end,,,1064,20,1,1,1,duration=0.304
413.78944000633516,service_start,,,1065,19,1,1,1,service_time_sampled=0.026
413.8154253363265,service_end,,,1065,19,1,1,1,duration=0.026
413.8154253363265,service_start,,,1066,18,1,1,1,service_time_sampled=0.418
414.2333771407491,service_end,,,1066,18,1,1,1,duration=0.418
414.2333771407491,service_start,,,1067,17,1,1,1,service_time_sampled=0.071
414.30406042642755,service_end,,,1067,17,1,1,1,duration=0.071
414.30406042642755,service_start,,,1068,16,1,1,1,service_time_sampled=0.014
414.317904989735,service_end,,,1068,16,1,1,1,duration=0.014
414.317904989735,service_start,,,1069,15,1,1,1,service_time_sampled=0.046
414.363622040987,service_end,,,1069,15,1,1,1,duration=0.046
414.363622040987,service_start,,,1070,14,1,1,1,service_time_sampled=0.096
414.4596345701249,service_end,,,1070,14,1,1,1,duration=0.096
414.4596345701249,service_start,,,1071,13,1,1,1,service_time_sampled=0.046
414.5059249624018,service_end,,,1071,13,1,1,1,duration=0.046
414.5059249624018,service_start,,,1072,12,1,1,1,service_time_sampled=0.136
414.6421712249501,service_end,,,1072,12,1,1,1,duration=0.136
414.6421712249501,service_start,,,1073,11,1,1,1,service_time_sampled=0.012
414.6545424811697,service_end,,,1073,11,1,1,1,duration=0.012
414.6545424811697,service_start,,,1074,10,1,1,1,service_time_sampled=0.130
414.7848302787444,service_end,,,1074,10,1,1,1,duration=0.130
414.7848302787444,service_start,,,1075,9,1,1,1,service_time_sampled=0.074
414.85842817547103,service_end,,,1075,9,1,1,1,duration=0.074
414.85842817547103,service_start,,,1076,8,1,1,1,service_time_sampled=0.115
414.9736679765716,service_end,,,1076,8,1,1,1,duration=0.115
414.9736679765716,service_start,,,1077,7,1,1,1,service_time_sampled=0.010
414.9836679765716,service_end,,,1077,7,1,1,1,duration=0.010
414.9836679765716,service_start,,,1078,6,1,1,1,service_time_sampled=0.257
415.2408738729643,service_end,,,1078,6,1,1,1,duration=0.257
415.2408738729643,service_start,,,1079,5,1,1,1,service_time_sampled=0.010
415.2508738729643,service_end,,,1079,5,1,1,1,duration=0.010
415.2508738729643,service_start,,,1080,4,1,1,1,service_time_sampled=0.060
415.3112885941784,service_end,,,1080,4,1,1,1,duration=0.060
415.3112885941784,service_start,,,1081,3,1,1,1,service_time_sampled=0.014
415.3251846432135,service_end,,,1081,3,1,1,1,duration=0.014
415.3251846432135,service_start,,,1082,2,1,1,1,service_time_sampled=0.110
415.4353463857837,service_end,,,1082,2,1,1,1,duration=0.110
415.4353463857837,service_start,,,1083,1,1,1,1,service_time_sampled=0.542
415.9777113217238,service_end,,,1083,1,1,1,1,duration=0.542
415.9777113217238,service_start,,,1084,0,1,1,1,service_time_sampled=0.215
416.0,landing_end,29,1,,0,1,1,1,pad_q=1
416.19235832540164,service_end,,,1084,0,1,1,1,duration=0.215
423.0,unload_end,29,1,,0,1,1,1,
423.0,passengers_spawned,29,1,,0,1,1,1,count=23
423.0,passenger_queue_arrival,,,1085,1,1,1,1,
423.0,passenger_queue_arrival,,,1086,2,1,1,1,
423.0,passenger_queue_arrival,,,1087,3,1,1,1,
423.0,passenger_queue_arrival,,,1088,4,1,1,1,
423.0,passenger_queue_arrival,,,1089,5,1,1,1,
423.0,passenger_queue_arrival,,,1090,6,1,1,1,
423.0,passenger_queue_arrival,,,1091,7,1,1,1,
423.0,passenger_queue_arrival,,,1092,8,1,1,1,
423.0,passenger_queue_arrival,,,1093,9,1,1,1,
423.0,passenger_queue_arrival,,,1094,10,1,1,1,
423.0,passenger_queue_arrival,,,1095,11,1,1,1,
423.0,passenger_queue_arrival,,,1096,12,1,1,1,
423.0,passenger_queue_arrival,,,1097,13,1,1,1,
423.0,passenger_queue_arrival,,,1098,14,1,1,1,
423.0,passenger_queue_arrival,,,1099,15,1,1,1,
423.0,passenger_queue_arrival,,,1100,16,1,1,1,
423.0,passenger_queue_arrival,,,1101,17,1,1,1,
423.0,passenger_queue_arrival,,,1102,18,1,1,1,
423.0,passenger_queue_arrival,,,1103,19,1,1,1,
423.0,passenger_queue_arrival,,,1104,20,1,1,1,
423.0,passenger_queue_arrival,,,1105,21,1,1,1,
423.0,passenger_queue_arrival,,,1106,22,1,1,1,
423.0,passenger_queue_arrival,,,1107,23,1,1,1,
423.0,landing_start,30,2,,23,1,1,1,landing_time=2
423.0,service_start,,,1085,22,1,1,1,service_time_sampled=0.042
423.0424935671644,service_end,,,1085,22,1,1,1,duration=0.042
423.0424935671644,service_start,,,1086,21,1,1,1,service_time_sampled=0.039
423.08156558445245,service_end,,,1086,21,1,1,1,duration=0.039
423.08156558445245,service_start,,,1087,20,1,1,1,service_time_sampled=0.419
423.5009458930359,service_end,,,1087,20,1,1,1,duration=0.419
423.5009458930359,service_start,,,1088,19,1,1,1,service_time_sampled=0.010
423.5109458930359,service_end,,,1088,19,1,1,1,duration=0.010
423.5109458930359,service_start,,,1089,18,1,1,1,service_time_sampled=0.283
423.79433910265726,service_end,,,1089,18,1,1,1,duration=0.283
423.79433910265726,service_start,,,1090,17,1,1,1,service_time_sampled=0.335
424.12953763598404,service_end,,,1090,17,1,1,1,duration=0.335
424.12953763598404,service_start,,,1091,16,1,1,1,service_time_sampled=0.010
424.139537635984,service_end,,,1091,16,1,1,1,duration=0.010
424.139537635984,service_start,,,1092,15,1,1,1,service_time_sampled=0.010
424.149537635984,service_end,,,1092,15,1,1,1,duration=0.010
424.149537635984,service_start,,,1093,14,1,1,1,service_time_sampled=0.035
424.1840558183712,service_end,,,1093,14,1,1,1,duration=0.035
424.1840558183712,service_start,,,1094,13,1,1,1,service_time_sampled=0.837
425.0,landing_end,30,2,,13,1,1,1,pad_q=1
425.02074748535074,service_end,,,1094,13,1,1,1,duration=0.837
425.02074748535074,service_start,,,1095,12,1,1,1,service_time_sampled=0.227
425.2474656443174,service_end,,,1095,12,1,1,1,duration=0.227
425.2474656443174,service_start,,,1096,11,1,1,1,service_time_sampled=0.032
425.279279669856,service_end,,,1096,11,1,1,1,duration=0.032
425.279279669856,service_start,,,1097,10,1,1,1,service_time_sampled=0.072
425.3513918763214,service_end,,,1097,10,1,1,1,duration=0.072
425.3513918763214,service_start,,,1098,9,1,1,1,service_time_sampled=0.073
425.4241989970545,service_end,,,1098,9,1,1,1,duration=0.073
425.4241989970545,service_start,,,1099,8,1,1,1,service_time_sampled=0.141
425.56528640741766,service_end,,,1099,8,1,1,1,duration=0.141
425.56528640741766,service_start,,,1100,7,1,1,1,service_time_sampled=0.018
425.5828609090142,service_end,,,1100,7,1,1,1,duration=0.018
425.5828609090142,service_start,,,1101,6,1,1,1,service_time_sampled=0.033
425.61547729904044,service_end,,,1101,6,1,1,1,duration=0.033
425.61547729904044,service_start,,,1102,5,1,1,1,service_time_sampled=0.010
425.6254772990404,service_end,,,1102,5,1,1,1,duration=0.010
425.6254772990404,service_start,,,1103,4,1,1,1,service_time_sampled=0.017
425.64262288181015,service_end,,,1103,4,1,1,1,duration=0.017
425.64262288181015,service_start,,,1104,3,1,1,1,service_time_sampled=0.031
425.67388223921995,service_end,,,1104,3,1,1,1,duration=0.031
425.67388223921995,service_start,,,1105,2,1,1,1,service_time_sampled=0.047
425.72120271429907,service_end,,,1105,2,1,1,1,duration=0.047
425.72120271429907,service_start,,,1106,1,1,1,1,service_time_sampled=0.127
425.848328943247,service_end,,,1106,1,1,1,1,duration=0.127
425.848328943247,service_start,,,1107,0,1,1,1,service_time_sampled=0.045
425.89372242033755,service_end,,,1107,0,1,1,1,duration=0.045
432.0,unload_end,30,2,,0,1,1,1,
432.0,passengers_spawned,30,2,,0,1,1,1,count=38
432.0,passenger_queue_arrival,,,1108,1,1,1,1,
432.0,passenger_queue_arrival,,,1109,2,1,1,1,
432.0,passenger_queue_arrival,,,1110,3,1,1,1,
432.0,passenger_queue_arrival,,,1111,4,1,1,1,
432.0,passenger_queue_arrival,,,1112,5,1,1,1,
432.0,passenger_queue_arrival,,,1113,6,1,1,1,
432.0,passenger_queue_arrival,,,1114,7,1,1,1,
432.0,passenger_queue_arrival,,,1115,8,1,1,1,
432.0,passenger_queue_arrival,,,1116,9,1,1,1,
432.0,passenger_queue_arrival,,,1117,10,1,1,1,
432.0,passenger_queue_arrival,,,1118,11,1,1,1,
432.0,passenger_queue_arrival,,,1119,12,1,1,1,
432.0,passenger_queue_arrival,,,1120,13,1,1,1,
432.0,passenger_queue_arrival,,,1121,14,1,1,1,
432.0,passenger_queue_arrival,,,1122,15,1,1,1,
432.0,passenger_queue_arrival,,,1123,16,1,1,1,
432.0,passenger_queue_arrival,,,1124,17,1,1,1,
432.0,passenger_queue_arrival,,,1125,18,1,1,1,
432.0,passenger_queue_arrival,,,1126,19,1,1,1,
432.0,passenger_queue_arrival,,,1127,20,1,1,1,
432.0,passenger_queue_arrival,,,1128,21,1,1,1,
432.0,passenger_queue_arrival,,,1129,22,1,1,1,
432.0,passenger_queue_arrival,,,1130,23,1,1,1,
432.0,passenger_queue_arrival,,,1131,24,1,1,1,
432.0,passenger_queue_arrival,,,1132,25,1,1,1,
432.0,passenger_queue_arrival,,,1133,26,1,1,1,
432.0,passenger_queue_arrival,,,1134,27,1,1,1,
432.0,passenger_queue_arrival,,,1135,28,1,1,1,
432.0,passenger_queue_arrival,,,1136,29,1,1,1,
432.0,passenger_queue_arrival,,,1137,30,1,1,1,
432.0,passenger_queue_arrival,,,1138,31,1,1,1,
432.0,passenger_queue_arrival,,,1139,32,1,1,1,
432.0,passenger_queue_arrival,,,1140,33,1,1,1,
432.0,passenger_queue_arrival,,,1141,34,1,1,1,
432.0,passenger_queue_arrival,,,1142,35,1,1,1,
432.0,passenger_queue_arrival,,,1143,36,1,1,1,
432.0,passenger_queue_arrival,,,1144,37,1,1,1,
432.0,passenger_queue_arrival,,,1145,38,1,1,1,
432.0,landing_start,31,2,,38,1,1,1,landing_time=2
432.0,service_start,,,1108,37,1,1,1,service_time_sampled=0.063
432.06280554524136,service_end,,,1108,37,1,1,1,duration=0.063
432.06280554524136,service_start,,,1109,36,1,1,1,service_time_sampled=0.079
432.1420683613131,service_end,,,1109,36,1,1,1,duration=0.079
432.1420683613131,service_start,,,1110,35,1,1,1,service_time_sampled=0.102
432.2437226449838,service_end,,,1110,35,1,1,1,duration=0.102
432.2437226449838,service_start,,,1111,34,1,1,1,service_time_sampled=0.179
432.4225591197638,service_end,,,1111,34,1,1,1,duration=0.179
432.4225591197638,service_start,,,1112,33,1,1,1,service_time_sampled=0.022
432.4445342455501,service_end,,,1112,33,1,1,1,duration=0.022
432.4445342455501,service_start,,,1113,32,1,1,1,service_time_sampled=0.010
432.45453424555006,service_end,,,1113,32,1,1,1,duration=0.010
432.45453424555006,service_start,,,1114,31,1,1,1,service_time_sampled=0.438
432.89280363363616,service_end,,,1114,31,1,1,1,duration=0.438
432.89280363363616,service_start,,,1115,30,1,1,1,service_time_sampled=0.172
433.0,plane_arrive,32,3,,30,1,1,1,air_q=1
433.0644467623866,service_end,,,1115,30,1,1,1,duration=0.172
433.0644467623866,service_start,,,1116,29,1,1,1,service_time_sampled=0.109
433.17303479895173,service_end,,,1116,29,1,1,1,duration=0.109
433.17303479895173,service_start,,,1117,28,1,1,1,service_time_sampled=0.086
433.2590560697312,service_end,,,1117,28,1,1,1,duration=0.086
433.2590560697312,service_start,,,1118,27,1,1,1,service_time_sampled=0.013
433.2719159343238,service_end,,,1118,27,1,1,1,duration=0.013
433.2719159343238,service_start,,,1119,26,1,1,1,service_time_sampled=0.050
433.32236663768623,service_end,,,1119,26,1,1,1,duration=0.050
433.32236663768623,service_start,,,1120,25,1,1,1,service_time_sampled=0.014
433.336698855801,service_end,,,1120,25,1,1,1,duration=0.014
433.336698855801,service_start,,,1121,24,1,1,1,service_time_sampled=0.016
433.3524079623728,service_end,,,1121,24,1,1,1,duration=0.016
433.3524079623728,service_start,,,1122,23,1,1,1,service_time_sampled=0.658
434.0,landing_end,31,2,,23,1,1,1,pad_q=1
434.01043887220123,service_end,,,1122,23,1,1,1,duration=0.658
434.01043887220123,service_start,,,1123,22,1,1,1,service_time_sampled=0.041
434.05179619919073,service_end,,,1123,22,1,1,1,duration=0.041
434.05179619919073,service_start,,,1124,21,1,1,1,service_time_sampled=0.231
434.282340391268,service_end,,,1124,21,1,1,1,duration=0.231
434.282340391268,service_start,,,1125,20,1,1,1,service_time_sampled=0.024
434.3062032358004,service_end,,,1125,20,1,1,1,duration=0.024
434.3062032358004,service_start,,,1126,19,1,1,1,service_time_sampled=0.033
434.3394508419769,service_end,,,1126,19,1,1,1,duration=0.033
434.3394508419769,service_start,,,1127,18,1,1,1,service_time_sampled=0.091
434.43067929997255,service_end,,,1127,18,1,1,1,duration=0.091
434.43067929997255,service_start,,,1128,17,1,1,1,service_time_sampled=0.010
434.44067929997254,service_end,,,1128,17,1,1,1,duration=0.010
434.44067929997254,service_start,,,1129,16,1,1,1,service_time_sampled=0.222
434.66263871579196,service_end,,,1129,16,1,1,1,duration=0.222
434.66263871579196,service_start,,,1130,15,1,1,1,service_time_sampled=0.038
434.70102992969026,service_end,,,1130,15,1,1,1,duration=0.038
434.70102992969026,service_start,,,1131,14,1,1,1,service_time_sampled=0.012
434.7126453215404,service_end,,,1131,14,1,1,1,duration=0.012
434.7126453215404,service_start,,,1132,13,1,1,1,service_time_sampled=0.129
434.8417009644786,service_end,,,1132,13,1,1,1,duration=0.129
434.8417009644786,service_start,,,1133,12,1,1,1,service_time_sampled=0.219
435.0,plane_arrive,33,1,,12,1,1,1,air_q=2
435.0607091712223,service_end,,,1133,12,1,1,1,duration=0.219
435.0607091712223,service_start,,,1134,11,1,1,1,service_time_sampled=0.495
435.55528143489204,service_end,,,1134,11,1,1,1,duration=0.495
435.55528143489204,service_start,,,1135,10,1,1,1,service_time_sampled=0.053
435.6079437558499,service_end,,,1135,10,1,1,1,duration=0.053
435.6079437558499,service_start,,,1136,9,1,1,1,service_time_sampled=0.065
435.6732357666502,service_end,,,1136,9,1,1,1,duration=0.065
435.6732357666502,service_start,,,1137,8,1,1,1,service_time_sampled=0.035
435.7081842273594,service_end,,,1137,8,1,1,1,duration=0.035
435.7081842273594,service_start,,,1138,7,1,1,1,service_time_sampled=0.010
435.7181842273594,service_end,,,1138,7,1,1,1,duration=0.010
435.7181842273594,service_start,,,1139,6,1,1,1,service_time_sampled=0.043
435.7615182299304,service_end,,,1139,6,1,1,1,duration=0.043
435.7615182299304,service_start,,,1140,5,1,1,1,service_time_sampled=0.227
435.9886709822448,service_end,,,1140,5,1,1,1,duration=0.227
435.9886709822448,service_start,,,1141,4,1,1,1,service_time_sampled=0.013
436.0017199977494,service_end,,,1141,4,1,1,1,duration=0.013
436.0017199977494,service_start,,,1142,3,1,1,1,service_time_sampled=0.061
436.06261369997634,service_end,,,1142,3,1,1,1,duration=0.061
436.06261369997634,service_start,,,1143,2,1,1,1,service_time_sampled=0.177
436.2395493769819,service_end,,,1143,2,1,1,1,duration=0.177
436.2395493769819,service_start,,,1144,1,1,1,1,service_time_sampled=0.157
436.396270075241,service_end,,,1144,1,1,1,1,duration=0.157
436.396270075241,service_start,,,1145,0,1,1,1,service_time_sampled=0.192
436.5886574829351,service_end,,,1145,0,1,1,1,duration=0.192
441.0,unload_end,31,2,,0,1,1,1,
441.0,passengers_spawned,31,2,,0,1,1,1,count=31
441.0,passenger_queue_arrival,,,1146,1,1,1,1,
441.0,passenger_queue_arrival,,,1147,2,1,1,1,
441.0,passenger_queue_arrival,,,1148,3,1,1,1,
441.0,passenger_queue_arrival,,,1149,4,1,1,1,
441.0,passenger_queue_arrival,,,1150,5,1,1,1,
441.0,passenger_queue_arrival,,,1151,6,1,1,1,
441.0,passenger_queue_arrival,,,1152,7,1,1,1,
441.0,passenger_queue_arrival,,,1153,8,1,1,1,
441.0,passenger_queue_arrival,,,1154,9,1,1,1,
441.0,passenger_queue_arrival,,,1155,10,1,1,1,
441.0,passenger_queue_arrival,,,1156,11,1,1,1,
441.0,passenger_queue_arrival,,,1157,12,1,1,1,
441.0,passenger_queue_arrival,,,1158,13,1,1,1,
441.0,passenger_queue_arrival,,,1159,14,1,1,1,
441.0,passenger_queue_arrival,,,1160,15,1,1,1,
441.0,passenger_queue_arrival,,,1161,16,1,1,1,
441.0,passenger_queue_arrival,,,1162,17,1,1,1,
441.0,passenger_queue_arrival,,,1163,18,1,1,1,
441.0,passenger_queue_arrival,,,1164,19,1,1,1,
441.0,passenger_queue_arrival,,,1165,20,1,1,1,
441.0,passenger_queue_arrival,,,1166,21,1,1,1,
441.0,passenger_queue_arrival,,,1167,22,1,1,1,
441.0,passenger_queue_arrival,,,1168,23,1,1,1,
441.0,passenger_queue_arrival,,,1169,24,1,1,1,
441.0,passenger_queue_arrival,,,1170,25,1,1,1,
441.0,passenger_queue_arrival,,,1171,26,1,1,1,
441.0,passenger_queue_arrival,,,1172,27,1,1,1,
441.0,passenger_queue_arrival,,,1173,28,1,1,1,
441.0,passenger_queue_arrival,,,1174,29,1,1,1,
441.0,passenger_queue_arrival,,,1175,30,1,1,1,
441.0,passenger_queue_arrival,,,1176,31,1,1,1,
441.0,landing_start,32,3,,31,1,1,1,landing_time=6
441.0,service_start,,,1146,30,1,1,1,service_time_sampled=0.050
441.05027304061304,service_end,,,1146,30,1,1,1,duration=0.050
441.05027304061304,service_start,,,1147,29,1,1,1,service_time_sampled=0.196
441.2461224577376,service_end,,,1147,29,1,1,1,duration=0.196
441.2461224577376,service_start,,,1148,28,1,1,1,service_time_sampled=0.054
441.3005129120398,service_end,,,1148,28,1,1,1,duration=0.054
441.3005129120398,service_start,,,1149,27,1,1,1,service_time_sampled=0.192
441.4927568046105,service_end,,,1149,27,1,1,1,duration=0.192
441.4927568046105,service_start,,,1150,26,1,1,1,service_time_sampled=0.342
441.83498635711163,service_end,,,1150,26,1,1,1,duration=0.342
441.83498635711163,service_start,,,1151,25,1,1,1,service_time_sampled=0.027
441.8622631741529,service_end,,,1151,25,1,1,1,duration=0.027
441.8622631741529,service_start,,,1152,24,1,1,1,service_time_sampled=0.104
441.965978647018,service_end,,,1152,24,1,1,1,duration=0.104
441.965978647018,service_start,,,1153,23,1,1,1,service_time_sampled=0.186
442.15151338177276,service_end,,,1153,23,1,1,1,duration=0.186
442.15151338177276,service_start,,,1154,22,1,1,1,service_time_sampled=0.028
442.17988857819273,service_end,,,1154,22,1,1,1,duration=0.028
442.17988857819273,service_start,,,1155,21,1,1,1,service_time_sampled=0.061
442.24125548272184,service_end,,,1155,21,1,1,1,duration=0.061
442.24125548272184,service_start,,,1156,20,1,1,1,service_time_sampled=0.013
442.2541877898416,service_end,,,1156,20,1,1,1,duration=0.013
442.2541877898416,service_start,,,1157,19,1,1,1,service_time_sampled=0.088
442.34208683538895,service_end,,,1157,19,1,1,1,duration=0.088
442.34208683538895,service_start,,,1158,18,1,1,1,service_time_sampled=0.815
443.15678154545446,service_end,,,1158,18,1,1,1,duration=0.815
443.15678154545446,service_start,,,1159,17,1,1,1,service_time_sampled=0.011
443.1678437726671,service_end,,,1159,17,1,1,1,duration=0.011
443.1678437726671,service_start,,,1160,16,1,1,1,service_time_sampled=0.168
443.33586173678793,service_end,,,1160,16,1,1,1,duration=0.168
443.33586173678793,service_start,,,1161,15,1,1,1,service_time_sampled=0.027
443.36306168695273,service_end,,,1161,15,1,1,1,duration=0.027
443.36306168695273,service_start,,,1162,14,1,1,1,service_time_sampled=0.190
443.5533513816428,service_end,,,1162,14,1,1,1,duration=0.190
443.5533513816428,service_start,,,1163,13,1,1,1,service_time_sampled=0.189
443.7424626424876,service_end,,,1163,13,1,1,1,duration=0.189
443.7424626424876,service_start,,,1164,12,1,1,1,service_time_sampled=0.064
443.806620986049,service_end,,,1164,12,1,1,1,duration=0.064
443.806620986049,service_start,,,1165,11,1,1,1,service_time_sampled=0.126
443.9325137189369,service_end,,,1165,11,1,1,1,duration=0.126
443.9325137189369,service_start,,,1166,10,1,1,1,service_time_sampled=0.186
444.11882111756364,service_end,,,1166,10,1,1,1,duration=0.186
444.11882111756364,service_start,,,1167,9,1,1,1,service_time_sampled=0.132
444.25055726395715,service_end,,,1167,9,1,1,1,duration=0.132
444.25055726395715,service_start,,,1168,8,1,1,1,service_time_sampled=0.085
444.3357709024732,service_end,,,1168,8,1,1,1,duration=0.085
444.3357709024732,service_start,,,1169,7,1,1,1,service_time_sampled=0.010
444.3457709024732,service_end,,,1169,7,1,1,1,duration=0.010
444.3457709024732,service_start,,,1170,6,1,1,1,service_time_sampled=0.178
444.5241915408065,service_end,,,1170,6,1,1,1,duration=0.178
444.5241915408065,service_start,,,1171,5,1,1,1,service_time_sampled=0.020
444.54405087909737,service_end,,,1171,5,1,1,1,duration=0.020
444.54405087909737,service_start,,,1172,4,1,1,1,service_time_sampled=0.093
444.6372615001647,service_end,,,1172,4,1,1,1,duration=0.093
444.6372615001647,service_start,,,1173,3,1,1,1,service_time_sampled=0.075
444.7125313875544,service_end,,,1173,3,1,1,1,duration=0.075
444.7125313875544,service_start,,,1174,2,1,1,1,service_time_sampled=0.108
444.82094022965464,service_end,,,1174,2,1,1,1,duration=0.108
444.82094022965464,service_start,,,1175,1,1,1,1,service_time_sampled=0.151
444.9716989929608,service_end,,,1175,1,1,1,1,duration=0.151
444.9716989929608,service_start,,,1176,0,1,1,1,service_time_sampled=0.073
445.04440333089434,service_end,,,1176,0,1,1,1,duration=0.073
447.0,landing_end,32,3,,0,1,1,1,pad_q=1
451.0,plane_arrive,34,3,,0,1,1,1,air_q=2
454.0,unload_end,32,3,,0,1,1,1,
454.0,passengers_spawned,32,3,,0,1,1,1,count=51
454.0,passenger_queue_arrival,,,1177,1,1,1,1,
454.0,passenger_queue_arrival,,,1178,2,1,1,1,
454.0,passenger_queue_arrival,,,1179,3,1,1,1,
454.0,passenger_queue_arrival,,,1180,4,1,1,1,
454.0,passenger_queue_arrival,,,1181,5,1,1,1,
454.0,passenger_queue_arrival,,,1182,6,1,1,1,
454.0,passenger_queue_arrival,,,1183,7,1,1,1,
454.0,passenger_queue_arrival,,,1184,8,1,1,1,
454.0,passenger_queue_arrival,,,1185,9,1,1,1,
454.0,passenger_queue_arrival,,,1186,10,1,1,1,
454.0,passenger_queue_arrival,,,1187,11,1,1,1,
454.0,passenger_queue_arrival,,,1188,12,1,1,1,
454.0,passenger_queue_arrival,,,1189,13,1,1,1,
454.0,passenger_queue_arrival,,,1190,14,1,1,1,
454.0,passenger_queue_arrival,,,1191,15,1,1,1,
454.0,passenger_queue_arrival,,,1192,16,1,1,1,
454.0,passenger_queue_arrival,,,1193,17,1,1,1,
454.0,passenger_queue_arrival,,,1194,18,1,1,1,
454.0,passenger_queue_arrival,,,1195,19,1,1,1,
454.0,passenger_queue_arrival,,,1196,20,1,1,1,
454.0,passenger_queue_arrival,,,1197,21,1,1,1,
454.0,passenger_queue_arrival,,,1198,22,1,1,1,
454.0,passenger_queue_arrival,,,1199,23,1,1,1,
454.0,passenger_queue_arrival,,,1200,24,1,1,1,
454.0,passenger_queue_arrival,,,1201,25,1,1,1,
454.0,passenger_queue_arrival,,,1202,26,1,1,1,
454.0,passenger_queue_arrival,,,1203,27,1,1,1,
454.0,passenger_queue_arrival,,,1204,28,1,1,1,
454.0,passenger_queue_arrival,,,1205,29,1,1,1,
454.0,passenger_queue_arrival,,,1206,30,1,1,1,
454.0,passenger_queue_arrival,,,1207,31,1,1,1,
454.0,passenger_queue_arrival,,,1208,32,1,1,1,
454.0,passenger_queue_arrival,,,1209,33,1,1,1,
454.0,passenger_queue_arrival,,,1210,34,1,1,1,
454.0,passenger_queue_arrival,,,1211,35,1,1,1,
454.0,passenger_queue_arrival,,,1212,36,1,1,1,
454.0,passenger_queue_arrival,,,1213,37,1,1,1,
454.0,passenger_queue_arrival,,,1214,38,1,1,1,
454.0,passenger_queue_arrival,,,1215,39,1,1,1,
454.0,passenger_queue_arrival,,,1216,40,1,1,1,
454.0,passenger_queue_arrival,,,1217,41,1,1,1,
454.0,passenger_queue_arrival,,,1218,42,1,1,1,
454.0,passenger_queue_arrival,,,1219,43,1,1,1,
454.0,passenger_queue_arrival,,,1220,44,1,1,1,
454.0,passenger_queue_arrival,,,1221,45,1,1,1,
454.0,passenger_queue_arrival,,,1222,46,1,1,1,
454.0,passenger_queue_arrival,,,1223,47,1,1,1,
454.0,passenger_queue_arrival,,,1224,48,1,1,1,
454.0,passenger_queue_arrival,,,1225,49,1,1,1,
454.0,passenger_queue_arrival,,,1226,50,1,1,1,
454.0,passenger_queue_arrival,,,1227,51,1,1,1,
454.0,landing_start,33,1,,51,1,1,1,landing_time=3
454.0,service_start,,,1177,50,1,1,1,service_time_sampled=0.024
454.02356196605473,service_end,,,1177,50,1,1,1,duration=0.024
454.02356196605473,service_start,,,1178,49,1,1,1,service_time_sampled=0.071
454.0942655543673,service_end,,,1178,49,1,1,1,duration=0.071
454.0942655543673,service_start,,,1179,48,1,1,1,service_time_sampled=0.154
454.24846642691233,service_end,,,1179,48,1,1,1,duration=0.154
454.24846642691233,service_start,,,1180,47,1,1,1,service_time_sampled=0.059
454.30750718229905,service_end,,,1180,47,1,1,1,duration=0.059
454.30750718229905,service_start,,,1181,46,1,1,1,service_time_sampled=0.033
454.34009849150794,service_end,,,1181,46,1,1,1,duration=0.033
454.34009849150794,service_start,,,1182,45,1,1,1,service_time_sampled=0.174
454.5137017198027,service_end,,,1182,45,1,1,1,duration=0.174
454.5137017198027,service_start,,,1183,44,1,1,1,service_time_sampled=0.427
454.9402771376841,service_end,,,1183,44,1,1,1,duration=0.427
454.9402771376841,service_start,,,1184,43,1,1,1,service_time_sampled=0.075
455.0152680859148,service_end,,,1184,43,1,1,1,duration=0.075
455.0152680859148,service_start,,,1185,42,1,1,1,service_time_sampled=0.220
455.2351368210377,service_end,,,1185,42,1,1,1,duration=0.220
455.2351368210377,service_start,,,1186,41,1,1,1,service_time_sampled=0.010
455.2451368210377,service_end,,,1186,41,1,1,1,duration=0.010
455.2451368210377,service_start,,,1187,40,1,1,1,service_time_sampled=0.299
455.54393374355396,service_end,,,1187,40,1,1,1,duration=0.299
455.54393374355396,service_start,,,1188,39,1,1,1,service_time_sampled=0.135
455.6787723515482,service_end,,,1188,39,1,1,1,duration=0.135
455.6787723515482,service_start,,,1189,38,1,1,1,service_time_sampled=0.264
455.71488126593044,failure,,,,,1,0,0,element=door
455.71488126593044,service_interrupted,,,1189,38,1,0,0,remaining=0.228
457.0,landing_end,33,1,,38,1,0,0,pad_q=1
460.0,plane_arrive,35,2,,38,1,0,0,air_q=2
464.0,unload_end,33,1,,38,1,0,0,
464.0,passengers_spawned,33,1,,38,1,0,0,count=28
464.0,passenger_queue_arrival,,,1228,39,1,0,0,
464.0,passenger_queue_arrival,,,1229,40,1,0,0,
464.0,passenger_queue_arrival,,,1230,41,1,0,0,
464.0,passenger_queue_arrival,,,1231,42,1,0,0,
464.0,passenger_queue_arrival,,,1232,43,1,0,0,
464.0,passenger_queue_arrival,,,1233,44,1,0,0,
464.0,passenger_queue_arrival,,,1234,45,1,0,0,
464.0,passenger_queue_arrival,,,1235,46,1,0,0,
464.0,passenger_queue_arrival,,,1236,47,1,0,0,
464.0,passenger_queue_arrival,,,1237,48,1,0,0,
464.0,passenger_queue_arrival,,,1238,49,1,0,0,
464.0,passenger_queue_arrival,,,1239,50,1,0,0,
464.0,passenger_queue_arrival,,,1240,51,1,0,0,
464.0,passenger_queue_arrival,,,1241,52,1,0,0,
464.0,passenger_queue_arrival,,,1242,53,1,0,0,
464.0,passenger_queue_arrival,,,1243,54,1,0,0,
464.0,passenger_queue_arrival,,,1244,55,1,0,0,
464.0,passenger_queue_arrival,,,1245,56,1,0,0,
464.0,passenger_queue_arrival,,,1246,57,1,0,0,
464.0,passenger_queue_arrival,,,1247,58,1,0,0,
464.0,passenger_queue_arrival,,,1248,59,1,0,0,
464.0,passenger_queue_arrival,,,1249,60,1,0,0,
464.0,passenger_queue_arrival,,,1250,61,1,0,0,
464.0,passenger_queue_arrival,,,1251,62,1,0,0,
464.0,passenger_queue_arrival,,,1252,63,1,0,0,
464.0,passenger_queue_arrival,,,1253,64,1,0,0,
464.0,passenger_queue_arrival,,,1254,65,1,0,0,
464.0,passenger_queue_arrival,,,1255,66,1,0,0,
464.0,landing_start,34,3,,66,1,0,0,landing_time=5
464.58514500583095,repair,,,,,1,1,1,"element=door, repair_time=8.870"
464.84241816980676,service_end,,,1189,66,1,1,1,duration=9.164
464.84241816980676,service_start,,,1190,65,1,1,1,service_time_sampled=0.036
464.8782179733964,service_end,,,1190,65,1,1,1,duration=0.036
464.8782179733964,service_start,,,1191,64,1,1,1,service_time_sampled=0.029
464.907297373427,service_end,,,1191,64,1,1,1,duration=0.029
464.907297373427,service_start,,,1192,63,1,1,1,service_time_sampled=0.109
465.015940939198,service_end,,,1192,63,1,1,1,duration=0.109
465.015940939198,service_start,,,1193,62,1,1,1,service_time_sampled=0.349
465.3651550670047,service_end,,,1193,62,1,1,1,duration=0.349
465.3651550670047,service_start,,,1194,61,1,1,1,service_time_sampled=0.057
465.42172898048165,service_end,,,1194,61,1,1,1,duration=0.057
465.42172898048165,service_start,,,1195,60,1,1,1,service_time_sampled=0.079
465.5011008666948,service_end,,,1195,60,1,1,1,duration=0.079
465.5011008666948,service_start,,,1196,59,1,1,1,service_time_sampled=0.381
465.8823333467639,service_end,,,1196,59,1,1,1,duration=0.381
465.8823333467639,service_start,,,1197,58,1,1,1,service_time_sampled=0.465
466.3471110393813,service_end,,,1197,58,1,1,1,duration=0.465
466.3471110393813,service_start,,,1198,57,1,1,1,service_time_sampled=0.100
466.44744568181267,service_end,,,1198,57,1,1,1,duration=0.100
466.44744568181267,service_start,,,1199,56,1,1,1,service_time_sampled=0.077
466.52470130747776,service_end,,,1199,56,1,1,1,duration=0.077
466.52470130747776,service_start,,,1200,55,1,1,1,service_time_sampled=0.384
466.90832044808235,service_end,,,1200,55,1,1,1,duration=0.384
466.90832044808235,service_start,,,1201,54,1,1,1,service_time_sampled=0.052
466.9600053728676,service_end,,,1201,54,1,1,1,duration=0.052
466.9600053728676,service_start,,,1202,53,1,1,1,service_time_sampled=0.019
466.9794721170197,service_end,,,1202,53,1,1,1,duration=0.019
466.9794721170197,service_start,,,1203,52,1,1,1,service_time_sampled=0.083
467.0626047584947,service_end,,,1203,52,1,1,1,duration=0.083
467.0626047584947,service_start,,,1204,51,1,1,1,service_time_sampled=0.074
467.1367763194507,service_end,,,1204,51,1,1,1,duration=0.074
467.1367763194507,service_start,,,1205,50,1,1,1,service_time_sampled=0.136
467.2724784439546,service_end,,,1205,50,1,1,1,duration=0.136
467.2724784439546,service_start,,,1206,49,1,1,1,service_time_sampled=0.060
467.33285968336816,service_end,,,1206,49,1,1,1,duration=0.060
467.33285968336816,service_start,,,1207,48,1,1,1,service_time_sampled=0.014
467.3467003601965,service_end,,,1207,48,1,1,1,duration=0.014
467.3467003601965,service_start,,,1208,47,1,1,1,service_time_sampled=0.042
467.3886958613253,service_end,,,1208,47,1,1,1,duration=0.042
467.3886958613253,service_start,,,1209,46,1,1,1,service_time_sampled=0.464
467.85295877427893,service_end,,,1209,46,1,1,1,duration=0.464
467.85295877427893,service_start,,,1210,45,1,1,1,service_time_sampled=0.096
467.94862404862954,service_end,,,1210,45,1,1,1,duration=0.096
467.94862404862954,service_start,,,1211,44,1,1,1,service_time_sampled=0.104
468.0522112431746,service_end,,,1211,44,1,1,1,duration=0.104
468.0522112431746,service_start,,,1212,43,1,1,1,service_time_sampled=0.010
468.0622112431746,service_end,,,1212,43,1,1,1,duration=0.010
468.0622112431746,service_start,,,1213,42,1,1,1,service_time_sampled=0.010
468.0722112431746,service_end,,,1213,42,1,1,1,duration=0.010
468.0722112431746,service_start,,,1214,41,1,1,1,service_time_sampled=0.158
468.2300707240057,service_end,,,1214,41,1,1,1,duration=0.158
468.2300707240057,service_start,,,1215,40,1,1,1,service_time_sampled=0.050
468.27983685423413,service_end,,,1215,40,1,1,1,duration=0.050
468.27983685423413,service_start,,,1216,39,1,1,1,service_time_sampled=0.108
468.38746484519567,service_end,,,1216,39,1,1,1,duration=0.108
468.38746484519567,service_start,,,1217,38,1,1,1,service_time_sampled=0.105
468.49251421682635,service_end,,,1217,38,1,1,1,duration=0.105
468.49251421682635,service_start,,,1218,37,1,1,1,service_time_sampled=0.156
468.6484238869338,service_end,,,1218,37,1,1,1,duration=0.156
468.6484238869338,service_start,,,1219,36,1,1,1,service_time_sampled=0.293
468.94154628934183,service_end,,,1219,36,1,1,1,duration=0.293
468.94154628934183,service_start,,,1220,35,1,1,1,service_time_sampled=0.086
469.0,landing_end,34,3,,35,1,1,1,pad_q=1
469.02762863981536,service_end,,,1220,35,1,1,1,duration=0.086
469.02762863981536,service_start,,,1221,34,1,1,1,service_time_sampled=0.094
469.1216246979771,service_end,,,1221,34,1,1,1,duration=0.094
469.1216246979771,service_start,,,1222,33,1,1,1,service_time_sampled=0.071
469.1922776088841,service_end,,,1222,33,1,1,1,duration=0.071
469.1922776088841,service_start,,,1223,32,1,1,1,service_time_sampled=0.285
469.4772421220491,service_end,,,1223,32,1,1,1,duration=0.285
469.4772421220491,service_start,,,1224,31,1,1,1,service_time_sampled=0.155
469.63174884863275,service_end,,,1224,31,1,1,1,duration=0.155
469.63174884863275,service_start,,,1225,30,1,1,1,service_time_sampled=0.372
470.00330885414525,service_end,,,1225,30,1,1,1,duration=0.372
470.00330885414525,service_start,,,1226,29,1,1,1,service_time_sampled=0.038
470.0413692309247,service_end,,,1226,29,1,1,1,duration=0.038
470.0413692309247,service_start,,,1227,28,1,1,1,service_time_sampled=0.336
470.37706336828126,service_end,,,1227,28,1,1,1,duration=0.336
470.37706336828126,service_start,,,1228,27,1,1,1,service_time_sampled=0.218
470.5946924853336,service_end,,,1228,27,1,1,1,duration=0.218
470.5946924853336,service_start,,,1229,26,1,1,1,service_time_sampled=0.013
470.60769206632295,service_end,,,1229,26,1,1,1,duration=0.013
470.60769206632295,service_start,,,1230,25,1,1,1,service_time_sampled=0.414
471.02161027767715,service_end,,,1230,25,1,1,1,duration=0.414
471.02161027767715,service_start,,,1231,24,1,1,1,service_time_sampled=0.034
471.0553378236276,service_end,,,1231,24,1,1,1,duration=0.034
471.0553378236276,service_start,,,1232,23,1,1,1,service_time_sampled=0.722
471.77777802918206,service_end,,,1232,23,1,1,1,duration=0.722
471.77777802918206,service_start,,,1233,22,1,1,1,service_time_sampled=0.042
471.8202588562971,service_end,,,1233,22,1,1,1,duration=0.042
471.8202588562971,service_start,,,1234,21,1,1,1,service_time_sampled=0.130
471.95033191369606,service_end,,,1234,21,1,1,1,duration=0.130
471.95033191369606,service_start,,,1235,20,1,1,1,service_time_sampled=0.255
472.20549202972376,service_end,,,1235,20,1,1,1,duration=0.255
472.20549202972376,service_start,,,1236,19,1,1,1,service_time_sampled=0.018
472.2231400851678,service_end,,,1236,19,1,1,1,duration=0.018
472.2231400851678,service_start,,,1237,18,1,1,1,service_time_sampled=0.177
472.3997839255439,service_end,,,1237,18,1,1,1,duration=0.177
472.3997839255439,service_start,,,1238,17,1,1,1,service_time_sampled=0.126
472.5259031016624,service_end,,,1238,17,1,1,1,duration=0.126
472.5259031016624,service_start,,,1239,16,1,1,1,service_time_sampled=0.076
472.601891382272,service_end,,,1239,16,1,1,1,duration=0.076
472.601891382272,service_start,,,1240,15,1,1,1,service_time_sampled=0.079
472.68132084280734,service_end,,,1240,15,1,1,1,duration=0.079
472.68132084280734,service_start,,,1241,14,1,1,1,service_time_sampled=0.246
472.92728488698435,service_end,,,1241,14,1,1,1,duration=0.246
472.92728488698435,service_start,,,1242,13,1,1,1,service_time_sampled=0.046
472.97327482134074,service_end,,,1242,13,1,1,1,duration=0.046
472.97327482134074,service_start,,,1243,12,1,1,1,service_time_sampled=0.258
473.23097653827324,service_end,,,1243,12,1,1,1,duration=0.258
473.23097653827324,service_start,,,1244,11,1,1,1,service_time_sampled=0.165
473.3963171129342,service_end,,,1244,11,1,1,1,duration=0.165
473.3963171129342,service_start,,,1245,10,1,1,1,service_time_sampled=0.117
473.513724271602,service_end,,,1245,10,1,1,1,duration=0.117
473.513724271602,service_start,,,1246,9,1,1,1,service_time_sampled=0.018
473.53199915616096,service_end,,,1246,9,1,1,1,duration=0.018
473.53199915616096,service_start,,,1247,8,1,1,1,service_time_sampled=0.010
473.54199915616095,service_end,,,1247,8,1,1,1,duration=0.010
473.54199915616095,service_start,,,1248,7,1,1,1,service_time_sampled=0.325
473.86709939226364,service_end,,,1248,7,1,1,1,duration=0.325
473.86709939226364,service_start,,,1249,6,1,1,1,service_time_sampled=0.188
474.0552851421362,service_end,,,1249,6,1,1,1,duration=0.188
474.0552851421362,service_start,,,1250,5,1,1,1,service_time_sampled=0.165
474.21982785795046,service_end,,,1250,5,1,1,1,duration=0.165
474.21982785795046,service_start,,,1251,4,1,1,1,service_time_sampled=0.075
474.2945041759432,service_end,,,1251,4,1,1,1,duration=0.075
474.2945041759432,service_start,,,1252,3,1,1,1,service_time_sampled=0.010
474.3045041759432,service_end,,,1252,3,1,1,1,duration=0.010
474.3045041759432,service_start,,,1253,2,1,1,1,service_time_sampled=0.034
474.33877900737275,service_end,,,1253,2,1,1,1,duration=0.034
474.33877900737275,service_start,,,1254,1,1,1,1,service_time_sampled=0.169
474.5082698534192,service_end,,,1254,1,1,1,1,duration=0.169
474.5082698534192,service_start,,,1255,0,1,1,1,service_time_sampled=0.047
474.5557019624261,service_end,,,1255,0,1,1,1,duration=0.047
476.0,unload_end,34,3,,0,1,1,1,
476.0,passengers_spawned,34,3,,0,1,1,1,count=54
476.0,passenger_queue_arrival,,,1256,1,1,1,1,
476.0,passenger_queue_arrival,,,1257,2,1,1,1,
476.0,passenger_queue_arrival,,,1258,3,1,1,1,
476.0,passenger_queue_arrival,,,1259,4,1,1,1,
476.0,passenger_queue_arrival,,,1260,5,1,1,1,
476.0,passenger_queue_arrival,,,1261,6,1,1,1,
476.0,passenger_queue_arrival,,,1262,7,1,1,1,
476.0,passenger_queue_arrival,,,1263,8,1,1,1,
476.0,passenger_queue_arrival,,,1264,9,1,1,1,
476.0,passenger_queue_arrival,,,1265,10,1,1,1,
476.0,passenger_queue_arrival,,,1266,11,1,1,1,
476.0,passenger_queue_arrival,,,1267,12,1,1,1,
476.0,passenger_queue_arrival,,,1268,13,1,1,1,
476.0,passenger_queue_arrival,,,1269,14,1,1,1,
476.0,passenger_queue_arrival,,,1270,15,1,1,1,
476.0,passenger_queue_arrival,,,1271,16,1,1,1,
476.0,passenger_queue_arrival,,,1272,17,1,1,1,
476.0,passenger_queue_arrival,,,1273,18,1,1,1,
476.0,passenger_queue_arrival,,,1274,19,1,1,1,
476.0,passenger_queue_arrival,,,1275,20,1,1,1,
476.0,passenger_queue_arrival,,,1276,21,1,1,1,
476.0,passenger_queue_arrival,,,1277,22,1,1,1,
476.0,passenger_queue_arrival,,,1278,23,1,1,1,
476.0,passenger_queue_arrival,,,1279,24,1,1,1,
476.0,passenger_queue_arrival,,,1280,25,1,1,1,
476.0,passenger_queue_arrival,,,1281,26,1,1,1,
476.0,passenger_queue_arrival,,,1282,27,1,1,1,
476.0,passenger_queue_arrival,,,1283,28,1,1,1,
476.0,passenger_queue_arrival,,,1284,29,1,1,1,
476.0,passenger_queue_arrival,,,1285,30,1,1,1,
476.0,passenger_queue_arrival,,,1286,31,1,1,1,
476.0,passenger_queue_arrival,,,1287,32,1,1,1,
476.0,passenger_queue_arrival,,,1288,33,1,1,1,
476.0,passenger_queue_arrival,,,1289,34,1,1,1,
476.0,passenger_queue_arrival,,,1290,35,1,1,1,
476.0,passenger_queue_arrival,,,1291,36,1,1,1,
476.0,passenger_queue_arrival,,,1292,37,1,1,1,
476.0,passenger_queue_arrival,,,1293,38,1,1,1,
476.0,passenger_queue_arrival,,,1294,39,1,1,1,
476.0,passenger_queue_arrival,,,1295,40,1,1,1,
476.0,passenger_queue_arrival,,,1296,41,1,1,1,
476.0,passenger_queue_arrival,,,1297,42,1,1,1,
476.0,passenger_queue_arrival,,,1298,43,1,1,1,
476.0,passenger_queue_arrival,,,1299,44,1,1,1,
476.0,passenger_queue_arrival,,,1300,45,1,1,1,
476.0,passenger_queue_arrival,,,1301,46,1,1,1,
476.0,passenger_queue_arrival,,,1302,47,1,1,1,
476.0,passenger_queue_arrival,,,1303,48,1,1,1,
476.0,passenger_queue_arrival,,,1304,49,1,1,1,
476.0,passenger_queue_arrival,,,1305,50,1,1,1,
476.0,passenger_queue_arrival,,,1306,51,1,1,1,
476.0,passenger_queue_arrival,,,1307,52,1,1,1,
476.0,passenger_queue_arrival,,,1308,53,1,1,1,
476.0,passenger_queue_arrival,,,1309,54,1,1,1,
476.0,landing_start,35,2,,54,1,1,1,landing_time=2
476.0,service_start,,,1256,53,1,1,1,service_time_sampled=0.059
476.0593813542392,service_end,,,1256,53,1,1,1,duration=0.059
476.0593813542392,service_start,,,1257,52,1,1,1,service_time_sampled=0.015
476.07424099274,service_end,,,1257,52,1,1,1,duration=0.015
476.07424099274,service_start,,,1258,51,1,1,1,service_time_sampled=0.274
476.3478240747202,service_end,,,1258,51,1,1,1,duration=0.274
476.3478240747202,service_start,,,1259,50,1,1,1,service_time_sampled=0.089
476.43691964842395,service_end,,,1259,50,1,1,1,duration=0.089
476.43691964842395,service_start,,,1260,49,1,1,1,service_time_sampled=0.077
476.5140723840353,service_end,,,1260,49,1,1,1,duration=0.077
476.5140723840353,service_start,,,1261,48,1,1,1,service_time_sampled=0.323
476.8368558394565,service_end,,,1261,48,1,1,1,duration=0.323
476.8368558394565,service_start,,,1262,47,1,1,1,service_time_sampled=0.053
476.88997951597565,service_end,,,1262,47,1,1,1,duration=0.053
476.88997951597565,service_start,,,1263,46,1,1,1,service_time_sampled=0.206
477.0961834859574,service_end,,,1263,46,1,1,1,duration=0.206
477.0961834859574,service_start,,,1264,45,1,1,1,service_time_sampled=0.026
477.12210546296717,service_end,,,1264,45,1,1,1,duration=0.026
477.12210546296717,service_start,,,1265,44,1,1,1,service_time_sampled=0.103
477.2248299098899,service_end,,,1265,44,1,1,1,duration=0.103
477.2248299098899,service_start,,,1266,43,1,1,1,service_time_sampled=0.171
477.3961436462283,service_end,,,1266,43,1,1,1,duration=0.171
477.3961436462283,service_start,,,1267,42,1,1,1,service_time_sampled=0.010
477.4061436462283,service_end,,,1267,42,1,1,1,duration=0.010
477.4061436462283,service_start,,,1268,41,1,1,1,service_time_sampled=0.107
477.51330791683273,service_end,,,1268,41,1,1,1,duration=0.107
477.51330791683273,service_start,,,1269,40,1,1,1,service_time_sampled=0.050
477.5636589620555,service_end,,,1269,40,1,1,1,duration=0.050
477.5636589620555,service_start,,,1270,39,1,1,1,service_time_sampled=0.215
477.7790911278389,service_end,,,1270,39,1,1,1,duration=0.215
477.7790911278389,service_start,,,1271,38,1,1,1,service_time_sampled=0.058
477.8366546259674,service_end,,,1271,38,1,1,1,duration=0.058
477.8366546259674,service_start,,,1272,37,1,1,1,service_time_sampled=0.010
477.8466546259674,service_end,,,1272,37,1,1,1,duration=0.010
477.8466546259674,service_start,,,1273,36,1,1,1,service_time_sampled=0.015
477.861565482411,service_end,,,1273,36,1,1,1,duration=0.015
477.861565482411,service_start,,,1274,35,1,1,1,service_time_sampled=0.252
478.0,landing_end,35,2,,35,1,1,1,pad_q=1
478.1139471058919,service_end,,,1274,35,1,1,1,duration=0.252
478.1139471058919,service_start,,,1275,34,1,1,1,service_time_sampled=0.188
478.3023715517974,service_end,,,1275,34,1,1,1,duration=0.188
478.3023715517974,service_start,,,1276,33,1,1,1,service_time_sampled=0.017
478.31940139708826,service_end,,,1276,33,1,1,1,duration=0.017
478.31940139708826,service_start,,,1277,32,1,1,1,service_time_sampled=0.295
478.6148456881699,service_end,,,1277,32,1,1,1,duration=0.295
478.6148456881699,service_start,,,1278,31,1,1,1,service_time_sampled=0.096
478.7112227654674,service_end,,,1278,31,1,1,1,duration=0.096
478.7112227654674,service_start,,,1279,30,1,1,1,service_time_sampled=0.034
478.7450232297126,service_end,,,1279,30,1,1,1,duration=0.034
478.7450232297126,service_start,,,1280,29,1,1,1,service_time_sampled=0.095
478.8404182802356,service_end,,,1280,29,1,1,1,duration=0.095
478.8404182802356,service_start,,,1281,28,1,1,1,service_time_sampled=0.030
478.870246076231,service_end,,,1281,28,1,1,1,duration=0.030
478.870246076231,service_start,,,1282,27,1,1,1,service_time_sampled=0.194
479.06381842861157,service_end,,,1282,27,1,1,1,duration=0.194
479.06381842861157,service_start,,,1283,26,1,1,1,service_time_sampled=0.134
479.19774184520145,service_end,,,1283,26,1,1,1,duration=0.134
479.19774184520145,service_start,,,1284,25,1,1,1,service_time_sampled=0.266
479.46397257206377,service_end,,,1284,25,1,1,1,duration=0.266
479.46397257206377,service_start,,,1285,24,1,1,1,service_time_sampled=0.175
479.6388735472114,service_end,,,1285,24,1,1,1,duration=0.175
479.6388735472114,service_start,,,1286,23,1,1,1,service_time_sampled=0.041
479.6795132669618,service_end,,,1286,23,1,1,1,duration=0.041
479.6795132669618,service_start,,,1287,22,1,1,1,service_time_sampled=0.125
479.804507982453,service_end,,,1287,22,1,1,1,duration=0.125
479.804507982453,service_start,,,1288,21,1,1,1,service_time_sampled=0.143
479.9474366758123,service_end,,,1288,21,1,1,1,duration=0.143
479.9474366758123,service_start,,,1289,20,1,1,1,service_time_sampled=0.055
480.0,plane_arrive,36,2,,20,1,1,1,air_q=1
480.00239877032436,service_end,,,1289,20,1,1,1,duration=0.055
480.00239877032436,service_start,,,1290,19,1,1,1,service_time_sampled=0.185
480.1874086749872,service_end,,,1290,19,1,1,1,duration=0.185
480.1874086749872,service_start,,,1291,18,1,1,1,service_time_sampled=0.120
480.3072589157875,service_end,,,1291,18,1,1,1,duration=0.120
480.3072589157875,service_start,,,1292,17,1,1,1,service_time_sampled=0.089
480.3965036496539,service_end,,,1292,17,1,1,1,duration=0.089
480.3965036496539,service_start,,,1293,16,1,1,1,service_time_sampled=0.144
480.540132493635,service_end,,,1293,16,1,1,1,duration=0.144
480.540132493635,service_start,,,1294,15,1,1,1,service_time_sampled=0.406
480.94620635402646,service_end,,,1294,15,1,1,1,duration=0.406
480.94620635402646,service_start,,,1295,14,1,1,1,service_time_sampled=0.201
481.1472600142755,service_end,,,1295,14,1,1,1,duration=0.201
481.1472600142755,service_start,,,1296,13,1,1,1,service_time_sampled=0.329
481.476615955993,service_end,,,1296,13,1,1,1,duration=0.329
481.476615955993,service_start,,,1297,12,1,1,1,service_time_sampled=0.358
481.8345583581445,service_end,,,1297,12,1,1,1,duration=0.358
481.8345583581445,service_start,,,1298,11,1,1,1,service_time_sampled=0.011
481.8453885943801,service_end,,,1298,11,1,1,1,duration=0.011
481.8453885943801,service_start,,,1299,10,1,1,1,service_time_sampled=0.238
482.08361212325696,service_end,,,1299,10,1,1,1,duration=0.238
482.08361212325696,service_start,,,1300,9,1,1,1,service_time_sampled=0.627
482.7103275124963,service_end,,,1300,9,1,1,1,duration=0.627
482.7103275124963,service_start,,,1301,8,1,1,1,service_time_sampled=0.204
482.9144272104539,service_end,,,1301,8,1,1,1,duration=0.204
482.9144272104539,service_start,,,1302,7,1,1,1,service_time_sampled=0.032
482.946190637772,service_end,,,1302,7,1,1,1,duration=0.032
482.946190637772,service_start,,,1303,6,1,1,1,service_time_sampled=0.025
482.97121932740475,service_end,,,1303,6,1,1,1,duration=0.025
482.97121932740475,service_start,,,1304,5,1,1,1,service_time_sampled=0.120
483.0908878233221,service_end,,,1304,5,1,1,1,duration=0.120
483.0908878233221,service_start,,,1305,4,1,1,1,service_time_sampled=0.133
483.22432697786894,service_end,,,1305,4,1,1,1,duration=0.133
483.22432697786894,service_start,,,1306,3,1,1,1,service_time_sampled=0.112
483.3362449174799,service_end,,,1306,3,1,1,1,duration=0.112
483.3362449174799,service_start,,,1307,2,1,1,1,service_time_sampled=0.125
483.46160770494924,service_end,,,1307,2,1,1,1,duration=0.125
483.46160770494924,service_start,,,1308,1,1,1,1,service_time_sampled=0.020
483.48168095990155,service_end,,,1308,1,1,1,1,duration=0.020
483.48168095990155,service_start,,,1309,0,1,1,1,service_time_sampled=0.180
483.6614342639897,service_end,,,1309,0,1,1,1,duration=0.180
485.0,unload_end,35,2,,0,1,1,1,
485.0,passengers_spawned,35,2,,0,1,1,1,count=33
485.0,passenger_queue_arrival,,,1310,1,1,1,1,
485.0,passenger_queue_arrival,,,1311,2,1,1,1,
485.0,passenger_queue_arrival,,,1312,3,1,1,1,
485.0,passenger_queue_arrival,,,1313,4,1,1,1,
485.0,passenger_queue_arrival,,,1314,5,1,1,1,
485.0,passenger_queue_arrival,,,1315,6,1,1,1,
485.0,passenger_queue_arrival,,,1316,7,1,1,1,
485.0,passenger_queue_arrival,,,1317,8,1,1,1,
485.0,passenger_queue_arrival,,,1318,9,1,1,1,
485.0,passenger_queue_arrival,,,1319,10,1,1,1,
485.0,passenger_queue_arrival,,,1320,11,1,1,1,
485.0,passenger_queue_arrival,,,1321,12,1,1,1,
485.0,passenger_queue_arrival,,,1322,13,1,1,1,
485.0,passenger_queue_arrival,,,1323,14,1,1,1,
485.0,passenger_queue_arrival,,,1324,15,1,1,1,
485.0,passenger_queue_arrival,,,1325,16,1,1,1,
485.0,passenger_queue_arrival,,,1326,17,1,1,1,
485.0,passenger_queue_arrival,,,1327,18,1,1,1,
485.0,passenger_queue_arrival,,,1328,19,1,1,1,
485.0,passenger_queue_arrival,,,1329,20,1,1,1,
485.0,passenger_queue_arrival,,,1330,21,1,1,1,
485.0,passenger_queue_arrival,,,1331,22,1,1,1,
485.0,passenger_queue_arrival,,,1332,23,1,1,1,
485.0,passenger_queue_arrival,,,1333,24,1,1,1,
485.0,passenger_queue_arrival,,,1334,25,1,1,1,
485.0,passenger_queue_arrival,,,1335,26,1,1,1,
485.0,passenger_queue_arrival,,,1336,27,1,1,1,
485.0,passenger_queue_arrival,,,1337,28,1,1,1,
485.0,passenger_queue_arrival,,,1338,29,1,1,1,
485.0,passenger_queue_arrival,,,1339,30,1,1,1,
485.0,passenger_queue_arrival,,,1340,31,1,1,1,
485.0,passenger_queue_arrival,,,1341,32,1,1,1,
485.0,passenger_queue_arrival,,,1342,33,1,1,1,
485.0,landing_start,36,2,,33,1,1,1,landing_time=5
485.0,service_start,,,1310,32,1,1,1,service_time_sampled=0.103
485.1032390930907,service_end,,,1310,32,1,1,1,duration=0.103
485.1032390930907,service_start,,,1311,31,1,1,1,service_time_sampled=0.172
485.2755225567459,service_end,,,1311,31,1,1,1,duration=0.172
485.2755225567459,service_start,,,1312,30,1,1,1,service_time_sampled=0.021
485.29616502385886,service_end,,,1312,30,1,1,1,duration=0.021
485.29616502385886,service_start,,,1313,29,1,1,1,service_time_sampled=0.028
485.3239847179807,service_end,,,1313,29,1,1,1,duration=0.028
485.3239847179807,service_start,,,1314,28,1,1,1,service_time_sampled=0.324
485.64751144476145,service_end,,,1314,28,1,1,1,duration=0.324
485.64751144476145,service_start,,,1315,27,1,1,1,service_time_sampled=0.321
485.8379210469703,failure,,,,,1,0,0,element=door
485.8379210469703,service_interrupted,,,1315,27,1,0,0,remaining=0.131
489.0,plane_arrive,37,1,,27,1,0,0,air_q=1
490.0,landing_end,36,2,,27,1,0,0,pad_q=1
494.24591459767316,repair,,,,,1,1,1,"element=door, repair_time=8.408"
494.4689216900754,service_end,,,1315,27,1,1,1,duration=8.821
494.4689216900754,service_start,,,1316,26,1,1,1,service_time_sampled=0.088
494.55649095467663,service_end,,,1316,26,1,1,1,duration=0.088
494.55649095467663,service_start,,,1317,25,1,1,1,service_time_sampled=0.256
494.8125974536301,service_end,,,1317,25,1,1,1,duration=0.256
494.8125974536301,service_start,,,1318,24,1,1,1,service_time_sampled=0.081
494.89375150823827,service_end,,,1318,24,1,1,1,duration=0.081
494.89375150823827,service_start,,,1319,23,1,1,1,service_time_sampled=0.201
495.0943646448194,service_end,,,1319,23,1,1,1,duration=0.201
495.0943646448194,service_start,,,1320,22,1,1,1,service_time_sampled=0.010
495.1043646448194,service_end,,,1320,22,1,1,1,duration=0.010
495.1043646448194,service_start,,,1321,21,1,1,1,service_time_sampled=0.167
495.2711183070087,service_end,,,1321,21,1,1,1,duration=0.167
495.2711183070087,service_start,,,1322,20,1,1,1,service_time_sampled=0.268
495.53952839825104,service_end,,,1322,20,1,1,1,duration=0.268
495.53952839825104,service_start,,,1323,19,1,1,1,service_time_sampled=0.032
495.5716214424809,service_end,,,1323,19,1,1,1,duration=0.032
495.5716214424809,service_start,,,1324,18,1,1,1,service_time_sampled=0.108
495.6798580400095,service_end,,,1324,18,1,1,1,duration=0.108
495.6798580400095,service_start,,,1325,17,1,1,1,service_time_sampled=0.011
495.6908586416182,service_end,,,1325,17,1,1,1,duration=0.011
495.6908586416182,service_start,,,1326,16,1,1,1,service_time_sampled=0.118
495.80866804021707,service_end,,,1326,16,1,1,1,duration=0.118
495.80866804021707,service_start,,,1327,15,1,1,1,service_time_sampled=0.053
495.86212573378367,service_end,,,1327,15,1,1,1,duration=0.053
495.86212573378367,service_start,,,1328,14,1,1,1,service_time_sampled=0.041
495.9031792617423,service_end,,,1328,14,1,1,1,duration=0.041
495.9031792617423,service_start,,,1329,13,1,1,1,service_time_sampled=0.346
496.249613543976,service_end,,,1329,13,1,1,1,duration=0.346
496.249613543976,service_start,,,1330,12,1,1,1,service_time_sampled=0.044
496.29343962073875,service_end,,,1330,12,1,1,1,duration=0.044
496.29343962073875,service_start,,,1331,11,1,1,1,service_time_sampled=0.013
496.30653535406486,service_end,,,1331,11,1,1,1,duration=0.013
496.30653535406486,service_start,,,1332,10,1,1,1,service_time_sampled=0.065
496.37142984806235,service_end,,,1332,10,1,1,1,duration=0.065
496.37142984806235,service_start,,,1333,9,1,1,1,service_time_sampled=0.080
496.4513265189923,service_end,,,1333,9,1,1,1,duration=0.080
496.4513265189923,service_start,,,1334,8,1,1,1,service_time_sampled=0.013
496.4646182297205,service_end,,,1334,8,1,1,1,duration=0.013
496.4646182297205,service_start,,,1335,7,1,1,1,service_time_sampled=0.063
496.52722864579044,service_end,,,1335,7,1,1,1,duration=0.063
496.52722864579044,service_start,,,1336,6,1,1,1,service_time_sampled=0.042
496.5693486038998,service_end,,,1336,6,1,1,1,duration=0.042
496.5693486038998,service_start,,,1337,5,1,1,1,service_time_sampled=0.168
496.73709616864795,service_end,,,1337,5,1,1,1,duration=0.168
496.73709616864795,service_start,,,1338,4,1,1,1,service_time_sampled=0.139
496.8761946769932,service_end,,,1338,4,1,1,1,duration=0.139
496.8761946769932,service_start,,,1339,3,1,1,1,service_time_sampled=0.075
496.9515750871718,service_end,,,1339,3,1,1,1,duration=0.075
496.9515750871718,service_start,,,1340,2,1,1,1,service_time_sampled=0.049
497.0,unload_end,36,2,,2,1,1,1,
497.0,passengers_spawned,36,2,,2,1,1,1,count=44
497.0,passenger_queue_arrival,,,1343,3,1,1,1,
497.0,passenger_queue_arrival,,,1344,4,1,1,1,
497.0,passenger_queue_arrival,,,1345,5,1,1,1,
497.0,passenger_queue_arrival,,,1346,6,1,1,1,
497.0,passenger_queue_arrival,,,1347,7,1,1,1,
497.0,passenger_queue_arrival,,,1348,8,1,1,1,
497.0,passenger_queue_arrival,,,1349,9,1,1,1,
497.0,passenger_queue_arrival,,,1350,10,1,1,1,
497.0,passenger_queue_arrival,,,1351,11,1,1,1,
497.0,passenger_queue_arrival,,,1352,12,1,1,1,
497.0,passenger_queue_arrival,,,1353,13,1,1,1,
497.0,passenger_queue_arrival,,,1354,14,1,1,1,
497.0,passenger_queue_arrival,,,1355,15,1,1,1,
497.0,passenger_queue_arrival,,,1356,16,1,1,1,
497.0,passenger_queue_arrival,,,1357,17,1,1,1,
497.0,passenger_queue_arrival,,,1358,18,1,1,1,
497.0,passenger_queue_arrival,,,1359,19,1,1,1,
497.0,passenger_queue_arrival,,,1360,20,1,1,1,
497.0,passenger_queue_arrival,,,1361,21,1,1,1,
497.0,passenger_queue_arrival,,,1362,22,1,1,1,
497.0,passenger_queue_arrival,,,1363,23,1,1,1,
497.0,passenger_queue_arrival,,,1364,24,1,1,1,
497.0,passenger_queue_arrival,,,1365,25,1,1,1,
497.0,passenger_queue_arrival,,,1366,26,1,1,1,
497.0,passenger_queue_arrival,,,1367,27,1,1,1,
497.0,passenger_queue_arrival,,,1368,28,1,1,1,
497.0,passenger_queue_arrival,,,1369,29,1,1,1,
497.0,passenger_queue_arrival,,,1370,30,1,1,1,
497.0,passenger_queue_arrival,,,1371,31,1,1,1,
497.0,passenger_queue_arrival,,,1372,32,1,1,1,
497.0,passenger_queue_arrival,,,1373,33,1,1,1,
497.0,passenger_queue_arrival,,,1374,34,1,1,1,
497.0,passenger_queue_arrival,,,1375,35,1,1,1,
497.0,passenger_queue_arrival,,,1376,36,1,1,1,
497.0,passenger_queue_arrival,,,1377,37,1,1,1,
497.0,passenger_queue_arrival,,,1378,38,1,1,1,
497.0,passenger_queue_arrival,,,1379,39,1,1,1,
497.0,passenger_queue_arrival,,,1380,40,1,1,1,
497.0,passenger_queue_arrival,,,1381,41,1,1,1,
497.0,passenger_queue_arrival,,,1382,42,1,1,1,
497.0,passenger_queue_arrival,,,1383,43,1,1,1,
497.0,passenger_queue_arrival,,,1384,44,1,1,1,
497.0,passenger_queue_arrival,,,1385,45,1,1,1,
497.0,passenger_queue_arrival,,,1386,46,1,1,1,
497.0,landing_start,37,1,,46,1,1,1,landing_time=3
497.0010630981045,service_end,,,1340,46,1,1,1,duration=0.049
497.0010630981045,service_start,,,1341,45,1,1,1,service_time_sampled=0.097
497.09818475983883,service_end,,,1341,45,1,1,1,duration=0.097
497.09818475983883,service_start,,,1342,44,1,1,1,service_time_sampled=0.268
497.36666294420723,service_end,,,1342,44,1,1,1,duration=0.268
497.36666294420723,service_start,,,1343,43,1,1,1,service_time_sampled=0.083
497.44982368376355,service_end,,,1343,43,1,1,1,duration=0.083
497.44982368376355,service_start,,,1344,42,1,1,1,service_time_sampled=0.172
497.6215210235437,service_end,,,1344,42,1,1,1,duration=0.172
497.6215210235437,service_start,,,1345,41,1,1,1,service_time_sampled=0.024
497.6454275504548,service_end,,,1345,41,1,1,1,duration=0.024
497.6454275504548,service_start,,,1346,40,1,1,1,service_time_sampled=0.219
497.8640351051857,service_end,,,1346,40,1,1,1,duration=0.219
497.8640351051857,service_start,,,1347,39,1,1,1,service_time_sampled=0.169
498.0327914885924,service_end,,,1347,39,1,1,1,duration=0.169
498.0327914885924,service_start,,,1348,38,1,1,1,service_time_sampled=0.048
498.08077856223457,service_end,,,1348,38,1,1,1,duration=0.048
498.08077856223457,service_start,,,1349,37,1,1,1,service_time_sampled=0.453
498.53331935781364,service_end,,,1349,37,1,1,1,duration=0.453
498.53331935781364,service_start,,,1350,36,1,1,1,service_time_sampled=0.017
498.5506585118521,service_end,,,1350,36,1,1,1,duration=0.017
498.5506585118521,service_start,,,1351,35,1,1,1,service_time_sampled=0.017
498.56785919327,service_end,,,1351,35,1,1,1,duration=0.017
498.56785919327,service_start,,,1352,34,1,1,1,service_time_sampled=0.279
498.8465409364418,service_end,,,1352,34,1,1,1,duration=0.279
498.8465409364418,service_start,,,1353,33,1,1,1,service_time_sampled=0.031
498.8771145283224,service_end,,,1353,33,1,1,1,duration=0.031
498.8771145283224,service_start,,,1354,32,1,1,1,service_time_sampled=0.089
498.96641193055933,service_end,,,1354,32,1,1,1,duration=0.089
498.96641193055933,service_start,,,1355,31,1,1,1,service_time_sampled=0.127
499.09361412193255,service_end,,,1355,31,1,1,1,duration=0.127
499.09361412193255,service_start,,,1356,30,1,1,1,service_time_sampled=0.194
499.2877763156214,service_end,,,1356,30,1,1,1,duration=0.194
499.2877763156214,service_start,,,1357,29,1,1,1,service_time_sampled=0.035
499.3228809827609,service_end,,,1357,29,1,1,1,duration=0.035
499.3228809827609,service_start,,,1358,28,1,1,1,service_time_sampled=0.010
499.3328809827609,service_end,,,1358,28,1,1,1,duration=0.010
499.3328809827609,service_start,,,1359,27,1,1,1,service_time_sampled=0.350
499.68325323579694,service_end,,,1359,27,1,1,1,duration=0.350
499.68325323579694,service_start,,,1360,26,1,1,1,service_time_sampled=0.238
499.9213890595363,service_end,,,1360,26,1,1,1,duration=0.238
499.9213890595363,service_start,,,1361,25,1,1,1,service_time_sampled=0.089
500.0,sim_end,,,,25,1,1,1,"planes=37, pax_spawned=1386, served=1360, avg_service=0.173, avg_queue=12.719, max_queue=93, availability=0.8450, gate_down=77.498, scanner_fail=1, door_fail=9"
